image_name,method,iou,dice,precision,recall,mask_area,area_ratio,dino_score,sam_score,inference_time
00/0004bef1.jpg,main_object,1.0,1.0,1.0,1.0,1615,0.0246429443359375,,0.9712631702423096,16.07462939999823
00/0004bef1.jpg,hint,0.17317177782543428,0.2952198153733662,0.17317177782543428,1.0,9326,0.142303466796875,0.6590985059738159,0.9720634818077087,16.292383399995742
00/0004bef1.jpg,carpet,0.0,0.0,0.0,0.0,7354,0.112213134765625,0.6192629933357239,0.9794760942459106,0.2754251000005752
00/0004bef1.jpg,rug,0.0,0.0,0.0,0.0,7367,0.1124114990234375,0.5904645919799805,0.9787454605102539,0.2924815000005765
00/0004bef1.jpg,area_rug,0.0,0.0,0.0,0.0,7395,0.1128387451171875,0.6439247727394104,0.9788153171539307,0.2738821000093594
00/00a98975.jpg,main_object,1.0,1.0,1.0,1.0,24883,0.3796844482421875,,0.9736890196800232,10.95566009999311
00/00a98975.jpg,hint,0.0,0.0,0.0,0.0,3497,0.0533599853515625,0.2912752032279968,0.9584274291992188,0.5967212000105064
00/00a98975.jpg,carpet,0.9458542905044963,0.9721738108759082,0.9480216926367248,0.9975887151870755,26184,0.3995361328125,0.6223598718643188,0.992416262626648,0.3133797000045888
00/00a98975.jpg,rug,0.9459325585825872,0.9722151514558164,0.9479914464640293,0.9977092794277217,26188,0.39959716796875,0.6680665612220764,0.9914278388023376,0.3197255999984918
00/00a98975.jpg,area_rug,0.9458542905044963,0.9721738108759082,0.9480216926367248,0.9975887151870755,26184,0.3995361328125,0.6778730154037476,0.9926183819770813,0.3251888999948278
04/04351089.jpg,main_object,1.0,1.0,1.0,1.0,8079,0.1232757568359375,,0.9032492637634277,12.239005900002667
04/04351089.jpg,hint,0.387627777511158,0.5586912914159231,0.38766498680105593,0.9997524446094813,20835,0.3179168701171875,0.3754463493824005,0.9499800205230713,0.5021857999963686
04/04351089.jpg,carpet,0.0,0.0,0.0,0.0,648,0.0098876953125,0.2920167148113251,0.9292102456092834,0.2728253999957815
04/04351089.jpg,rug,0.0,0.0,0.0,0.0,0,0.0,,,0.2634094999957597
04/04351089.jpg,area_rug,0.0,0.0,0.0,0.0,651,0.0099334716796875,0.32702332735061646,0.9292207360267639,0.27735560000292026
04/048bd865.jpg,main_object,0.0,0.0,0.0,0.0,0,0.0,,0.9231725335121155,10.809104300002218
04/048bd865.jpg,hint,0.34928282054089566,0.5177310719792259,0.34928282054089566,1.0,45665,0.9290568033854166,0.5757726430892944,0.9826233983039856,0.5888343000115128
04/048bd865.jpg,carpet,0.0,0.0,0.0,0.0,0,0.0,0.320361852645874,0.9666225910186768,0.3533919000037713
04/048bd865.jpg,rug,0.0,0.0,0.0,0.0,0,0.0,,,0.34418460000597406
04/048bd865.jpg,area_rug,0.0,0.0,0.0,0.0,732,0.014892578125,0.26938873529434204,0.9736302495002747,0.34794659999897704
07/07cd3c4b.jpg,main_object,0.0,0.0,0.0,0.0,0,0.0,,0.9462735652923584,11.436248300000443
07/07cd3c4b.jpg,hint,0.007240017551557701,0.014375952951426704,0.010532795294439505,0.02263485375532801,43863,0.6692962646484375,0.5415074229240417,0.9872056245803833,0.5146264999930281
07/07cd3c4b.jpg,carpet,0.09171525158003038,0.16802046403087556,1.0,0.09171525158003038,1872,0.028564453125,0.25755634903907776,0.6816409230232239,0.3130879000091227
07/07cd3c4b.jpg,rug,0.9270939301458121,0.9621678690832307,0.9880227155394941,0.9376316691979815,19370,0.295562744140625,0.27797654271125793,0.9336392879486084,0.32434260001173243
07/07cd3c4b.jpg,area_rug,0.9270939301458121,0.9621678690832307,0.9880227155394941,0.9376316691979815,19370,0.295562744140625,0.2978578507900238,0.9334496855735779,0.29526260000420734
09/097bb159.jpg,main_object,0.0,0.0,0.0,0.0,0,0.0,,0.9233461022377014,11.338340100002824
09/097bb159.jpg,hint,0.6699849519620327,0.8023844181049421,0.9983183131387177,0.6707419532404323,23191,0.3538665771484375,0.4305534064769745,0.9835208058357239,0.5094163000030676
09/097bb159.jpg,carpet,0.0,0.0,0.0,0.0,586,0.008941650390625,0.5125885605812073,0.9686480164527893,0.2791365000011865
09/097bb159.jpg,rug,0.0,0.0,0.0,0.0,585,0.0089263916015625,0.43586885929107666,0.9695337414741516,0.2921429999987595
09/097bb159.jpg,area_rug,0.0,0.0,0.0,0.0,591,0.0090179443359375,0.46820443868637085,0.968524694442749,0.2719777000020258
0a/0adc8403.jpg,main_object,1.0,1.0,1.0,1.0,61262,0.9384497549019608,,0.9942734241485596,10.561501100004534
0a/0adc8403.jpg,hint,0.9815583291942384,0.9906933495047504,0.9815583291942384,1.0,62413,0.9560814950980392,0.5503341555595398,0.9776992201805115,0.49799309999798425
0a/0adc8403.jpg,carpet,0.9841601336589128,0.9920168407416403,0.9841601336589128,1.0,62248,0.9535539215686275,0.3473548889160156,0.9795693159103394,0.2772963999886997
0a/0adc8403.jpg,rug,0.990140936126196,0.9950460473955203,0.990140936126196,1.0,61872,0.9477941176470588,0.2983638346195221,0.9798405170440674,0.28753600000345614
0a/0adc8403.jpg,area_rug,0.9836860528597579,0.9917759430144083,0.9836860528597579,1.0,62278,0.9540134803921568,0.4200343191623688,0.98051518201828,0.2768443999957526
0b/0b802d13.jpg,main_object,1.0,1.0,1.0,1.0,37062,0.565521240234375,,0.9332318305969238,10.75500259999535
0b/0b802d13.jpg,hint,0.9075259324652395,0.951521462455166,0.9087292817679558,0.9985429820301117,40725,0.6214141845703125,0.4761028289794922,0.9654107093811035,0.4941638000018429
0b/0b802d13.jpg,carpet,0.9090752751572327,0.9523723731452765,0.9103948825193751,0.9984080729588257,40645,0.6201934814453125,0.6276181936264038,0.965949535369873,0.28150330000789836
0b/0b802d13.jpg,rug,0.90878502836653,0.9522130725681935,0.9101037926115402,0.9984080729588257,40658,0.620391845703125,0.6534273028373718,0.9659596681594849,0.2693823000008706
0b/0b802d13.jpg,area_rug,0.9048655256723717,0.9500571179196242,0.906039611232159,0.9985699638443689,40847,0.6232757568359375,0.6285189986228943,0.9659652709960938,0.31649640000250656
0c/0c789496.jpg,main_object,0.0,0.0,0.0,0.0,0,0.0,,0.9614385366439819,10.507875199997216
0c/0c789496.jpg,hint,0.021254863813229573,0.04162499404676859,0.6556639159789948,0.02149479845552249,1333,0.0203399658203125,0.3378879129886627,0.967021107673645,0.5366604000009829
0c/0c789496.jpg,carpet,0.0,0.0,0.0,0.0,4908,0.07489013671875,0.34383711218833923,0.9782524108886719,0.2803775000065798
0c/0c789496.jpg,rug,0.0,0.0,0.0,0.0,4910,0.074920654296875,0.27268901467323303,0.9780135750770569,0.26986549999855924
0c/0c789496.jpg,area_rug,0.0,0.0,0.0,0.0,4914,0.074981689453125,0.39357349276542664,0.9783373475074768,0.29992080001102295
0c/0cbfca58.jpg,main_object,1.0,1.0,1.0,1.0,20256,0.5346283783783784,,0.9573966264724731,10.384209800002282
0c/0cbfca58.jpg,hint,0.6086538461538461,0.7567244471010162,0.6086538461538461,1.0,33280,0.8783783783783784,0.399206280708313,1.0007528066635132,0.6257411000115098
0c/0cbfca58.jpg,carpet,0.6089466089466089,0.7569506726457399,0.6089466089466089,1.0,33264,0.877956081081081,0.42093491554260254,0.9994145631790161,0.41784520000510383
0c/0cbfca58.jpg,rug,0.6090198436560433,0.757007250168174,0.6090198436560433,1.0,33260,0.8778505067567568,0.4595184326171875,0.9988110065460205,0.41438109999580774
0c/0cbfca58.jpg,area_rug,0.6067577282530554,0.7552572706935123,0.6067577282530554,1.0,33384,0.8811233108108109,0.41146591305732727,1.0028021335601807,0.4086902999988524
0d/0dc8bb97.jpg,main_object,0.0,0.0,0.0,0.0,0,0.0,,0.9220874309539795,11.00722250000399
0d/0dc8bb97.jpg,hint,0.0,0.0,0.0,0.0,32454,0.495208740234375,0.603224515914917,0.9726284742355347,0.5090906999976141
0d/0dc8bb97.jpg,carpet,0.0,0.0,0.0,0.0,33068,0.50457763671875,0.5782372355461121,0.975627601146698,0.2819747000030475
0d/0dc8bb97.jpg,rug,0.0,0.0,0.0,0.0,33129,0.5055084228515625,0.6794256567955017,0.9762154817581177,0.2789117999927839
0d/0dc8bb97.jpg,area_rug,0.0,0.0,0.0,0.0,32132,0.49029541015625,0.6394401788711548,0.9740801453590393,0.29265710001345724
0e/0eaddd3d.jpg,main_object,1.0,1.0,1.0,1.0,37319,0.5694427490234375,,1.001930594444275,10.828695300006075
0e/0eaddd3d.jpg,hint,0.8984128513282436,0.9464883791738556,0.8987591856402843,0.999571263967416,41505,0.6333160400390625,0.7114934325218201,0.985723078250885,0.5263025999884121
0e/0eaddd3d.jpg,carpet,0.8978290170405314,0.9461642845366578,0.89817490128094,0.999571263967416,41532,0.63372802734375,0.847622275352478,0.9858273863792419,0.28973829999449663
0e/0eaddd3d.jpg,rug,0.8982614139857446,0.946404333320648,0.8986076315282328,0.999571263967416,41512,0.6334228515625,0.8669043779373169,0.9857832789421082,0.28756730000895914
0e/0eaddd3d.jpg,area_rug,0.8981532757084728,0.9463443097062256,0.89849940988029,0.999571263967416,41517,0.6334991455078125,0.8115758895874023,0.9857029914855957,0.2857374000013806
11/115c92fe.jpg,main_object,1.0,1.0,1.0,1.0,600,0.0091552734375,,0.8894862532615662,10.660817099997075
11/115c92fe.jpg,hint,0.010650740325992286,0.021076995050845787,0.010696523629820308,0.7133333333333334,40013,0.6105499267578125,0.3754751980304718,0.961135983467102,0.501489499991294
11/115c92fe.jpg,carpet,0.0,0.0,0.0,0.0,0,0.0,,,0.2695135000103619
11/115c92fe.jpg,rug,0.0,0.0,0.0,0.0,0,0.0,,,0.27948869999090675
11/115c92fe.jpg,area_rug,0.0,0.0,0.0,0.0,0,0.0,,,0.2658129000046756
11/1191417b.jpg,main_object,1.0,1.0,1.0,1.0,13295,0.2028656005859375,,1.0004994869232178,10.917009099997813
11/1191417b.jpg,hint,0.9894040730442624,0.9946738186076379,0.9990893914099256,0.9902971041745017,13178,0.201080322265625,0.6298865079879761,0.9821503758430481,0.5211198999895714
11/1191417b.jpg,carpet,0.9891051168382298,0.9945227212631738,0.9989376233115799,0.9901466716810832,13178,0.201080322265625,0.6657769083976746,0.9846221804618835,0.2873782999959076
11/1191417b.jpg,rug,0.9897054403366397,0.9948260885985121,0.9990139563106796,0.9906731854080482,13184,0.201171875,0.7697471380233765,0.9844194054603577,0.30092490000242833
11/1191417b.jpg,area_rug,0.9896302975653742,0.9947881259913891,0.9990138815140711,0.9905979691613388,13183,0.2011566162109375,0.7328317165374756,0.9843900203704834,0.2878160999971442
12/126f9fb9.jpg,main_object,1.0,1.0,1.0,1.0,3025,0.0461578369140625,,0.9348526000976562,10.424256600002991
12/126f9fb9.jpg,hint,0.0,0.0,0.0,0.0,35709,0.5448760986328125,0.43889981508255005,1.0056976079940796,0.5067355999926804
12/126f9fb9.jpg,carpet,0.0,0.0,0.0,0.0,0,0.0,,,0.269434400004684
12/126f9fb9.jpg,rug,0.0,0.0,0.0,0.0,0,0.0,,,0.28207729999849107
12/126f9fb9.jpg,area_rug,0.06441926828229481,0.1210411539923574,0.06441926828229481,1.0,46958,0.716522216796875,0.31385236978530884,0.9637289047241211,0.2898547999939183
13/139d7518.jpg,main_object,1.0,1.0,1.0,1.0,2266,0.034576416015625,,0.9380074739456177,10.49941290001152
13/139d7518.jpg,hint,0.0,0.0,0.0,0.0,4385,0.0669097900390625,0.4182864725589752,0.9595272541046143,0.518000199997914
13/139d7518.jpg,carpet,0.0,0.0,0.0,0.0,1992,0.0303955078125,0.2781990170478821,0.9597117304801941,0.3108957999938866
13/139d7518.jpg,rug,0.0,0.0,0.0,0.0,2034,0.031036376953125,0.2964708209037781,0.995135486125946,0.28727499999513384
13/139d7518.jpg,area_rug,0.0,0.0,0.0,0.0,1972,0.03009033203125,0.2967455983161926,0.9595832228660583,0.2862085000087973
13/13b61d5c.jpg,main_object,1.0,1.0,1.0,1.0,5239,0.10943766711229946,,1.000083565711975,10.825171399992541
13/13b61d5c.jpg,hint,0.14005025662959794,0.24569137336741154,0.14005025662959794,1.0,37408,0.7814171122994652,0.5150954127311707,0.9223842620849609,0.5926026000088314
13/13b61d5c.jpg,carpet,0.0,0.0,0.0,0.0,3500,0.07311163101604277,0.3437175750732422,0.9796543121337891,0.3479248999938136
13/13b61d5c.jpg,rug,0.13959127121579495,0.24498480243161094,0.13959127121579495,1.0,37531,0.7839864639037433,0.30529019236564636,0.9240947365760803,0.3533899000030942
13/13b61d5c.jpg,area_rug,0.0,0.0,0.0,0.0,3495,0.07300718582887701,0.3884582221508026,0.9801820516586304,0.34579539998958353
17/1788b0de.jpg,main_object,1.0,1.0,1.0,1.0,1497,0.022931985294117645,,0.8938159942626953,10.442299799993634
17/1788b0de.jpg,hint,0.024245663476021573,0.04734345351043643,0.024245663476021573,1.0,61743,0.9458180147058823,0.6356297135353088,0.9569166898727417,0.5253204000036931
17/1788b0de.jpg,carpet,0.0,0.0,0.0,0.0,0,0.0,,,0.2846907000057399
17/1788b0de.jpg,rug,0.5737830586431583,0.729176814417925,0.5737830586431583,1.0,2609,0.03996629901960784,0.2642363905906677,0.9677717089653015,0.2908692000055453
17/1788b0de.jpg,area_rug,0.0242389896373057,0.04733073019586765,0.0242389896373057,1.0,61760,0.946078431372549,0.2749556005001068,0.9583028554916382,0.2924448999983724
18/18fd2995.jpg,main_object,1.0,1.0,1.0,1.0,59268,0.90435791015625,,0.9808950424194336,10.546968800001196
18/18fd2995.jpg,hint,0.9967541750054658,0.9983744493763108,0.9967541750054658,1.0,59461,0.9073028564453125,0.6231560707092285,0.9630436897277832,0.5106515000079526
18/18fd2995.jpg,carpet,0.0870452858203415,0.16015024756701382,1.0,0.0870452858203415,5159,0.0787200927734375,0.2878269553184509,0.9105669260025024,0.288111799993203
18/18fd2995.jpg,rug,0.021512451913342782,0.042118824637034834,1.0,0.021512451913342782,1275,0.0194549560546875,0.27098315954208374,0.9593982100486755,0.3258326999930432
18/18fd2995.jpg,area_rug,0.19163798339744886,0.32163792371081473,1.0,0.19163798339744886,11358,0.173309326171875,0.33652666211128235,0.9210203886032104,0.27824270000564866
1b/1beafe81.jpg,main_object,1.0,1.0,1.0,1.0,40118,0.9328031994047619,,1.0117697715759277,10.775973600000725
1b/1beafe81.jpg,hint,0.7463981255296874,0.8547857611829522,1.0,0.7463981255296874,29944,0.6962425595238095,0.6273285150527954,0.9891600012779236,0.6307218999863835
1b/1beafe81.jpg,carpet,0.7463731990627649,0.8547694152238763,1.0,0.7463731990627649,29943,0.6962193080357143,0.38689878582954407,0.9925658106803894,0.3923055000050226
1b/1beafe81.jpg,rug,0.7463981255296874,0.8547857611829522,1.0,0.7463981255296874,29944,0.6962425595238095,0.39121145009994507,0.9909298419952393,0.3872250999993412
1b/1beafe81.jpg,area_rug,0.74642305199661,0.8548021066754207,1.0,0.74642305199661,29945,0.6962658110119048,0.4539000689983368,0.9895035028457642,0.38548440000158735
1d/1de38477.jpg,main_object,1.0,1.0,1.0,1.0,20950,0.319671630859375,,0.980679988861084,11.494442099996377
1d/1de38477.jpg,hint,0.0,0.0,0.0,0.0,13530,0.206451416015625,0.5792692303657532,0.960827112197876,0.6165063000080409
1d/1de38477.jpg,carpet,0.0,0.0,0.0,0.0,9387,0.1432342529296875,0.6282321214675903,0.9055424928665161,0.3369916999945417
1d/1de38477.jpg,rug,0.0,0.0,0.0,0.0,9338,0.142486572265625,0.6010340452194214,0.8997211456298828,0.29923689999850467
1d/1de38477.jpg,area_rug,0.0,0.0,0.0,0.0,9350,0.142669677734375,0.6437616348266602,0.9019274115562439,0.445376399991801
1f/1f2efb1c.jpg,main_object,1.0,1.0,1.0,1.0,46519,0.9366744523195877,,0.9898315668106079,10.481447799989837
1f/1f2efb1c.jpg,hint,0.9906723172263986,0.9953143052762207,0.9906723172263986,1.0,46957,0.9454937177835051,0.49207770824432373,0.9782698154449463,0.5254262999951607
1f/1f2efb1c.jpg,carpet,0.993083278184574,0.9965296373256786,0.993083278184574,1.0,46843,0.9431982925257731,0.5510419607162476,0.9809538125991821,0.3220913999975892
1f/1f2efb1c.jpg,rug,0.9918763326226013,0.9959216005309413,0.9918763326226013,1.0,46900,0.9443460051546392,0.5672339797019958,0.9796267747879028,0.31298259999311995
1f/1f2efb1c.jpg,area_rug,0.9918763326226013,0.9959216005309413,0.9918763326226013,1.0,46900,0.9443460051546392,0.591292679309845,0.9801158905029297,0.36228469999332447
1f/1f9d4b5e.jpg,main_object,1.0,1.0,1.0,1.0,3979,0.0607147216796875,,0.9223509430885315,10.007663199998206
1f/1f9d4b5e.jpg,hint,0.2691448303879748,0.4241357234314981,0.2692177446664409,0.9989947222920331,14765,0.2252960205078125,0.6514105200767517,1.0042089223861694,0.5228599999973085
1f/1f9d4b5e.jpg,carpet,0.0,0.0,0.0,0.0,0,0.0,0.3440367579460144,0.9661189317703247,0.250149200001033
1f/1f9d4b5e.jpg,rug,0.0,0.0,0.0,0.0,0,0.0,0.34710490703582764,0.966985821723938,0.25253510000766255
1f/1f9d4b5e.jpg,area_rug,0.0,0.0,0.0,0.0,0,0.0,0.32572534680366516,0.9636343121528625,0.25107840000418946
1f/1fe12cbe.jpg,main_object,1.0,1.0,1.0,1.0,39399,0.6011810302734375,,0.9741236567497253,10.980605300006573
1f/1fe12cbe.jpg,hint,0.6303638283574926,0.7732799481850031,0.6303638283574926,1.0,62502,0.953704833984375,0.614888072013855,0.9620672464370728,0.4997581000061473
1f/1fe12cbe.jpg,carpet,0.6303234889450613,0.7732495952112262,0.6303234889450613,1.0,62506,0.953765869140625,0.7463961839675903,0.9615073204040527,0.28416809999907855
1f/1fe12cbe.jpg,rug,0.630353743020335,0.7732723597181606,0.630353743020335,1.0,62503,0.9537200927734375,0.8233605623245239,0.9612138867378235,0.28599810000741854
1f/1fe12cbe.jpg,area_rug,0.6299405218726016,0.772961360760425,0.6299405218726016,1.0,62544,0.954345703125,0.779990017414093,0.9602808952331543,0.3039500000013504
20/204b09e4.jpg,main_object,1.0,1.0,1.0,1.0,24741,0.3775177001953125,,1.0143734216690063,12.075732899989816
20/204b09e4.jpg,hint,0.0,0.0,0.0,0.0,3169,0.0483551025390625,0.25137096643447876,0.993986189365387,0.6512149999907706
20/204b09e4.jpg,carpet,0.9974140369307851,0.998705344499737,0.9996760215445673,0.9977365506648882,24693,0.3767852783203125,0.6474795937538147,0.9876221418380737,0.35086069999670144
20/204b09e4.jpg,rug,0.9974140369307851,0.998705344499737,0.9996760215445673,0.9977365506648882,24693,0.3767852783203125,0.7134174108505249,0.9875026345252991,0.34331399999791756
20/204b09e4.jpg,area_rug,0.9974544426037416,0.998725599271771,0.9996760346642909,0.9977769694030152,24694,0.376800537109375,0.7067091464996338,0.9870738387107849,0.36563630000455305
20/20dc9925.jpg,main_object,1.0,1.0,1.0,1.0,61289,0.9351959228515625,,0.9803475141525269,14.24222829999053
20/20dc9925.jpg,hint,0.9956007429856291,0.9977955224611768,0.9986108614293419,0.9969815138116138,61189,0.9336700439453125,0.5532197952270508,0.9500840902328491,0.6783955999999307
20/20dc9925.jpg,carpet,0.9959372807518478,0.9979645055546926,1.0,0.9959372807518478,61040,0.931396484375,0.37436094880104065,0.9907248616218567,0.3838947000040207
20/20dc9925.jpg,rug,0.9967699309939804,0.9983823529411765,0.9998363633388424,0.9969325653869373,61111,0.9324798583984375,0.37710443139076233,0.9521781802177429,0.37321439999504946
20/20dc9925.jpg,area_rug,0.5745892411362561,0.7298274700792705,1.0,0.5745892411362561,35216,0.537353515625,0.40934091806411743,0.9575405716896057,0.37095319999207277
21/2156a065.jpg,main_object,0.0,0.0,0.0,0.0,0,0.0,,0.9536139965057373,11.750937899996643
21/2156a065.jpg,hint,0.8990400430634887,0.9468363201159019,0.9031453720671734,0.9949693860665233,33287,0.5079193115234375,0.47771671414375305,0.9802870750427246,0.5449709999957122
21/2156a065.jpg,carpet,0.9050213739538804,0.9501430129106683,0.909181636726547,0.9949693860665233,33066,0.504547119140625,0.8566346168518066,0.9808877110481262,0.30773619998944923
21/2156a065.jpg,rug,0.9029012493993273,0.9489733108161429,0.907041998551774,0.9949693860665233,33144,0.5057373046875,0.858988881111145,0.9807694554328918,0.28239720000419766
21/2156a065.jpg,area_rug,0.9071514785757393,0.9513156021074949,0.9113313932339032,0.9949693860665233,32988,0.50335693359375,0.7836345434188843,0.9809554815292358,0.2677496000105748
22/22daf266.jpg,main_object,0.0,0.0,0.0,0.0,0,0.0,,0.9480270147323608,10.78469749999931
22/22daf266.jpg,hint,0.06847507935853568,0.12817347017516784,0.06850049488617618,0.9946107784431137,24248,0.4426109813084112,0.6888052225112915,0.9776521921157837,0.5394298000028357
22/22daf266.jpg,carpet,0.004872929005172801,0.00969859743360191,0.005539457985341742,0.038922155688622756,11734,0.2141866238317757,0.29913750290870667,0.9792306423187256,0.33241760000237264
22/22daf266.jpg,rug,0.0,0.0,0.0,0.0,0,0.0,,,0.28774640000483487
22/22daf266.jpg,area_rug,0.0046718408560018085,0.009300232505812646,0.005315956443453657,0.037125748502994015,11663,0.212890625,0.3100624978542328,0.9832152128219604,0.41609740001149476
23/236fe5cb.jpg,main_object,1.0,1.0,1.0,1.0,20975,0.3200531005859375,,1.0112231969833374,10.271461099997396
23/236fe5cb.jpg,hint,0.9973793300614666,0.9986879458002338,0.9994270435446906,0.9979499404052443,20944,0.319580078125,0.5904205441474915,0.9981917142868042,0.46862689999397844
23/236fe5cb.jpg,carpet,0.9972840329727927,0.9986401698594842,0.9994269888262821,0.9978545887961859,20942,0.319549560546875,0.7315691113471985,0.9997470378875732,0.2530322999955388
23/236fe5cb.jpg,rug,0.9972840329727927,0.9986401698594842,0.9994269888262821,0.9978545887961859,20942,0.319549560546875,0.7446632385253906,1.0002626180648804,0.2761311000067508
23/236fe5cb.jpg,area_rug,0.9972840329727927,0.9986401698594842,0.9994269888262821,0.9978545887961859,20942,0.319549560546875,0.745374321937561,0.9989414811134338,0.253429899996263
23/237122ba.jpg,main_object,0.0,0.0,0.0,0.0,0,0.0,,0.9069185256958008,10.930455099995015
23/237122ba.jpg,hint,0.13367852318775325,0.23583144684062116,0.13508656186727938,0.9276675519450086,43957,0.6707305908203125,0.4080769717693329,0.9668488502502441,0.6035492000082741
23/237122ba.jpg,carpet,0.0,0.0,0.0,0.0,0,0.0,,,0.3343468999955803
23/237122ba.jpg,rug,0.0,0.0,0.0,0.0,0,0.0,,,0.35438129999965895
23/237122ba.jpg,area_rug,0.0,0.0,0.0,0.0,0,0.0,,,0.2825197000056505
25/256d9dac.jpg,main_object,1.0,1.0,1.0,1.0,867,0.017279177295918366,,0.9002768993377686,10.573446599999443
25/256d9dac.jpg,hint,0.058356330349330285,0.11027728313406258,0.058356330349330285,1.0,14857,0.29609773596938777,0.500751793384552,0.973922848701477,0.5323927999997977
25/256d9dac.jpg,carpet,0.0,0.0,0.0,0.0,2740,0.054607780612244895,0.6962473392486572,0.9807613492012024,0.322352499992121
25/256d9dac.jpg,rug,0.0,0.0,0.0,0.0,2740,0.054607780612244895,0.6774266362190247,0.9811911582946777,0.3280285999935586
25/256d9dac.jpg,area_rug,0.0,0.0,0.0,0.0,2699,0.053790656887755105,0.6758984327316284,0.9791272282600403,0.3359768000082113
26/26f44697.jpg,main_object,1.0,1.0,1.0,1.0,10644,0.16241455078125,,1.0078959465026855,10.213885100005427
26/26f44697.jpg,hint,0.0,0.0,0.0,0.0,11341,0.1730499267578125,0.3759942352771759,0.999611496925354,0.4474688000045717
26/26f44697.jpg,carpet,0.0,0.0,0.0,0.0,0,0.0,,,0.254076699988218
26/26f44697.jpg,rug,0.0,0.0,0.0,0.0,0,0.0,,,0.26728349999757484
26/26f44697.jpg,area_rug,0.0,0.0,0.0,0.0,0,0.0,,,0.2530815999925835
27/27df8881.jpg,main_object,1.0,1.0,1.0,1.0,15490,0.236358642578125,,0.9984498620033264,10.053129899999476
27/27df8881.jpg,hint,0.9961960025789813,0.9980943767966151,0.9987072587421627,0.9974822466107166,15471,0.2360687255859375,0.7984066605567932,0.9937422871589661,0.44917680000071414
27/27df8881.jpg,carpet,0.0,0.0,0.0,0.0,0,0.0,,,0.2703502000076696
27/27df8881.jpg,rug,0.0,0.0,0.0,0.0,2326,0.035491943359375,0.2723976969718933,0.9645292162895203,0.2832644000009168
27/27df8881.jpg,area_rug,0.0,0.0,0.0,0.0,0,0.0,,,0.2824308999988716
28/28215d4c.jpg,main_object,1.0,1.0,1.0,1.0,61445,0.9375762939453125,,0.9685269594192505,9.83015449999948
28/28215d4c.jpg,hint,0.9852323381329571,0.9925612425390312,0.9852323381329571,1.0,62366,0.951629638671875,0.6141335964202881,0.9438374042510986,0.493060200009495
28/28215d4c.jpg,carpet,0.8109691594108552,0.8956189620310042,1.0,0.8109691594108552,49830,0.760345458984375,0.4704698324203491,0.9813836812973022,0.3446036999957869
28/28215d4c.jpg,rug,0.8077142159654976,0.8936304298897142,1.0,0.8077142159654976,49630,0.757293701171875,0.5145902037620544,0.9802007675170898,0.2493347999989055
28/28215d4c.jpg,area_rug,0.8127431035885752,0.896699705523235,1.0,0.8127431035885752,49939,0.7620086669921875,0.5635296106338501,0.9821510314941406,0.2686531999934232
2b/2b1a39bf.jpg,main_object,0.0,0.0,0.0,0.0,0,0.0,,0.8836237192153931,10.124308099999325
2b/2b1a39bf.jpg,hint,0.569826834433786,0.725974129037378,0.7657610255429064,0.6901174695549089,41812,0.63800048828125,0.5286924839019775,0.9612596035003662,0.5029969000024721
2b/2b1a39bf.jpg,carpet,0.5698179745663092,0.7259669385856431,0.7664095438865466,0.6895786183856019,41744,0.636962890625,0.8489238619804382,0.9613235592842102,0.2546120999904815
2b/2b1a39bf.jpg,rug,0.5700286849466388,0.7261379239908762,0.7667641278818962,0.6896001724323741,41726,0.636688232421875,0.8615856170654297,0.9617864489555359,0.25592179999512155
2b/2b1a39bf.jpg,area_rug,0.5700495137676771,0.7261548234867048,0.7664822664463443,0.6898588209936416,41757,0.6371612548828125,0.7940505146980286,0.9621903896331787,0.25928579999890644
2c/2cc8fc8f.jpg,main_object,1.0,1.0,1.0,1.0,22924,0.34979248046875,,0.9206782579421997,9.863470199998119
2c/2cc8fc8f.jpg,hint,0.8794243028667527,0.9358443450213297,0.8947515021288448,0.9808933868434828,25131,0.3834686279296875,0.5646854639053345,0.9767343997955322,0.4850819999992382
2c/2cc8fc8f.jpg,carpet,0.8781145044130282,0.9351022020752324,0.8934318750745023,0.9808497644390158,25167,0.3840179443359375,0.7222666144371033,0.976157009601593,0.25783919999958016
2c/2cc8fc8f.jpg,rug,0.8766615990332515,0.9342777616218686,0.8917836466016338,0.9810242540568836,25218,0.384796142578125,0.7537705302238464,0.9762953519821167,0.28200249999645166
2c/2cc8fc8f.jpg,area_rug,0.8754768392370572,0.9336045329071626,0.8904858059151918,0.9811114988658175,25257,0.3853912353515625,0.7560096979141235,0.9762784838676453,0.2800464999891119
2e/2e3b78ed.jpg,main_object,1.0,1.0,1.0,1.0,8672,0.13232421875,,0.9608498215675354,10.02670400000352
2e/2e3b78ed.jpg,hint,0.1365583270345175,0.2403014852582576,0.1365583270345175,1.0,63504,0.968994140625,0.5331218838691711,0.9880253672599792,0.46556120000605006
2e/2e3b78ed.jpg,carpet,0.1365583270345175,0.2403014852582576,0.1365583270345175,1.0,63504,0.968994140625,0.2780933082103729,0.9835279583930969,0.26520569999411236
2e/2e3b78ed.jpg,rug,0.1568457225538072,0.2711610018448454,0.1568457225538072,1.0,55290,0.843658447265625,0.3075815439224243,0.9704832434654236,0.28319760000158567
2e/2e3b78ed.jpg,area_rug,0.15798870468209145,0.2728674365186747,0.15798870468209145,1.0,54890,0.837554931640625,0.3389247953891754,0.9720293283462524,0.2865102000068873
2e/2e4dc35f.jpg,main_object,1.0,1.0,1.0,1.0,41059,0.6265106201171875,,1.010903239250183,10.344719799992163
2e/2e4dc35f.jpg,hint,0.9454713280258452,0.9719714851673052,0.9473732889382168,0.9978810979322439,43248,0.659912109375,0.4081738591194153,0.9740660786628723,0.4755440000008093
2e/2e4dc35f.jpg,carpet,0.9933761932593026,0.996677091477717,0.9998774419687723,0.9934971626196449,40797,0.6225128173828125,0.7780656814575195,0.9765956997871399,0.26516629999969155
2e/2e4dc35f.jpg,rug,0.9928649701692439,0.9964197123550472,0.9998528618372652,0.9930100586960228,40778,0.622222900390625,0.8135514855384827,0.9754806160926819,0.2586779999983264
2e/2e4dc35f.jpg,area_rug,0.992791915256301,0.9963829215240609,0.9998528510116493,0.9929369931074795,40775,0.6221771240234375,0.7249463796615601,0.9747958779335022,0.26241870000376366
2e/2ef410af.jpg,main_object,1.0,1.0,1.0,1.0,612,0.00933837890625,,0.9552994966506958,10.111078600006294
2e/2ef410af.jpg,hint,0.0,0.0,0.0,0.0,6409,0.0977935791015625,0.3923759162425995,0.9717001914978027,0.4660327000019606
2e/2ef410af.jpg,carpet,0.0,0.0,0.0,0.0,6394,0.097564697265625,0.7012733221054077,0.9745217561721802,0.27214749999984633
2e/2ef410af.jpg,rug,0.0,0.0,0.0,0.0,6398,0.097625732421875,0.6702550649642944,0.9741159677505493,0.28136860000086017
2e/2ef410af.jpg,area_rug,0.0,0.0,0.0,0.0,6408,0.0977783203125,0.7179023027420044,0.9736722111701965,0.27270110000972636
30/300958b4.jpg,main_object,1.0,1.0,1.0,1.0,61331,0.9358367919921875,,1.0056097507476807,9.784017899990431
30/300958b4.jpg,hint,0.9895061429424775,0.9947253960010387,0.9901455549991115,0.9993478012750485,61901,0.9445343017578125,0.6508006453514099,0.9487681984901428,0.46369309999863617
30/300958b4.jpg,carpet,0.5760056089090346,0.7309689834261003,1.0,0.5760056089090346,35327,0.5390472412109375,0.43286800384521484,0.9642856121063232,0.27785910000966396
30/300958b4.jpg,rug,0.571374997961879,0.7272293357129517,1.0,0.571374997961879,35043,0.5347137451171875,0.4552314877510071,0.9634886980056763,0.2629949999973178
30/300958b4.jpg,area_rug,0.5707880191094227,0.726753721273018,1.0,0.5707880191094227,35007,0.5341644287109375,0.4727400541305542,0.9627866744995117,0.2683508000045549
30/300f359a.jpg,main_object,1.0,1.0,1.0,1.0,36782,0.561248779296875,,0.9847120046615601,10.088479700003518
30/300f359a.jpg,hint,0.9657410083282978,0.9825719708107241,0.9663249211356467,0.9993746941438747,38040,0.5804443359375,0.48240232467651367,0.9926364421844482,0.4675744000123814
30/300f359a.jpg,carpet,0.0,0.0,0.0,0.0,0,0.0,,,0.29006039998785127
30/300f359a.jpg,rug,0.9665763799405686,0.9830041586991696,0.9672377042709402,0.999293132510467,38001,0.5798492431640625,0.25570598244667053,0.9922279119491577,0.26175140000123065
30/300f359a.jpg,area_rug,0.0,0.0,0.0,0.0,0,0.0,,,0.2530395999929169
30/30366fa9.jpg,main_object,1.0,1.0,1.0,1.0,15755,0.2404022216796875,,1.00114905834198,9.930938400008017
30/30366fa9.jpg,hint,0.0218103222425989,0.04268957118133453,0.028553666745267853,0.08454458901935893,46649,0.7118072509765625,0.4123217761516571,0.9761423468589783,0.46744790000957437
30/30366fa9.jpg,carpet,0.0,0.0,0.0,0.0,44534,0.679534912109375,0.8444207906723022,0.9536087512969971,0.27126210001006257
30/30366fa9.jpg,rug,0.0,0.0,0.0,0.0,45156,0.68902587890625,0.8600155711174011,0.957897424697876,0.2823903000098653
30/30366fa9.jpg,area_rug,0.0,0.0,0.0,0.0,44538,0.679595947265625,0.7870169878005981,0.9565002918243408,0.26646420000179205
31/31347f65.jpg,main_object,0.0,0.0,0.0,0.0,0,0.0,,0.9142067432403564,10.13690559999668
31/31347f65.jpg,hint,0.9961104140526976,0.998051417436671,0.9977378408948095,0.9983651911468813,7957,0.1214141845703125,0.6815406084060669,0.9490686655044556,0.4603406999958679
31/31347f65.jpg,carpet,0.0,0.0,0.0,0.0,14046,0.214324951171875,0.6129196882247925,0.9706929922103882,0.26735890000418294
31/31347f65.jpg,rug,0.0,0.0,0.0,0.0,13923,0.2124481201171875,0.599795401096344,0.9711623191833496,0.2543329000036465
31/31347f65.jpg,area_rug,0.0,0.0,0.0,0.0,14075,0.2147674560546875,0.6412050127983093,0.9707323312759399,0.2559746000042651
31/31a48655.jpg,main_object,0.0,0.0,0.0,0.0,0,0.0,,0.9249423742294312,9.832890499994392
31/31a48655.jpg,hint,0.16658327495913805,0.2855917422011266,0.16662496037902674,0.9985004498650405,59943,0.9146575927734375,0.6166064143180847,0.9417294263839722,0.47240109999256674
31/31a48655.jpg,carpet,0.0,0.0,0.0,0.0,525,0.0080108642578125,0.35291317105293274,0.992791473865509,0.40270599999348633
31/31a48655.jpg,rug,0.0,0.0,0.0,0.0,0,0.0,,,0.24415009999938775
31/31a48655.jpg,area_rug,0.0,0.0,0.0,0.0,525,0.0080108642578125,0.36133530735969543,0.9938175082206726,0.2845323999936227
31/31be17e1.jpg,main_object,1.0,1.0,1.0,1.0,12926,0.197235107421875,,0.9924995303153992,10.055700600001728
31/31be17e1.jpg,hint,0.9963695349915032,0.9981814664345134,0.9984518925613438,0.9979111867553767,12919,0.1971282958984375,0.47596871852874756,0.9937835931777954,0.46334940000087954
31/31be17e1.jpg,carpet,0.9962922910551522,0.9981427023680545,0.9984517727202353,0.9978338233018722,12918,0.197113037109375,0.7669385075569153,0.9962996244430542,0.25577880001219455
31/31be17e1.jpg,rug,0.9964465044418694,0.9982200897693856,0.9985291840842235,0.9979111867553767,12918,0.197113037109375,0.8115262985229492,0.9952148795127869,0.2565136000048369
31/31be17e1.jpg,area_rug,0.9964465044418694,0.9982200897693856,0.9985291840842235,0.9979111867553767,12918,0.197113037109375,0.7771095037460327,0.995955765247345,0.260334700011299
31/31c513f5.jpg,main_object,1.0,1.0,1.0,1.0,1035,0.0157928466796875,,0.9351685643196106,10.074497999987216
31/31c513f5.jpg,hint,0.9754485363550519,0.9875717017208413,0.9772942289498581,0.9980676328502416,1057,0.0161285400390625,0.45090094208717346,0.9786818623542786,0.4796625999879325
31/31c513f5.jpg,carpet,0.0,0.0,0.0,0.0,1148,0.01751708984375,0.5747619271278381,0.9742608666419983,0.2771969000023091
31/31c513f5.jpg,rug,0.0,0.0,0.0,0.0,1152,0.017578125,0.5596286058425903,0.9732502102851868,0.24759020000055898
31/31c513f5.jpg,area_rug,0.0,0.0,0.0,0.0,1090,0.016632080078125,0.5190430879592896,0.9706814289093018,0.29266069999721367
33/336f1651.jpg,main_object,1.0,1.0,1.0,1.0,36672,0.5595703125,,1.0003174543380737,10.363179399995715
33/336f1651.jpg,hint,0.7657868359505513,0.867360454115421,0.7657868359505513,1.0,47888,0.730712890625,0.7274250984191895,0.978712260723114,0.4824932000046829
33/336f1651.jpg,carpet,0.7655470429826942,0.8672066213420041,0.7655470429826942,1.0,47903,0.7309417724609375,0.7600980401039124,0.9748461246490479,0.2895548999949824
33/336f1651.jpg,rug,0.7656589276766327,0.8672784031785072,0.7656589276766327,1.0,47896,0.7308349609375,0.8026829361915588,0.9748207330703735,0.26347759999043774
33/336f1651.jpg,area_rug,0.7659307838509576,0.8674527799789477,0.7659307838509576,1.0,47879,0.7305755615234375,0.7737259268760681,0.9769234657287598,0.25099680000857916
34/3489b1a0.jpg,main_object,1.0,1.0,1.0,1.0,30899,0.8810161952554745,,0.924423336982727,10.041714999999385
34/3489b1a0.jpg,hint,0.037476941001326904,0.07224631125807156,1.0,0.037476941001326904,1158,0.03301779197080292,0.3962201476097107,0.9930520057678223,0.5473299000004772
34/3489b1a0.jpg,carpet,0.994816150428231,0.9974013396820273,0.9948802163833076,0.9999352729861808,31056,0.885492700729927,0.3887685239315033,0.9656105041503906,0.35226650000549853
34/3489b1a0.jpg,rug,0.994816150428231,0.9974013396820273,0.9948802163833076,0.9999352729861808,31056,0.885492700729927,0.42300453782081604,0.9655748605728149,0.34088750000228174
34/3489b1a0.jpg,area_rug,0.994816150428231,0.9974013396820273,0.9948802163833076,0.9999352729861808,31056,0.885492700729927,0.3740476667881012,0.9659186005592346,0.341315300000133
34/348b756e.jpg,main_object,1.0,1.0,1.0,1.0,614,0.009368896484375,,0.9550726413726807,10.13495530000364
34/348b756e.jpg,hint,0.0,0.0,0.0,0.0,15421,0.2353057861328125,0.4207285940647125,0.9326156377792358,0.47011619999830145
34/348b756e.jpg,carpet,0.0,0.0,0.0,0.0,9583,0.1462249755859375,0.7560939788818359,0.9642145037651062,0.274091800005408
34/348b756e.jpg,rug,0.0,0.0,0.0,0.0,9584,0.146240234375,0.7027285099029541,0.9649870991706848,0.257531299997936
34/348b756e.jpg,area_rug,0.0,0.0,0.0,0.0,15203,0.2319793701171875,0.7848552465438843,0.9587008953094482,0.2556565999984741
38/385b4be9.jpg,main_object,0.0,0.0,0.0,0.0,0,0.0,,0.8963941335678101,9.811909700001706
38/385b4be9.jpg,hint,0.0,0.0,0.0,0.0,16337,0.2492828369140625,0.41618746519088745,0.9747325778007507,0.5601155000040308
38/385b4be9.jpg,carpet,0.0,0.0,0.0,0.0,0,0.0,,,0.2606212999962736
38/385b4be9.jpg,rug,0.0,0.0,0.0,0.0,0,0.0,,,0.24378129999968223
38/385b4be9.jpg,area_rug,0.03222499242724328,0.06243792325056433,0.032319125070106564,0.9171087533156499,42792,0.6529541015625,0.36429888010025024,0.9702077507972717,0.26126810000278056
38/3860a41b.jpg,main_object,1.0,1.0,1.0,1.0,908,0.01385498046875,,0.9279042482376099,11.028827999994974
38/3860a41b.jpg,hint,0.0,0.0,0.0,0.0,6271,0.0956878662109375,0.3392319083213806,0.9570632576942444,0.48270780000893865
38/3860a41b.jpg,carpet,0.0,0.0,0.0,0.0,2720,0.04150390625,0.39415445923805237,0.962946891784668,0.2855695000034757
38/3860a41b.jpg,rug,0.0,0.0,0.0,0.0,1203,0.0183563232421875,0.366474449634552,0.9539168477058411,0.2626096000021789
38/3860a41b.jpg,area_rug,0.0,0.0,0.0,0.0,2721,0.0415191650390625,0.3743334114551544,0.9630053043365479,0.2822448000079021
39/390f58df.jpg,main_object,1.0,1.0,1.0,1.0,745,0.0113677978515625,,0.936660885810852,10.491379900005995
39/390f58df.jpg,hint,0.035603345280764635,0.06875865251499769,0.035603345280764635,1.0,20925,0.3192901611328125,0.8098069429397583,0.9982727766036987,0.5920341000019107
39/390f58df.jpg,carpet,0.0,0.0,0.0,0.0,5232,0.079833984375,0.6976919770240784,0.9659387469291687,0.38513209999655373
39/390f58df.jpg,rug,0.0,0.0,0.0,0.0,5229,0.0797882080078125,0.6567778587341309,0.9658501744270325,0.27789290000509936
39/390f58df.jpg,area_rug,0.0,0.0,0.0,0.0,5233,0.0798492431640625,0.6870057582855225,0.964924693107605,0.337313299998641
39/39a52159.jpg,main_object,0.0,0.0,0.0,0.0,0,0.0,,0.898105263710022,12.96427080000285
39/39a52159.jpg,hint,0.3687606969501417,0.5388242046572647,0.9971170624383583,0.369154284751285,13181,0.2011260986328125,0.6183499097824097,0.966498076915741,0.5681686000025366
39/39a52159.jpg,carpet,0.367326899337897,0.5372919958142685,0.9968783310491853,0.3677499087155577,13134,0.200408935546875,0.7355859875679016,0.9649815559387207,0.3041265000065323
39/39a52159.jpg,rug,0.36752328582650656,0.5375020515345479,0.9968799939121833,0.3679465213605595,13141,0.2005157470703125,0.7959926128387451,0.9648785591125488,0.354088000007323
39/39a52159.jpg,area_rug,0.36757939625182356,0.5375620563738563,0.9968804686905577,0.36800269640198857,13143,0.2005462646484375,0.7467937469482422,0.9645349383354187,0.30603800000972115
3a/3a076e29.jpg,main_object,1.0,1.0,1.0,1.0,20010,0.305328369140625,,0.9804854989051819,12.536708800005727
3a/3a076e29.jpg,hint,0.0,0.0,0.0,0.0,19782,0.301849365234375,0.28540486097335815,0.9452034831047058,0.5849523000069894
3a/3a076e29.jpg,carpet,0.9979525593008739,0.9989752305731211,0.9992499624981249,0.9987006496751624,19999,0.3051605224609375,0.700355589389801,1.0005730390548706,0.32615370000712574
3a/3a076e29.jpg,rug,0.9979525593008739,0.9989752305731211,0.9992499624981249,0.9987006496751624,19999,0.3051605224609375,0.742727518081665,1.000174880027771,0.30294619999767747
3a/3a076e29.jpg,area_rug,0.9979525593008739,0.9989752305731211,0.9992499624981249,0.9987006496751624,19999,0.3051605224609375,0.70939040184021,1.0003297328948975,0.323697900006664
3c/3ca993cf.jpg,main_object,1.0,1.0,1.0,1.0,11974,0.26277212078651685,,0.9433343410491943,12.135891199999605
3c/3ca993cf.jpg,hint,0.9938405193940403,0.9969107455957251,0.996661101836394,0.9971605144479706,11980,0.26290379213483145,0.4418491721153259,0.9881808757781982,0.6612358999991557
3c/3ca993cf.jpg,carpet,0.0,0.0,0.0,0.0,816,0.017907303370786515,0.36735859513282776,0.9633323550224304,0.39026149999699555
3c/3ca993cf.jpg,rug,0.0,0.0,0.0,0.0,0,0.0,,,0.38786839999374934
3c/3ca993cf.jpg,area_rug,0.0,0.0,0.0,0.0,818,0.01795119382022472,0.39180606603622437,0.9646160006523132,0.3796119000035105
3d/3d172f30.jpg,main_object,1.0,1.0,1.0,1.0,29084,0.44378662109375,,1.00972318649292,11.13580479999655
3d/3d172f30.jpg,hint,0.6629115919840961,0.7972902410201446,0.6640192263675898,0.9974900288818594,43690,0.666656494140625,0.5533794164657593,0.9748045802116394,0.48217709999880753
3d/3d172f30.jpg,carpet,0.6624823115899028,0.7969796814936848,0.6633604534235304,0.9980057763718884,43756,0.66766357421875,0.8144403696060181,0.9733801484107971,0.2562478000036208
3d/3d172f30.jpg,rug,0.6623613710008671,0.7968921590160334,0.6632391920299789,0.9980057763718884,43764,0.66778564453125,0.8342627882957458,0.9746197462081909,0.27373549999902025
3d/3d172f30.jpg,area_rug,0.6633299051536967,0.7975927121834595,0.6642407598123355,0.9979370100398844,43695,0.6667327880859375,0.7829199433326721,0.9746263027191162,0.28101460001198575
3d/3d68d6f3.jpg,main_object,1.0,1.0,1.0,1.0,5259,0.0802459716796875,,0.8846800327301025,12.207678299993859
3d/3d68d6f3.jpg,hint,0.2701243960111031,0.42535108664858956,0.27017994858611827,0.999239399125309,19450,0.296783447265625,0.36529871821403503,0.9495322704315186,0.585875799995847
3d/3d68d6f3.jpg,carpet,0.0,0.0,0.0,0.0,8716,0.13299560546875,0.6687328219413757,0.949235200881958,0.3355454999982612
3d/3d68d6f3.jpg,rug,0.0,0.0,0.0,0.0,8712,0.1329345703125,0.6161936521530151,0.9484424591064453,0.3433368999976665
3d/3d68d6f3.jpg,area_rug,0.0,0.0,0.0,0.0,8712,0.1329345703125,0.6603882908821106,0.9486693739891052,0.315484299993841
41/4141f557.jpg,main_object,1.0,1.0,1.0,1.0,17581,0.2682647705078125,,0.9989492297172546,12.726217400006135
41/4141f557.jpg,hint,0.0,0.0,0.0,0.0,2513,0.0383453369140625,0.3977810740470886,0.9894935488700867,0.5481544999929611
41/4141f557.jpg,carpet,0.0,0.0,0.0,0.0,0,0.0,,,0.329333100002259
41/4141f557.jpg,rug,0.0,0.0,0.0,0.0,0,0.0,,,0.2947068999928888
41/4141f557.jpg,area_rug,0.0,0.0,0.0,0.0,0,0.0,,,0.29113329999381676
41/41c3d695.jpg,main_object,1.0,1.0,1.0,1.0,39562,0.603668212890625,,1.0349349975585938,11.766607600002317
41/41c3d695.jpg,hint,0.9179951270449008,0.9572444831591173,0.9180164292012809,0.9999747232192508,43094,0.657562255859375,0.509880781173706,0.9839956760406494,0.4927658000087831
41/41c3d695.jpg,carpet,0.9179951270449008,0.9572444831591173,0.9180164292012809,0.9999747232192508,43094,0.657562255859375,0.8150215744972229,0.9842347502708435,0.2687160000059521
41/41c3d695.jpg,rug,0.9179951270449008,0.9572444831591173,0.9180164292012809,0.9999747232192508,43094,0.657562255859375,0.8357036709785461,0.9841006994247437,0.26931439999316353
41/41c3d695.jpg,area_rug,0.9179951270449008,0.9572444831591173,0.9180164292012809,0.9999747232192508,43094,0.657562255859375,0.7826456427574158,0.9840843677520752,0.26724339999782387
43/432bf992.jpg,main_object,1.0,1.0,1.0,1.0,51923,0.7922821044921875,,1.0090903043746948,11.768324700009543
43/432bf992.jpg,hint,0.0,0.0,0.0,0.0,6496,0.09912109375,0.3075374662876129,0.9836090207099915,0.5127389999979641
43/432bf992.jpg,carpet,0.07158125830492808,0.13359930989864136,0.998925020155872,0.07158677272114478,3721,0.0567779541015625,0.27835971117019653,0.7939271330833435,0.3444061999907717
43/432bf992.jpg,rug,0.0,0.0,0.0,0.0,0,0.0,,,0.26226420000602957
43/432bf992.jpg,area_rug,0.04566025381785969,0.08733286677225681,0.9983157894736842,0.04566377135373534,2375,0.0362396240234375,0.2756793797016144,0.7777509093284607,0.2761258000100497
45/4514df74.jpg,main_object,0.0,0.0,0.0,0.0,0,0.0,,0.8963941335678101,10.942227899999125
45/4514df74.jpg,hint,0.032091385142963065,0.06218710010551602,0.03218310677355641,0.9184350132625995,43035,0.6566619873046875,0.3641943037509918,0.9680088758468628,0.5041312999965157
45/4514df74.jpg,carpet,0.0,0.0,0.0,0.0,0,0.0,,,0.27001940000627656
45/4514df74.jpg,rug,0.0,0.0,0.0,0.0,0,0.0,,,0.2661839000065811
45/4514df74.jpg,area_rug,0.03222499242724328,0.06243792325056433,0.032319125070106564,0.9171087533156499,42792,0.6529541015625,0.3624825179576874,0.970187783241272,0.27566440000373404
45/457c5eb9.jpg,main_object,1.0,1.0,1.0,1.0,1926,0.029388427734375,,0.9556854963302612,10.752632600007928
45/457c5eb9.jpg,hint,0.030328798185941044,0.05887207702888583,0.030328798185941044,1.0,63504,0.968994140625,0.5994682908058167,1.0232831239700317,0.4920865000021877
45/457c5eb9.jpg,carpet,0.030328798185941044,0.05887207702888583,0.030328798185941044,1.0,63504,0.968994140625,0.8446040153503418,1.0232081413269043,0.27809150000393856
45/457c5eb9.jpg,rug,0.030328798185941044,0.05887207702888583,0.030328798185941044,1.0,63504,0.968994140625,0.8783637285232544,1.023223638534546,0.27447629999369383
45/457c5eb9.jpg,area_rug,0.030328798185941044,0.05887207702888583,0.030328798185941044,1.0,63504,0.968994140625,0.7672911286354065,1.02324378490448,0.27079480000247713
45/4595acf0.jpg,main_object,0.0,0.0,0.0,0.0,0,0.0,,0.8986033797264099,10.63774160000321
45/4595acf0.jpg,hint,0.0,0.0,0.0,0.0,12572,0.2557779947916667,0.2983754873275757,0.9605940580368042,0.5659732000058284
45/4595acf0.jpg,carpet,0.0,0.0,0.0,0.0,9376,0.19075520833333334,0.6655788421630859,0.9883237481117249,0.33825630000501405
45/4595acf0.jpg,rug,0.0,0.0,0.0,0.0,9376,0.19075520833333334,0.6561580300331116,0.9883323907852173,0.3503181999985827
45/4595acf0.jpg,area_rug,0.0,0.0,0.0,0.0,9380,0.19083658854166666,0.6539126038551331,0.988269031047821,0.3345192999986466
49/495ccaba.jpg,main_object,1.0,1.0,1.0,1.0,1742,0.026580810546875,,0.9366415143013,11.451971200003754
49/495ccaba.jpg,hint,0.0,0.0,0.0,0.0,14050,0.214385986328125,0.4733995497226715,0.9504952430725098,0.5059771999949589
49/495ccaba.jpg,carpet,0.0,0.0,0.0,0.0,13971,0.2131805419921875,0.7633256316184998,0.950788140296936,0.27931359999638516
49/495ccaba.jpg,rug,0.0,0.0,0.0,0.0,13950,0.212860107421875,0.7404357194900513,0.9491032361984253,0.30246859999897424
49/495ccaba.jpg,area_rug,0.0,0.0,0.0,0.0,14002,0.213653564453125,0.7272200584411621,0.9509842395782471,0.29155370000808034
4a/4a03d9a1.jpg,main_object,1.0,1.0,1.0,1.0,11068,0.16888427734375,,1.0118505954742432,11.628522800005157
4a/4a03d9a1.jpg,hint,0.9914782920703266,0.9957209134723661,0.9928141561124585,0.9986447415973979,11133,0.1698760986328125,0.6150972843170166,0.9641556739807129,0.645412199999555
4a/4a03d9a1.jpg,carpet,0.0,0.0,0.0,0.0,20072,0.3062744140625,0.3669591248035431,0.9920192360877991,0.368639099993743
4a/4a03d9a1.jpg,rug,0.9922793787593142,0.9961247296322999,0.9936174038115786,0.9986447415973979,11124,0.16973876953125,0.378761887550354,0.9640530347824097,0.39142460000584833
4a/4a03d9a1.jpg,area_rug,0.0,0.0,0.0,0.0,20073,0.3062896728515625,0.3864184021949768,0.992637574672699,0.27924760000314564
4a/4a9e8983.jpg,main_object,0.0,0.0,0.0,0.0,0,0.0,,0.9092549085617065,12.15539539999736
4a/4a9e8983.jpg,hint,0.057341920655062606,0.10846429056655042,0.057341920655062606,1.0,41767,0.927001953125,0.640983521938324,0.978703498840332,0.8107952999998815
4a/4a9e8983.jpg,carpet,0.05734054778778012,0.10846183456739805,0.05734054778778012,1.0,41768,0.9270241477272727,0.6150172352790833,0.982596755027771,0.512781500001438
4a/4a9e8983.jpg,rug,0.05734054778778012,0.10846183456739805,0.05734054778778012,1.0,41768,0.9270241477272727,0.6670314073562622,0.9814826250076294,0.5089902999898186
4a/4a9e8983.jpg,area_rug,0.05734054778778012,0.10846183456739805,0.05734054778778012,1.0,41768,0.9270241477272727,0.6624449491500854,0.9812132120132446,0.5127136999944923
4a/4afb9a74.jpg,main_object,1.0,1.0,1.0,1.0,19996,0.30511474609375,,0.9994252920150757,12.261730500002159
4a/4afb9a74.jpg,hint,0.9976507047885634,0.9988239709746027,0.9994992237968852,0.9981496299259852,19969,0.3047027587890625,0.4912318289279938,1.0056073665618896,0.5320270000083838
4a/4afb9a74.jpg,carpet,0.9975008746938572,0.998748873986588,0.9994491185897436,0.9980496099219844,19968,0.3046875,0.6840481758117676,1.0059090852737427,0.2946724999928847
4a/4afb9a74.jpg,rug,0.9975008746938572,0.998748873986588,0.9994491185897436,0.9980496099219844,19968,0.3046875,0.763225257396698,1.0060675144195557,0.2976513000030536
4a/4afb9a74.jpg,area_rug,0.9975008746938572,0.998748873986588,0.9994491185897436,0.9980496099219844,19968,0.3046875,0.716045081615448,1.0060597658157349,0.281547300008242
4b/4b867235.jpg,main_object,1.0,1.0,1.0,1.0,60766,0.9308517156862746,,0.9956339597702026,11.464281499997014
4b/4b867235.jpg,hint,0.9960525017270305,0.9980223474735489,0.9994718600429113,0.9965770332093605,60590,0.9281556372549019,0.6004695892333984,0.970252513885498,0.5333045000006678
4b/4b867235.jpg,carpet,0.9963641747828376,0.9981787765663758,0.9997028771396973,0.9966593160649048,60581,0.9280177696078431,0.4420735836029053,0.9698742628097534,0.2813070999982301
4b/4b867235.jpg,rug,0.9969394806989831,0.9984673950660009,0.999867978084362,0.9970707303426258,60596,0.9282475490196078,0.4540882408618927,0.9704391360282898,0.33815209999738727
4b/4b867235.jpg,area_rug,0.5268900371918507,0.6901479796945561,1.0,0.5268900371918507,32017,0.49045649509803924,0.43299952149391174,0.9766446352005005,0.27626430000236724
4e/4e931073.jpg,main_object,1.0,1.0,1.0,1.0,13598,0.207489013671875,,1.0014547109603882,11.399466899994877
4e/4e931073.jpg,hint,0.0,0.0,0.0,0.0,8289,0.1264801025390625,0.41947808861732483,0.8851689100265503,0.5299378999916371
4e/4e931073.jpg,carpet,0.9941928844457513,0.9970879870249548,0.9995565737935111,0.9946315634652154,13531,0.2064666748046875,0.7594602108001709,0.9943327307701111,0.3296687000110978
4e/4e931073.jpg,rug,0.9945604234048809,0.9972727942802389,0.9995567375886525,0.9949992645977349,13536,0.20654296875,0.7999299764633179,0.9931955933570862,0.2821078999986639
4e/4e931073.jpg,area_rug,0.9944877260032339,0.9972362457161809,0.9994091144102223,0.9950728048242389,13539,0.2065887451171875,0.7701966762542725,0.9929934740066528,0.285701800006791
4f/4f4b1fd2.jpg,main_object,1.0,1.0,1.0,1.0,614,0.009368896484375,,0.9555778503417969,11.602265599998645
4f/4f4b1fd2.jpg,hint,0.0,0.0,0.0,0.0,7386,0.112701416015625,0.4698346257209778,0.9749745726585388,0.5570611000002827
4f/4f4b1fd2.jpg,carpet,0.0,0.0,0.0,0.0,7362,0.112335205078125,0.7265861630439758,0.9793196320533752,0.2851955999940401
4f/4f4b1fd2.jpg,rug,0.0,0.0,0.0,0.0,7362,0.112335205078125,0.7033693790435791,0.9791410565376282,0.2849253000022145
4f/4f4b1fd2.jpg,area_rug,0.0,0.0,0.0,0.0,7376,0.112548828125,0.7408966422080994,0.977457582950592,0.3424436000059359
4f/4f6c66b2.jpg,main_object,1.0,1.0,1.0,1.0,12240,0.186767578125,,0.9999340176582336,11.510600499997963
4f/4f6c66b2.jpg,hint,0.0,0.0,0.0,0.0,1351,0.0206146240234375,0.36021578311920166,0.9629695415496826,0.6001348999998299
4f/4f6c66b2.jpg,carpet,0.0,0.0,0.0,0.0,9051,0.1381072998046875,0.6813369989395142,0.9540501236915588,0.4070777999877464
4f/4f6c66b2.jpg,rug,0.0,0.0,0.0,0.0,9037,0.1378936767578125,0.6334614157676697,0.9542860984802246,0.29313799999363255
4f/4f6c66b2.jpg,area_rug,0.0,0.0,0.0,0.0,9107,0.1389617919921875,0.6611973643302917,0.9557385444641113,0.2913128000072902
4f/4fc37199.jpg,main_object,1.0,1.0,1.0,1.0,13013,0.1985626220703125,,1.005703091621399,11.730654300001333
4f/4fc37199.jpg,hint,0.0,0.0,0.0,0.0,1825,0.0278472900390625,0.45526188611984253,0.9774186015129089,0.5429694000049494
4f/4fc37199.jpg,carpet,0.9968543808500844,0.998424712798248,0.9983863531581374,0.9984630753861523,13014,0.198577880859375,0.7504051327705383,0.996392548084259,0.29561780000221916
4f/4fc37199.jpg,rug,0.9967774111869869,0.9983861051337227,0.9984628391361156,0.9983093829247676,13011,0.1985321044921875,0.7259888052940369,0.9961528182029724,0.28564420000475366
4f/4fc37199.jpg,area_rug,0.996853898096992,0.9984244706605695,0.9985395849346657,0.9983093829247676,13010,0.198516845703125,0.758223295211792,0.9958280920982361,0.31374170001072343
51/51b9a3f7.jpg,main_object,0.0,0.0,0.0,0.0,0,0.0,,0.937401533126831,12.499692900004447
51/51b9a3f7.jpg,hint,0.0,0.0,0.0,0.0,47792,0.729248046875,0.7119283080101013,0.9664108157157898,0.539394400009769
51/51b9a3f7.jpg,carpet,0.0,0.0,0.0,0.0,47605,0.7263946533203125,0.825289249420166,0.9705000519752502,0.33372249999956694
51/51b9a3f7.jpg,rug,0.0,0.0,0.0,0.0,47596,0.72625732421875,0.8440994620323181,0.9691272974014282,0.31676279999373946
51/51b9a3f7.jpg,area_rug,0.0002531300504312947,0.0005061319836480436,0.00028179394359785834,0.0024823372159633377,46133,0.7039337158203125,0.808519184589386,0.9684018492698669,0.3042407000029925
52/526208f0.jpg,main_object,0.0,0.0,0.0,0.0,0,0.0,,0.9701281785964966,12.715843199999654
52/526208f0.jpg,hint,0.8949994061052382,0.9445906982574903,0.9314831412059215,0.9580724117104803,32357,0.4937286376953125,0.4926953911781311,0.9775365591049194,0.5287047000019811
52/526208f0.jpg,carpet,0.8945244101498738,0.9443260855943355,0.9309386292738673,0.9581041991163102,32377,0.4940338134765625,0.8291715383529663,0.9775776267051697,0.2833053999929689
52/526208f0.jpg,rug,0.894219087972977,0.9441559254160931,0.9294711879023068,0.9593121205378429,32469,0.4954376220703125,0.8462981581687927,0.9775855541229248,0.2829159999964759
52/526208f0.jpg,area_rug,0.8997517719891138,0.9472308806397783,0.9383089542463275,0.9563241043898407,32063,0.4892425537109375,0.7583193182945251,0.9780985116958618,0.3227781000023242
52/52f369b0.jpg,main_object,0.0,0.0,0.0,0.0,0,0.0,,0.919182538986206,11.665257900007418
52/52f369b0.jpg,hint,0.9466108631526926,0.9725732873180214,0.9744054432150578,0.9707480084255872,62904,0.9598388671875,0.7085376977920532,0.970384418964386,0.6606311000068672
52/52f369b0.jpg,carpet,0.9465523897768512,0.9725424239779769,0.974343485725186,0.9707480084255872,62908,0.95989990234375,0.7243240475654602,0.966639518737793,0.3204861999984132
52/52f369b0.jpg,rug,0.9463331789408677,0.9724267038964336,0.9741112152948842,0.9707480084255872,62923,0.9601287841796875,0.7924968600273132,0.9667948484420776,0.2728184000006877
52/52f369b0.jpg,area_rug,0.9466108631526926,0.9725732873180214,0.9744054432150578,0.9707480084255872,62904,0.9598388671875,0.7538610100746155,0.970412015914917,0.3104659999953583
53/532dbe40.jpg,main_object,0.0,0.0,0.0,0.0,0,0.0,,0.8902291059494019,10.721692100007203
53/532dbe40.jpg,hint,0.9912897822445561,0.9956258411843876,0.9918435754189944,0.9994370637243865,17900,0.27313232421875,0.7338495850563049,0.9806467890739441,0.48146120000455994
53/532dbe40.jpg,carpet,0.0,0.0,0.0,0.0,7562,0.115386962890625,0.71766597032547,0.9732447266578674,0.25805269999546
53/532dbe40.jpg,rug,0.0,0.0,0.0,0.0,7565,0.1154327392578125,0.717954158782959,0.9733403921127319,0.2774474000034388
53/532dbe40.jpg,area_rug,0.0,0.0,0.0,0.0,7575,0.1155853271484375,0.7446856498718262,0.9746879935264587,0.2694273999950383
53/53a28fe3.jpg,main_object,1.0,1.0,1.0,1.0,17348,0.26470947265625,,0.9779552817344666,10.388613000002806
53/53a28fe3.jpg,hint,0.0,0.0,0.0,0.0,2123,0.0323944091796875,0.3309756815433502,1.0004812479019165,0.535299600000144
53/53a28fe3.jpg,carpet,0.0,0.0,0.0,0.0,1126,0.017181396484375,0.4473811686038971,0.9773143529891968,0.29375910000817385
53/53a28fe3.jpg,rug,0.0,0.0,0.0,0.0,1126,0.017181396484375,0.4589370787143707,0.9772035479545593,0.26544089999515563
53/53a28fe3.jpg,area_rug,0.0,0.0,0.0,0.0,1072,0.016357421875,0.3975106179714203,0.9711384773254395,0.2836840999952983
53/53ef1692.jpg,main_object,1.0,1.0,1.0,1.0,4327,0.0660247802734375,,0.9501136541366577,11.621524500005762
53/53ef1692.jpg,hint,0.0,0.0,0.0,0.0,31464,0.4801025390625,0.7244143486022949,0.9708365797996521,0.5109894999914104
53/53ef1692.jpg,carpet,0.0,0.0,0.0,0.0,31801,0.4852447509765625,0.5953131914138794,0.9704259634017944,0.29168390000995714
53/53ef1692.jpg,rug,0.0,0.0,0.0,0.0,31743,0.4843597412109375,0.7327111959457397,0.9700106382369995,0.2763337000069441
53/53ef1692.jpg,area_rug,0.0,0.0,0.0,0.0,31455,0.4799652099609375,0.6356796622276306,0.9707199335098267,0.29443339999124873
53/53f1e699.jpg,main_object,1.0,1.0,1.0,1.0,5293,0.17229817708333334,,0.9301817417144775,10.967083199997433
53/53f1e699.jpg,hint,0.18225684152478114,0.3083202145647484,0.1822882553690234,0.9990553561307387,29009,0.9443033854166667,0.5587390661239624,0.9998934268951416,0.5994807000097353
53/53f1e699.jpg,carpet,0.18223171824384865,0.3082842651431236,0.1822631234274291,0.9990553561307387,29013,0.94443359375,0.32678428292274475,0.9967384338378906,0.3447770000057062
53/53f1e699.jpg,rug,0.18223171824384865,0.3082842651431236,0.1822631234274291,0.9990553561307387,29013,0.94443359375,0.46306154131889343,0.996050238609314,0.35496590001275763
53/53f1e699.jpg,area_rug,0.0,0.0,0.0,0.0,1683,0.05478515625,0.2796758711338043,0.9779082536697388,0.35270969998964574
53/53ff91f5.jpg,main_object,1.0,1.0,1.0,1.0,59087,0.9015960693359375,,0.9864981174468994,11.084574199994677
53/53ff91f5.jpg,hint,0.9687156700388595,0.9841092695927376,0.9688109801092107,0.9998984548208574,60983,0.9305267333984375,0.5327149033546448,0.9864450097084045,0.5232257000025129
53/53ff91f5.jpg,carpet,0.22999983075803476,0.37398351610550795,1.0,0.22999983075803476,13590,0.207366943359375,0.41077733039855957,0.9974329471588135,0.2868250000028638
53/53ff91f5.jpg,rug,0.229982906561511,0.3739611426055369,1.0,0.229982906561511,13589,0.2073516845703125,0.4450671672821045,0.9974762201309204,0.2824565999908373
53/53ff91f5.jpg,area_rug,0.23006752754412985,0.3740730039487624,1.0,0.23006752754412985,13594,0.207427978515625,0.4581320285797119,0.9974607825279236,0.2849575000000186
54/540e2795.jpg,main_object,1.0,1.0,1.0,1.0,40663,0.9398807322485208,,0.9883633852005005,11.201801300005172
54/540e2795.jpg,hint,0.02028771670970122,0.03976861894432393,0.9975816203143894,0.02028871455623048,827,0.01911519970414201,0.3411480486392975,0.9650090932846069,0.6067171999893617
54/540e2795.jpg,carpet,0.31497921943781815,0.4790634175534402,1.0,0.31497921943781815,12808,0.29604289940828404,0.2845315635204315,0.9786102175712585,0.37208640000608284
54/540e2795.jpg,rug,0.9857686619632943,0.9928333353681614,0.985840364659102,0.9999262228561592,41244,0.9533099112426036,0.302812784910202,0.9963207244873047,0.3714207000011811
54/540e2795.jpg,area_rug,0.32811155104148737,0.49410239792611793,1.0,0.32811155104148737,13342,0.308385724852071,0.40312495827674866,0.9774479866027832,0.3748530999873765
54/54e4b681.jpg,main_object,0.0,0.0,0.0,0.0,0,0.0,,0.9482569694519043,11.695919999998296
54/54e4b681.jpg,hint,0.8876081144834094,0.9404580407054727,0.9237353321440845,0.9577973867300187,61103,0.9323577880859375,0.6440250873565674,0.9495272636413574,0.5084815000009257
54/54e4b681.jpg,carpet,0.8803555671753979,0.9363713784173662,0.9596038757480764,0.9142372306125912,56144,0.856689453125,0.8334962725639343,0.9391467571258545,0.3026350000000093
54/54e4b681.jpg,rug,0.8891155471368206,0.9413035094485153,0.9508787117998442,0.931919226200577,57755,0.8812713623046875,0.8473856449127197,0.939591646194458,0.28623630000220146
54/54e4b681.jpg,area_rug,0.8857156532699395,0.93939470856495,0.9367712323450499,0.9420329204140506,59261,0.9042510986328125,0.7854812145233154,0.9415299892425537,0.2850899000040954
55/559b24ac.jpg,main_object,1.0,1.0,1.0,1.0,9800,0.1495361328125,,0.9803541302680969,11.27509629999986
55/559b24ac.jpg,hint,0.9969428309385509,0.9984690753214942,0.9986729277256022,0.998265306122449,9796,0.14947509765625,0.40624552965164185,1.0042465925216675,0.5343678000062937
55/559b24ac.jpg,carpet,0.996942519364044,0.9984689190568541,0.9987747600571779,0.9981632653061224,9794,0.149444580078125,0.6984253525733948,1.0045223236083984,0.32173429999966174
55/559b24ac.jpg,rug,0.996942519364044,0.9984689190568541,0.9987747600571779,0.9981632653061224,9794,0.149444580078125,0.7603598237037659,1.0045242309570312,0.2973119000089355
55/559b24ac.jpg,area_rug,0.996942519364044,0.9984689190568541,0.9987747600571779,0.9981632653061224,9794,0.149444580078125,0.7312708497047424,1.004366159439087,0.2877295999933267
57/5732943c.jpg,main_object,1.0,1.0,1.0,1.0,16560,0.6280339805825242,,0.9661858677864075,11.38969399999769
57/5732943c.jpg,hint,0.7059476538149524,0.8276310849705919,0.7067322077366959,0.9984299516908213,23395,0.8872496966019418,0.5618941187858582,0.9899847507476807,0.5326579999964451
57/5732943c.jpg,carpet,0.7062764005632121,0.8278569642410603,0.7064874093043108,0.9995772946859903,23430,0.8885770631067961,0.48800063133239746,0.988235354423523,0.3055749999912223
57/5732943c.jpg,rug,0.7054336245471979,0.8272777250237393,0.7056441299343508,0.9995772946859903,23458,0.8896389563106796,0.5323472023010254,0.9880576133728027,0.30112809999263845
57/5732943c.jpg,area_rug,0.7064874093043108,0.8280019008078433,0.7066985441659906,0.9995772946859903,23423,0.8883115898058253,0.49136680364608765,0.9891616106033325,0.3229311000031885
57/57a4d0bc.jpg,main_object,1.0,1.0,1.0,1.0,7025,0.13386051829268292,,0.9977332353591919,11.271783200005302
57/57a4d0bc.jpg,hint,0.0,0.0,0.0,0.0,29801,0.5678544207317073,0.6639195680618286,0.9876066446304321,0.6125738999980967
57/57a4d0bc.jpg,carpet,0.0,0.0,0.0,0.0,29800,0.5678353658536586,0.3584013283252716,0.9874621033668518,0.3662499000056414
57/57a4d0bc.jpg,rug,0.0,0.0,0.0,0.0,0,0.0,,,0.3385190000117291
57/57a4d0bc.jpg,area_rug,0.0,0.0,0.0,0.0,29801,0.5678544207317073,0.49095481634140015,0.9875151515007019,0.33882119999907445
58/5804e80e.jpg,main_object,1.0,1.0,1.0,1.0,34542,0.527069091796875,,0.9631426334381104,11.312339500000235
58/5804e80e.jpg,hint,0.0,0.0,0.0,0.0,11785,0.1798248291015625,0.5777141451835632,0.9913164377212524,0.5647411000099964
58/5804e80e.jpg,carpet,0.0,0.0,0.0,0.0,13591,0.2073822021484375,0.4652542173862457,0.9763567447662354,0.29315120000683237
58/5804e80e.jpg,rug,0.0,0.0,0.0,0.0,13592,0.2073974609375,0.3056791126728058,0.9762017726898193,0.2921497999923304
58/5804e80e.jpg,area_rug,0.0,0.0,0.0,0.0,13587,0.2073211669921875,0.4916667640209198,0.9763733148574829,0.31612640000821557
5a/5a3584c9.jpg,main_object,1.0,1.0,1.0,1.0,6115,0.0933074951171875,,0.9969599843025208,11.13014030001068
5a/5a3584c9.jpg,hint,0.09790422517171264,0.1783474786362178,0.09790422517171264,1.0,62459,0.9530487060546875,0.5981691479682922,0.962783694267273,0.662634699998307
5a/5a3584c9.jpg,carpet,0.09845752560056675,0.17926505723876113,0.09845752560056675,1.0,62108,0.94769287109375,0.4346362352371216,0.9680279493331909,0.2878869999985909
5a/5a3584c9.jpg,rug,0.09809583393490222,0.17866534213755625,0.09809583393490222,1.0,62337,0.9511871337890625,0.46083566546440125,0.9649624824523926,0.2864971999952104
5a/5a3584c9.jpg,area_rug,0.09856067566042906,0.17943601631503273,0.09856067566042906,1.0,62043,0.9467010498046875,0.4388250708580017,0.967566728591919,0.2843472000095062
5a/5a377982.jpg,main_object,1.0,1.0,1.0,1.0,29030,0.442962646484375,,1.0047959089279175,11.260241399999359
5a/5a377982.jpg,hint,0.9965315934065934,0.9982627840176129,0.9969081727300835,0.9996210816396831,29109,0.4441680908203125,0.5635276436805725,0.9686607122421265,0.5003977999876952
5a/5a377982.jpg,carpet,0.9963948497854077,0.9981941697480436,0.99673707710802,0.9996555287633483,29115,0.4442596435546875,0.7417925000190735,0.9707984328269958,0.2739431000081822
5a/5a377982.jpg,rug,0.9964293071482524,0.9982114604113641,0.996703070265815,0.9997244230106787,29118,0.444305419921875,0.7893224358558655,0.9689643979072571,0.28049669999745674
5a/5a377982.jpg,area_rug,0.9963607649260137,0.998177065419275,0.9966687272477506,0.9996899758870135,29118,0.444305419921875,0.7441381812095642,0.9700445532798767,0.27289329998893663
5a/5ac117ff.jpg,main_object,1.0,1.0,1.0,1.0,617,0.0094146728515625,,0.954069972038269,10.465253899994423
5a/5ac117ff.jpg,hint,0.0,0.0,0.0,0.0,15629,0.2384796142578125,0.4459645748138428,0.9374148845672607,0.5174236000020755
5a/5ac117ff.jpg,carpet,0.0,0.0,0.0,0.0,15208,0.2320556640625,0.7167611122131348,0.9427629113197327,0.30001560000528116
5a/5ac117ff.jpg,rug,0.0,0.0,0.0,0.0,15218,0.232208251953125,0.6629866361618042,0.9436048269271851,0.3763037000026088
5a/5ac117ff.jpg,area_rug,0.0,0.0,0.0,0.0,15454,0.235809326171875,0.7053518295288086,0.9421175718307495,0.3323575999966124
5b/5be2fcea.jpg,main_object,1.0,1.0,1.0,1.0,20287,0.3095550537109375,,1.0101503133773804,11.72635659998923
5b/5be2fcea.jpg,hint,0.0,0.0,0.0,0.0,19463,0.2969818115234375,0.3529054820537567,0.961502194404602,0.5195915000076639
5b/5be2fcea.jpg,carpet,0.9977836879432624,0.9988906145995119,0.9991615703294535,0.9986198057869572,20276,0.30938720703125,0.6978223919868469,1.0004050731658936,0.2897594000096433
5b/5be2fcea.jpg,rug,0.9978328325863173,0.998915240865835,0.9992108508014796,0.9986198057869572,20275,0.3093719482421875,0.7439518570899963,0.9998403787612915,0.30962390000058804
5b/5be2fcea.jpg,area_rug,0.9977835787814608,0.9988905598974385,0.9992108118772812,0.9985705131364914,20274,0.309356689453125,0.7292313575744629,0.9991429448127747,0.2970698999997694
5d/5d00c75b.jpg,main_object,1.0,1.0,1.0,1.0,14652,0.22357177734375,,0.9971776604652405,13.644398400007049
5d/5d00c75b.jpg,hint,0.9944826646686193,0.9972337010348007,0.9980176362020644,0.9964509964509964,14629,0.2232208251953125,0.7456554770469666,0.9852643609046936,0.5492268000089098
5d/5d00c75b.jpg,carpet,0.99441492984607,0.9971996448330032,0.9979494190020506,0.9964509964509964,14630,0.223236083984375,0.7815122008323669,0.9891406893730164,0.3078691999980947
5d/5d00c75b.jpg,rug,0.994550779919624,0.9972679461785398,0.9980177717019822,0.9965192465192465,14630,0.223236083984375,0.7646083235740662,0.988218367099762,0.28650240000570193
5d/5d00c75b.jpg,area_rug,0.9946870104216334,0.9973364294495287,0.9980180426462548,0.9966557466557466,14632,0.2232666015625,0.8013542294502258,0.9869217276573181,0.3020188000082271
5d/5dfc4822.jpg,main_object,1.0,1.0,1.0,1.0,7464,0.1138916015625,,1.001699686050415,12.939285700005712
5d/5dfc4822.jpg,hint,0.0,0.0,0.0,0.0,2142,0.032684326171875,0.4117045998573303,1.0035418272018433,0.5314401000068756
5d/5dfc4822.jpg,carpet,0.0,0.0,0.0,0.0,5170,0.078887939453125,0.502047598361969,0.9751176238059998,0.27483229999779724
5d/5dfc4822.jpg,rug,0.0,0.0,0.0,0.0,5180,0.07904052734375,0.42836087942123413,0.9730504751205444,0.3196620999951847
5d/5dfc4822.jpg,area_rug,0.0,0.0,0.0,0.0,5178,0.079010009765625,0.49000972509384155,0.9718910455703735,0.3084766999963904
5e/5e23eace.jpg,main_object,1.0,1.0,1.0,1.0,3821,0.0583038330078125,,0.9757946729660034,12.548730599999544
5e/5e23eace.jpg,hint,0.32199931995919756,0.48713991769547327,0.3229051231779047,0.991363517403821,11731,0.1790008544921875,0.5014205574989319,0.9636314511299133,0.6586341000074754
5e/5e23eace.jpg,carpet,0.0,0.0,0.0,0.0,18412,0.28094482421875,0.3216054141521454,0.9849458932876587,0.37020489999849815
5e/5e23eace.jpg,rug,0.2744108957267421,0.43064744133446425,0.27466820542412,0.9965977492802931,13864,0.2115478515625,0.27993226051330566,0.964561402797699,0.3660024999990128
5e/5e23eace.jpg,area_rug,0.0,0.0,0.0,0.0,18415,0.2809906005859375,0.3412201404571533,0.9848443269729614,0.27546730000176467
5f/5f491e9a.jpg,main_object,1.0,1.0,1.0,1.0,11791,0.1799163818359375,,0.9874889254570007,11.439874799994868
5f/5f491e9a.jpg,hint,0.26661390616167324,0.4209868608968866,0.26661390616167324,1.0,44225,0.6748199462890625,0.6406844258308411,0.9861978888511658,0.6348099000024376
5f/5f491e9a.jpg,carpet,0.2666199348769899,0.42099437650629296,0.2666199348769899,1.0,44224,0.6748046875,0.7205522060394287,0.9857896566390991,0.3305460999981733
5f/5f491e9a.jpg,rug,0.26668023702899535,0.4210695473618427,0.26668023702899535,1.0,44214,0.674652099609375,0.7639466524124146,0.9810934662818909,0.34526640000694897
5f/5f491e9a.jpg,area_rug,0.2666018495489181,0.42097183048305903,0.2666018495489181,1.0,44227,0.6748504638671875,0.7727555632591248,0.9857584238052368,0.36129909999726806
60/600ead9b.jpg,main_object,0.0,0.0,0.0,0.0,0,0.0,,0.9080288410186768,12.740160300003481
60/600ead9b.jpg,hint,0.0,0.0,0.0,0.0,2182,0.033294677734375,0.37847036123275757,0.9568930864334106,0.49384619999909773
60/600ead9b.jpg,carpet,0.0019571173835515156,0.003906589113638337,0.0030405405405405407,0.005462490895848507,14800,0.225830078125,0.6218550801277161,0.9689960479736328,0.32230520001030527
60/600ead9b.jpg,rug,0.0017839272505765131,0.003561501042390549,0.002772893277424591,0.004976936149550862,14786,0.225616455078125,0.6100772023200989,0.9690331220626831,0.31321709998883307
60/600ead9b.jpg,area_rug,0.0019571173835515156,0.003906589113638337,0.0030405405405405407,0.005462490895848507,14800,0.225830078125,0.6379050016403198,0.9690398573875427,0.2647016999981133
60/60ab5605.jpg,main_object,1.0,1.0,1.0,1.0,2909,0.0443878173828125,,0.9088051915168762,13.218757000009646
60/60ab5605.jpg,hint,0.10825797327974396,0.1953660174613835,0.10825797327974396,1.0,26871,0.4100189208984375,0.5673174858093262,0.9388622641563416,0.5430344999913359
60/60ab5605.jpg,carpet,0.0,0.0,0.0,0.0,9365,0.1428985595703125,0.6541326642036438,0.9860604405403137,0.2795187000010628
60/60ab5605.jpg,rug,0.0,0.0,0.0,0.0,9364,0.14288330078125,0.6001874208450317,0.9864582419395447,0.30309960000158753
60/60ab5605.jpg,area_rug,0.0,0.0,0.0,0.0,9367,0.1429290771484375,0.6645029783248901,0.9857533574104309,0.29382089999853633
61/61c044c8.jpg,main_object,1.0,1.0,1.0,1.0,63504,0.968994140625,,1.0044268369674683,13.053627000001143
61/61c044c8.jpg,hint,1.0,1.0,1.0,1.0,63504,0.968994140625,0.40785229206085205,1.0214488506317139,0.6550233000016306
61/61c044c8.jpg,carpet,1.0,1.0,1.0,1.0,63504,0.968994140625,0.47520318627357483,1.0213923454284668,0.33876700000837445
61/61c044c8.jpg,rug,1.0,1.0,1.0,1.0,63504,0.968994140625,0.49648648500442505,1.0213325023651123,0.27507999999215826
61/61c044c8.jpg,area_rug,1.0,1.0,1.0,1.0,63504,0.968994140625,0.5876780152320862,1.0213388204574585,0.3571670999954222
63/635dadab.jpg,main_object,1.0,1.0,1.0,1.0,2692,0.048236811926605505,,0.9065289497375488,12.538852199999383
63/635dadab.jpg,hint,0.0,0.0,0.0,0.0,2308,0.041356077981651376,0.2907206118106842,0.9497683644294739,0.7016629999998258
63/635dadab.jpg,carpet,0.0,0.0,0.0,0.0,7199,0.12899584288990826,0.3362864851951599,0.9981110692024231,0.42726279998896644
63/635dadab.jpg,rug,0.0,0.0,0.0,0.0,0,0.0,,,0.43081330000131857
63/635dadab.jpg,area_rug,0.0,0.0,0.0,0.0,7210,0.1291929472477064,0.3721678853034973,0.9977900385856628,0.38186329999007285
63/63e02681.jpg,main_object,0.0,0.0,0.0,0.0,0,0.0,,0.8811813592910767,11.49105039999995
63/63e02681.jpg,hint,0.35036933843063567,0.5189237173258479,0.35036933843063567,1.0,61732,0.94195556640625,0.5546720623970032,0.9503858089447021,0.5387751999951433
63/63e02681.jpg,carpet,0.3489862124898621,0.5174051584200084,0.34963273530941236,0.9947292986268436,61536,0.93896484375,0.29249945282936096,0.9739540219306946,0.3203485999983968
63/63e02681.jpg,rug,0.3496871859703718,0.518175158814982,0.34999351112841476,0.9975033519811365,61644,0.94061279296875,0.315826416015625,0.951931357383728,0.28759929999068845
63/63e02681.jpg,area_rug,0.3199682413656213,0.48481203007518797,0.33253683106702653,0.894354801424014,58171,0.8876190185546875,0.32320404052734375,0.9408354759216309,0.32507359998999164
66/66505074.jpg,main_object,0.0,0.0,0.0,0.0,0,0.0,,0.8874797821044922,11.20636039999954
66/66505074.jpg,hint,0.0,0.0,0.0,0.0,7805,0.1190948486328125,0.6881573796272278,0.998530924320221,0.5559290000092005
66/66505074.jpg,carpet,0.3035281443576623,0.46570247933884296,0.8476871004136893,0.32103688933200397,5318,0.081146240234375,0.6510711908340454,0.95954430103302,0.28916250000474975
66/66505074.jpg,rug,0.3035077088803609,0.4656784257011518,0.8475277307764617,0.32103688933200397,5319,0.0811614990234375,0.5911141633987427,0.9570870399475098,0.3105372999998508
66/66505074.jpg,area_rug,0.30380939561179165,0.46603345034069793,0.8469043151969982,0.32146417889189577,5330,0.081329345703125,0.6540924906730652,0.9588338732719421,0.3206474999897182
67/67017248.jpg,main_object,1.0,1.0,1.0,1.0,27859,0.4250946044921875,,0.9999935030937195,12.012688599992543
67/67017248.jpg,hint,0.0,0.0,0.0,0.0,28376,0.4329833984375,0.6386205554008484,1.0012798309326172,0.5217629000107991
67/67017248.jpg,carpet,0.0,0.0,0.0,0.0,0,0.0,,,0.2887126999994507
67/67017248.jpg,rug,0.0,0.0,0.0,0.0,0,0.0,,,0.2794943999906536
67/67017248.jpg,area_rug,0.0,0.0,0.0,0.0,28354,0.432647705078125,0.3026988208293915,1.0025205612182617,0.3069666000083089
67/670a016a.jpg,main_object,0.0,0.0,0.0,0.0,0,0.0,,0.9371542930603027,11.130401000002166
67/670a016a.jpg,hint,0.09904890670893748,0.18024476636901607,0.09934998129442574,0.9703128568166248,42768,0.652587890625,0.3427950143814087,0.9619266986846924,0.532353399990825
67/670a016a.jpg,carpet,0.0,0.0,0.0,0.0,0,0.0,,,0.28513619999284856
67/670a016a.jpg,rug,0.0,0.0,0.0,0.0,0,0.0,,,0.27327259999583475
67/670a016a.jpg,area_rug,0.0,0.0,0.0,0.0,0,0.0,,,0.28346109999984037
67/67aa53dd.jpg,main_object,1.0,1.0,1.0,1.0,10037,0.1531524658203125,,0.9731785655021667,10.95700829999987
67/67aa53dd.jpg,hint,0.9885409463597747,0.9942374565325385,0.9914792430397305,0.9970110590813989,10093,0.1540069580078125,0.7314038276672363,0.9745093584060669,0.5316643999976804
67/67aa53dd.jpg,carpet,0.9891272116239992,0.9945338898827271,0.9920689997025874,0.9970110590813989,10087,0.1539154052734375,0.5281468033790588,0.9741727113723755,0.2964595000084955
67/67aa53dd.jpg,rug,0.9885398142659554,0.9942368839427663,0.9915766524625904,0.9969114277174455,10091,0.1539764404296875,0.6848453283309937,0.974290132522583,0.29805519999354146
67/67aa53dd.jpg,area_rug,0.9885398142659554,0.9942368839427663,0.9915766524625904,0.9969114277174455,10091,0.1539764404296875,0.552620530128479,0.9745975732803345,0.2940621000016108
6a/6ae4b0c3.jpg,main_object,1.0,1.0,1.0,1.0,43840,0.8353658536585366,,0.9926379323005676,11.290834200000972
6a/6ae4b0c3.jpg,hint,0.9152369281045751,0.9557427748746934,0.9944763642640495,0.9199133211678832,40553,0.7727324695121951,0.4801520109176636,0.9839221835136414,0.658126700000139
6a/6ae4b0c3.jpg,carpet,0.9170138651731439,0.9567107279010938,0.9979435593766259,0.91875,40361,0.7690739329268292,0.3099370300769806,0.9906479716300964,0.3607384000060847
6a/6ae4b0c3.jpg,rug,0.9170821665186805,0.956747897962092,0.9979437122188088,0.9188184306569344,40364,0.7691310975609756,0.46182531118392944,0.9915847778320312,0.3509545999986585
6a/6ae4b0c3.jpg,area_rug,0.9162724046947502,0.9563070495091813,0.9969312247877843,0.9188640510948906,40407,0.7699504573170731,0.5134716033935547,0.9891980290412903,0.4025336999911815
6b/6b8442fb.jpg,main_object,1.0,1.0,1.0,1.0,1436,0.02191162109375,,0.9367165565490723,11.53968359999999
6b/6b8442fb.jpg,hint,0.0,0.0,0.0,0.0,14070,0.214691162109375,0.6484038233757019,0.9689230918884277,0.5329347999941092
6b/6b8442fb.jpg,carpet,0.0,0.0,0.0,0.0,14071,0.2147064208984375,0.5661352276802063,0.9685499668121338,0.29475620000448544
6b/6b8442fb.jpg,rug,0.0,0.0,0.0,0.0,14054,0.214447021484375,0.5850731134414673,0.9702619314193726,0.285088699994958
6b/6b8442fb.jpg,area_rug,0.0,0.0,0.0,0.0,14071,0.2147064208984375,0.6483975052833557,0.9696064591407776,0.2882249999966007
6c/6cac28b0.jpg,main_object,1.0,1.0,1.0,1.0,2234,0.034088134765625,,0.9809437990188599,11.449854500009678
6c/6cac28b0.jpg,hint,0.1294997391455568,0.22930459327687966,0.1294997391455568,1.0,17251,0.2632293701171875,0.7030538320541382,1.0099108219146729,0.4833527000009781
6c/6cac28b0.jpg,carpet,0.0,0.0,0.0,0.0,9486,0.144744873046875,0.6545357704162598,0.9690690040588379,0.27431379999325145
6c/6cac28b0.jpg,rug,0.0,0.0,0.0,0.0,9484,0.14471435546875,0.6117877960205078,0.9684609174728394,0.2655018000077689
6c/6cac28b0.jpg,area_rug,0.0,0.0,0.0,0.0,9485,0.1447296142578125,0.63224196434021,0.9707624316215515,0.2688907999981893
71/71d43e9a.jpg,main_object,1.0,1.0,1.0,1.0,1471,0.0224456787109375,,0.9426127672195435,12.293358499999158
71/71d43e9a.jpg,hint,0.17821662224376061,0.30251928020565555,0.17821662224376061,1.0,8254,0.125946044921875,0.5818944573402405,0.930107831954956,0.48685430000477936
71/71d43e9a.jpg,carpet,0.0,0.0,0.0,0.0,14670,0.223846435546875,0.39207085967063904,0.9605490565299988,0.2770594000030542
71/71d43e9a.jpg,rug,0.0,0.0,0.0,0.0,14640,0.223388671875,0.26140928268432617,0.9621157646179199,0.2599456000025384
71/71d43e9a.jpg,area_rug,0.0,0.0,0.0,0.0,14670,0.223846435546875,0.48716408014297485,0.9619929194450378,0.28118640001048334
74/74946bc6.jpg,main_object,1.0,1.0,1.0,1.0,27284,0.4911434331797235,,1.0008106231689453,11.733697199990274
74/74946bc6.jpg,hint,0.0,0.0,0.0,0.0,2083,0.037496399769585256,0.44389283657073975,0.9662408232688904,0.5860023999994155
74/74946bc6.jpg,carpet,0.0,0.0,0.0,0.0,11404,0.20528513824884792,0.6497150659561157,0.9896187782287598,0.4070988000021316
74/74946bc6.jpg,rug,0.0,0.0,0.0,0.0,11404,0.20528513824884792,0.6247966289520264,0.9898399114608765,0.32110640000610147
74/74946bc6.jpg,area_rug,0.0,0.0,0.0,0.0,11435,0.20584317396313365,0.6499102115631104,0.9901001453399658,0.2988088999991305
76/76798de2.jpg,main_object,1.0,1.0,1.0,1.0,41531,0.9323590158045977,,0.9750313758850098,11.646139899996342
76/76798de2.jpg,hint,0.9987251647664406,0.9993621758228534,0.998965450870946,0.9997592160073199,41564,0.9330998563218391,0.5864730477333069,0.9842244386672974,0.6173740000085672
76/76798de2.jpg,carpet,0.9991335948593295,0.9995666096838658,0.9995184783917178,0.9996147456117117,41535,0.9324488146551724,0.5450953841209412,1.0034003257751465,0.4024411999998847
76/76798de2.jpg,rug,0.9988212653355786,0.9994102851090972,0.9990615976900866,0.9997592160073199,41560,0.9330100574712644,0.6951824426651001,0.9863142371177673,0.4072844000038458
76/76798de2.jpg,area_rug,0.9981963349526237,0.9990973534402869,0.9987727994609943,0.9994221184175676,41558,0.932965158045977,0.5031543970108032,1.0062966346740723,0.42035159999795724
77/7749d6d2.jpg,main_object,1.0,1.0,1.0,1.0,7583,0.1550842604712042,,0.976223349571228,11.950593200002913
77/7749d6d2.jpg,hint,0.9959205158573496,0.9979560888771676,0.9978902953586498,0.998021891072135,7584,0.1551047120418848,0.5206345915794373,0.9290773868560791,0.7975317999953404
77/7749d6d2.jpg,carpet,0.9959205158573496,0.9979560888771676,0.9978902953586498,0.998021891072135,7584,0.1551047120418848,0.4126344621181488,0.9277327060699463,0.3613744000031147
77/7749d6d2.jpg,rug,0.9959205158573496,0.9979560888771676,0.9978902953586498,0.998021891072135,7584,0.1551047120418848,0.40736863017082214,0.9286223649978638,0.37481860000116285
77/7749d6d2.jpg,area_rug,0.9959205158573496,0.9979560888771676,0.9978902953586498,0.998021891072135,7584,0.1551047120418848,0.3925502896308899,0.9282681941986084,0.3624529000080656
7c/7ce8cda2.jpg,main_object,1.0,1.0,1.0,1.0,22640,0.345458984375,,0.9848172664642334,11.786573099991074
7c/7ce8cda2.jpg,hint,0.998279664755183,0.999139091852277,0.9986761396231411,0.9996024734982332,22661,0.3457794189453125,0.49019235372543335,1.004288673400879,0.631471300002886
7c/7ce8cda2.jpg,carpet,0.0,0.0,0.0,0.0,668,0.01019287109375,0.5816767811775208,0.9817379117012024,0.337223599999561
7c/7ce8cda2.jpg,rug,0.0,0.0,0.0,0.0,668,0.01019287109375,0.5069152116775513,0.9807645678520203,0.3613725000031991
7c/7ce8cda2.jpg,area_rug,0.0,0.0,0.0,0.0,668,0.01019287109375,0.5431169271469116,0.9818168878555298,0.2772170999960508
7d/7dce32c8.jpg,main_object,0.0,0.0,0.0,0.0,0,0.0,,0.9136155843734741,11.661938099990948
7d/7dce32c8.jpg,hint,0.7167203477281966,0.834987886846755,0.9835432445769948,0.7254197591429159,46607,0.7111663818359375,0.5763162970542908,0.9790314435958862,0.5248520000022836
7d/7dce32c8.jpg,carpet,0.7180962506644986,0.8359208634402927,0.9835742584859193,0.7268123625199792,46695,0.7125091552734375,0.7361230254173279,0.9781706929206848,0.28195319999940693
7d/7dce32c8.jpg,rug,0.707218686971341,0.828503919701077,0.9833047107671572,0.7158139608488551,46001,0.7019195556640625,0.7507008910179138,0.9763652086257935,0.32622709999850485
7d/7dce32c8.jpg,area_rug,0.7169548766377936,0.8351470226658047,0.9835485393162027,0.7256571347185516,46622,0.711395263671875,0.7546559572219849,0.9778479933738708,0.3957401000079699
7f/7fed406b.jpg,main_object,0.0,0.0,0.0,0.0,0,0.0,,0.9332289695739746,14.234770199997001
7f/7fed406b.jpg,hint,0.8228108739809121,0.9027934666463135,0.8402045745134252,0.9754576942107868,35195,0.5370330810546875,0.439907431602478,0.9908046126365662,0.6137644000118598
7f/7fed406b.jpg,carpet,0.0,0.0,0.0,0.0,0,0.0,,,0.28019299999868963
7f/7fed406b.jpg,rug,0.0,0.0,0.0,0.0,0,0.0,,,0.279806099992129
7f/7fed406b.jpg,area_rug,0.822787979966611,0.902779685854284,0.84018070235254,0.9754576942107868,35196,0.53704833984375,0.2644376754760742,0.9899437427520752,0.3085754000057932
80/803370c5.jpg,main_object,1.0,1.0,1.0,1.0,32475,0.4955291748046875,,0.9904037117958069,11.688908199997968
80/803370c5.jpg,hint,0.8119901916629135,0.8962412659835952,0.8124577522970232,0.9992917628945343,39943,0.6094818115234375,0.6358529925346375,0.9847343564033508,0.5362489999970421
80/803370c5.jpg,carpet,0.9929566681978258,0.9964658881376767,0.9944793743290906,0.9984603541185527,32605,0.4975128173828125,0.7558332085609436,0.9838603138923645,0.2914355999964755
80/803370c5.jpg,rug,0.96788347312181,0.9836796602457152,0.9692721566283067,0.9985219399538107,33455,0.5104827880859375,0.7856897115707397,0.9842113852500916,0.27708449999045115
80/803370c5.jpg,area_rug,0.9746641420971959,0.9871695356376421,0.9759841097869267,0.9986143187066975,33228,0.50701904296875,0.7610421180725098,0.9831161499023438,0.3098807000060333
80/80c2ac19.jpg,main_object,1.0,1.0,1.0,1.0,2649,0.0404205322265625,,0.978591799736023,11.171262999996543
80/80c2ac19.jpg,hint,0.042752699278578464,0.08199969045039468,0.042752699278578464,1.0,61961,0.9454498291015625,0.7030655145645142,0.9586710929870605,0.5996911999973236
80/80c2ac19.jpg,carpet,0.0,0.0,0.0,0.0,0,0.0,,,0.34504919999744743
80/80c2ac19.jpg,rug,0.9879969992498124,0.9939622641509434,0.993587325537533,0.9943374858437146,2651,0.0404510498046875,0.2755182683467865,0.9728029370307922,0.39144009999290574
80/80c2ac19.jpg,area_rug,0.04342267027292845,0.0832312187765105,0.04342267027292845,1.0,61005,0.9308624267578125,0.2886978089809418,0.9583108425140381,0.34710130000894424
82/825d0f45.jpg,main_object,0.0,0.0,0.0,0.0,0,0.0,,0.9539904594421387,11.608326000001398
82/825d0f45.jpg,hint,0.014673209795161015,0.02892204042348412,0.014673209795161015,1.0,40959,0.9195177801724138,0.6018871068954468,1.0028436183929443,0.6129912000033073
82/825d0f45.jpg,carpet,0.01466103968970312,0.028898398807520317,0.01466103968970312,1.0,40993,0.9202810704022989,0.49263739585876465,1.0019513368606567,0.36111939999682363
82/825d0f45.jpg,rug,0.014712362301101591,0.028998094135244023,0.014712362301101591,1.0,40850,0.9170707614942529,0.527653157711029,1.005429744720459,0.3650313999969512
82/825d0f45.jpg,area_rug,0.014700127189120438,0.028974328070386888,0.014700127189120438,1.0,40884,0.9178340517241379,0.700323760509491,1.0024749040603638,0.3641883999953279
83/8328b6ae.jpg,main_object,0.0,0.0,0.0,0.0,0,0.0,,0.8953967094421387,10.407799799999339
83/8328b6ae.jpg,hint,0.3539474728239308,0.5228378204151478,0.3539474728239308,1.0,63015,0.9615325927734375,0.5689787268638611,0.9785343408584595,0.4781383000081405
83/8328b6ae.jpg,carpet,0.3824089155593656,0.5532500713142914,0.3824089155593656,1.0,58325,0.8899688720703125,0.44058850407600403,0.971622884273529,0.28039099999296013
83/8328b6ae.jpg,rug,0.9934415990006246,0.9967100109666301,0.9950842382803772,0.9983411047345767,22377,0.3414459228515625,0.553337037563324,1.0121228694915771,0.270392600010382
83/8328b6ae.jpg,area_rug,0.38236958049750563,0.5532089043219446,0.38236958049750563,1.0,58331,0.8900604248046875,0.42569318413734436,0.9695761203765869,0.2818281000072602
83/835c08ac.jpg,main_object,1.0,1.0,1.0,1.0,7540,0.11505126953125,,0.8996866941452026,11.753474500001175
83/835c08ac.jpg,hint,0.0,0.0,0.0,0.0,2147,0.0327606201171875,0.3282882273197174,0.9958416819572449,0.5912659999885364
83/835c08ac.jpg,carpet,0.0,0.0,0.0,0.0,3310,0.050506591796875,0.6753079891204834,0.97334223985672,0.3036924000043655
83/835c08ac.jpg,rug,0.0,0.0,0.0,0.0,3310,0.050506591796875,0.6641741394996643,0.974940299987793,0.29884479999600444
83/835c08ac.jpg,area_rug,0.0,0.0,0.0,0.0,3310,0.050506591796875,0.6937745809555054,0.9730632305145264,0.3790581000066595
84/84009590.jpg,main_object,1.0,1.0,1.0,1.0,41349,0.6309356689453125,,0.9922299981117249,11.762884600000689
84/84009590.jpg,hint,0.0,0.0,0.0,0.0,1803,0.0275115966796875,0.3470662534236908,0.9764553904533386,0.5193906999920728
84/84009590.jpg,carpet,0.31962078889453194,0.48441308531109684,1.0,0.31962078889453194,13216,0.20166015625,0.7096076011657715,1.000368595123291,0.26629590000084136
84/84009590.jpg,rug,0.3196449732762582,0.4844408606091705,1.0,0.3196449732762582,13217,0.2016754150390625,0.7604947090148926,1.0008665323257446,0.27213169999595266
84/84009590.jpg,area_rug,0.31962078889453194,0.48441308531109684,1.0,0.31962078889453194,13216,0.20166015625,0.7452335953712463,0.9998632669448853,0.35908890000428073
84/84b21542.jpg,main_object,1.0,1.0,1.0,1.0,520,0.0079345703125,,0.918624997138977,12.354633700000704
84/84b21542.jpg,hint,0.0,0.0,0.0,0.0,25776,0.393310546875,0.34672439098358154,0.9295223355293274,0.5032167000026675
84/84b21542.jpg,carpet,0.0,0.0,0.0,0.0,25786,0.393463134765625,0.7080239057540894,0.9303916096687317,0.28877769999962766
84/84b21542.jpg,rug,0.0,0.0,0.0,0.0,25786,0.393463134765625,0.7294145822525024,0.9294481873512268,0.3009301999991294
84/84b21542.jpg,area_rug,0.0,0.0,0.0,0.0,25781,0.3933868408203125,0.7393757104873657,0.9289498329162598,0.2805936999939149
84/84d46503.jpg,main_object,0.0,0.0,0.0,0.0,0,0.0,,0.9012047052383423,11.317302999988897
84/84d46503.jpg,hint,0.892824655241422,0.9433780913293798,0.9146227821678843,0.9740001984717674,53656,0.8187255859375,0.652391791343689,0.9817776083946228,0.5851158000004943
84/84d46503.jpg,carpet,0.8873061209732818,0.9402885002203023,0.9086768980135883,0.9741788230624193,54017,0.8242340087890625,0.7903773188591003,0.9844956994056702,0.2859953000006499
84/84d46503.jpg,rug,0.8873061209732818,0.9402885002203023,0.9086768980135883,0.9741788230624193,54017,0.8242340087890625,0.7245674133300781,0.9843391180038452,0.29794840000977274
84/84d46503.jpg,area_rug,0.8891404764061226,0.9413174801035574,0.9105834338187552,0.9741986702391585,53905,0.8225250244140625,0.7401388883590698,0.9837867617607117,0.29626980000466574
85/851a6e6d.jpg,main_object,0.0,0.0,0.0,0.0,0,0.0,,0.9355506300926208,11.330718000011984
85/851a6e6d.jpg,hint,0.3328168412053858,0.49941872118661057,0.45970479704797046,0.5466432645897323,40650,0.620269775390625,0.6288767457008362,0.9684699177742004,0.5375845999951707
85/851a6e6d.jpg,carpet,0.32697902721999106,0.4928171742171527,0.4561617570158619,0.5358783091999415,40159,0.6127777099609375,0.8125615119934082,0.9574799537658691,0.29892580000159796
85/851a6e6d.jpg,rug,0.32706780325997786,0.4929179993012068,0.4558900295806508,0.5364926137194675,40229,0.6138458251953125,0.8375517725944519,0.9559378027915955,0.28700840000237804
85/851a6e6d.jpg,area_rug,0.3269673550252557,0.49280391682134883,0.45613904036254077,0.5358783091999415,40161,0.6128082275390625,0.7483131289482117,0.9566773176193237,0.2866599999979371
85/8593e7dc.jpg,main_object,1.0,1.0,1.0,1.0,1526,0.024631973140495866,,0.9517657160758972,10.976392800002941
85/8593e7dc.jpg,hint,0.14309827456864216,0.250369155045119,0.14309827456864216,1.0,10664,0.1721332644628099,0.43153345584869385,0.9276546239852905,0.5807399000041187
85/8593e7dc.jpg,carpet,0.0,0.0,0.0,0.0,2369,0.03823928202479339,0.35080835223197937,0.9854306578636169,0.2747042999981204
85/8593e7dc.jpg,rug,0.0,0.0,0.0,0.0,2395,0.038658961776859506,0.28432103991508484,0.9866570830345154,0.31021560000954196
85/8593e7dc.jpg,area_rug,0.0,0.0,0.0,0.0,2395,0.038658961776859506,0.30995649099349976,0.9825226664543152,0.29709430001094006
85/859bc76b.jpg,main_object,1.0,1.0,1.0,1.0,29894,0.456146240234375,,1.0062874555587769,11.145094299994525
85/859bc76b.jpg,hint,0.0,0.0,0.0,0.0,24536,0.3743896484375,0.4858739972114563,0.9813310503959656,0.531573300002492
85/859bc76b.jpg,carpet,0.47074200050390524,0.6401421871988694,0.47074200050390524,1.0,63504,0.968994140625,0.6847971081733704,1.0019822120666504,0.28710320001118816
85/859bc76b.jpg,rug,0.47074200050390524,0.6401421871988694,0.47074200050390524,1.0,63504,0.968994140625,0.7016339302062988,1.0021251440048218,0.3496493999991799
85/859bc76b.jpg,area_rug,0.47074200050390524,0.6401421871988694,0.47074200050390524,1.0,63504,0.968994140625,0.7026562094688416,1.0019848346710205,0.33552969999436755
86/864071d3.jpg,main_object,0.0,0.0,0.0,0.0,0,0.0,,0.9582469463348389,10.644971299989265
86/864071d3.jpg,hint,0.0,0.0,0.0,0.0,17354,0.264801025390625,0.7469261288642883,0.9697293043136597,0.4900835000007646
86/864071d3.jpg,carpet,0.0,0.0,0.0,0.0,17245,0.2631378173828125,0.7195242643356323,0.969562292098999,0.2742201000073692
86/864071d3.jpg,rug,0.0,0.0,0.0,0.0,17152,0.26171875,0.8007455468177795,0.9687420129776001,0.2617852999974275
86/864071d3.jpg,area_rug,0.0,0.0,0.0,0.0,17236,0.26300048828125,0.6393241286277771,0.96934974193573,0.2698188000067603
87/87d53cae.jpg,main_object,0.0,0.0,0.0,0.0,0,0.0,,0.8897093534469604,10.347642799999448
87/87d53cae.jpg,hint,0.9248134758864702,0.9609382804851245,0.9323433622828784,0.9913427051984994,25792,0.4046184738955823,0.5208700299263,0.9798542857170105,0.6166819000063697
87/87d53cae.jpg,carpet,0.0016860175499099513,0.0033663593588615583,0.02335456475583864,0.0018139093869810777,1884,0.029555722891566265,0.2645673453807831,0.9316341876983643,0.2816873999981908
87/87d53cae.jpg,rug,0.0,0.0,0.0,0.0,0,0.0,,,0.32708139999886043
87/87d53cae.jpg,area_rug,0.7564219462348687,0.8613214471116839,0.7611845852053407,0.9917961825452447,31606,0.4958270582329317,0.2840108573436737,0.9181196093559265,0.2885697000019718
87/87e4547c.jpg,main_object,1.0,1.0,1.0,1.0,24587,0.3751678466796875,,0.9987856149673462,10.996436600005836
87/87e4547c.jpg,hint,0.0,0.0,0.0,0.0,4637,0.0707550048828125,0.2958260774612427,0.9920739531517029,0.5050024000083795
87/87e4547c.jpg,carpet,0.9930378465897591,0.9965067630691742,0.9952131759360675,0.9978037174116403,24651,0.3761444091796875,0.8420604467391968,1.0073102712631226,0.2538496000051964
87/87e4547c.jpg,rug,0.9930780440414507,0.9965270020513028,0.9952535496957403,0.9978037174116403,24650,0.376129150390625,0.8459659814834595,1.0073572397232056,0.26403779999236576
87/87e4547c.jpg,area_rug,0.9931581717339379,0.9965673430422683,0.9953745029619411,0.9977630455118559,24646,0.376068115234375,0.8017727732658386,1.007357120513916,0.28976080000575166
88/8858684e.jpg,main_object,1.0,1.0,1.0,1.0,40976,0.9360380116959064,,0.9785057306289673,10.125952000002144
88/8858684e.jpg,hint,0.4501903553299492,0.6208707066287464,1.0,0.4501903553299492,18447,0.4213952850877193,0.4789140224456787,0.9553412199020386,0.6310828999994555
88/8858684e.jpg,carpet,0.9893134240960328,0.9946280079476046,0.999753439518714,0.9895548613822726,40558,0.9264894005847953,0.48831629753112793,0.9985225200653076,0.44247100000211503
88/8858684e.jpg,rug,0.9894842141218952,0.994714315497725,0.9997534820658203,0.9897256930886372,40565,0.9266493055555556,0.5188515782356262,0.996635913848877,0.39273780000803526
88/8858684e.jpg,area_rug,0.9891670326452935,0.9945540182513983,0.9997534030380746,0.9894084342053885,40552,0.9263523391812866,0.5302539467811584,1.00096595287323,0.37144940000143833
88/88b19c9c.jpg,main_object,0.0,0.0,0.0,0.0,0,0.0,,0.9388920068740845,11.295721999995294
88/88b19c9c.jpg,hint,0.08305148440435926,0.15336571825121442,0.26153846153846155,0.10849288168875798,845,0.013583461934156379,0.34943127632141113,0.9321919083595276,0.500166600002558
88/88b19c9c.jpg,carpet,0.0,0.0,0.0,0.0,7607,0.12228330761316872,0.7230901718139648,0.8508273363113403,0.30442990000301506
88/88b19c9c.jpg,rug,0.0,0.0,0.0,0.0,7655,0.12305491255144033,0.6756946444511414,0.8563823103904724,0.30534559999068733
88/88b19c9c.jpg,area_rug,0.0,0.0,0.0,0.0,7645,0.12289416152263374,0.7048383355140686,0.8552961945533752,0.2961671999946702
88/88bc7d39.jpg,main_object,1.0,1.0,1.0,1.0,29681,0.4528961181640625,,0.9878295660018921,13.701023300003726
88/88bc7d39.jpg,hint,0.7088135431112812,0.8295972910195057,0.7094411870288381,0.998753411273205,41785,0.6375885009765625,0.4820724427700043,0.9788627624511719,0.6657365999999456
88/88bc7d39.jpg,carpet,0.7097608274078863,0.8302457466918715,0.710356064599607,0.9988207944476264,41734,0.636810302734375,0.749300479888916,0.9770404100418091,0.4867091000051005
88/88bc7d39.jpg,rug,0.7098998994204704,0.8303408868098933,0.7105294695716785,0.998753411273205,41721,0.6366119384765625,0.7935551404953003,0.9775954484939575,0.3781692999909865
88/88bc7d39.jpg,area_rug,0.7087866108786611,0.8295788442703232,0.7093972097920506,0.9987871028604157,41789,0.6376495361328125,0.7756251692771912,0.9782089591026306,0.3126077999913832
89/89d183a2.jpg,main_object,0.0,0.0,0.0,0.0,0,0.0,,0.9775075912475586,13.443716000008862
89/89d183a2.jpg,hint,0.3005228339735382,0.4621569512245149,0.9500758981278462,0.30534475281873374,5929,0.11522465796019901,0.36864134669303894,0.9760510921478271,0.5557369000016479
89/89d183a2.jpg,carpet,0.0004255862450525599,0.0008508103969030502,0.0019766752322593396,0.0005420641803989592,5059,0.09831700870646766,0.3899902403354645,0.9354594349861145,0.41943159999209456
89/89d183a2.jpg,rug,0.001513940872198158,0.0030233046399328156,0.006707657909446618,0.0019514310494362533,5367,0.10430270522388059,0.38860926032066345,0.948055624961853,0.4221451000048546
89/89d183a2.jpg,area_rug,0.02716801602537351,0.05289887457847479,0.10559610705596106,0.035288378143972246,6165,0.11981110074626866,0.3940219581127167,0.9358470439910889,0.43467580000287853
8a/8ac9fb4f.jpg,main_object,0.0,0.0,0.0,0.0,0,0.0,,0.9522150754928589,13.959432300005574
8a/8ac9fb4f.jpg,hint,0.0,0.0,0.0,0.0,7813,0.1192169189453125,0.3463101387023926,0.9506934881210327,0.6167851999925915
8a/8ac9fb4f.jpg,carpet,0.0,0.0,0.0,0.0,7209,0.1100006103515625,0.5956358909606934,0.9542474150657654,0.3792008000018541
8a/8ac9fb4f.jpg,rug,0.0,0.0,0.0,0.0,7194,0.109771728515625,0.6017307639122009,0.9525943398475647,0.39456860000791494
8a/8ac9fb4f.jpg,area_rug,0.0,0.0,0.0,0.0,7802,0.119049072265625,0.6567294597625732,0.9515150189399719,0.3350964999990538
8d/8d6b4b99.jpg,main_object,1.0,1.0,1.0,1.0,2467,0.0376434326171875,,0.9398388862609863,13.03966439999931
8d/8d6b4b99.jpg,hint,0.10145165933297692,0.18421445639187575,0.10145165933297692,1.0,24317,0.3710479736328125,0.7889373302459717,0.9989247918128967,0.6282430999999633
8d/8d6b4b99.jpg,carpet,0.0,0.0,0.0,0.0,3681,0.0561676025390625,0.4449089467525482,0.9815621972084045,0.36208709998754784
8d/8d6b4b99.jpg,rug,0.0,0.0,0.0,0.0,0,0.0,0.3633093535900116,0.9402234554290771,0.34154779999516904
8d/8d6b4b99.jpg,area_rug,0.0,0.0,0.0,0.0,3684,0.05621337890625,0.4679844379425049,0.9815040230751038,0.343256799998926
8d/8d6bf2d4.jpg,main_object,1.0,1.0,1.0,1.0,38862,0.592987060546875,,0.9959173798561096,14.715588499995647
8d/8d6bf2d4.jpg,hint,0.700578826838812,0.8239298476285403,0.7007051779176511,0.9997426792239206,55447,0.8460540771484375,0.5418382287025452,0.9587874412536621,0.6553527000069153
8d/8d6bf2d4.jpg,carpet,0.8114713008605564,0.8959250974332956,0.8116747451111482,0.9996912150687046,47864,0.7303466796875,0.8076502680778503,0.9569900035858154,0.363307799998438
8d/8d6bf2d4.jpg,rug,0.8091984669221797,0.8945380860274478,0.8094345126474143,0.9996397509134888,47994,0.732330322265625,0.8317945599555969,0.9570130705833435,0.3940713999909349
8d/8d6bf2d4.jpg,area_rug,0.8094474079013169,0.8946901737698499,0.8097004814807095,0.9996140188358809,47977,0.7320709228515625,0.7881371378898621,0.9532471895217896,0.34734710000338964
8f/8f80ecaa.jpg,main_object,1.0,1.0,1.0,1.0,25708,0.39227294921875,,0.988808274269104,12.73434090000228
8f/8f80ecaa.jpg,hint,0.0,0.0,0.0,0.0,15017,0.2291412353515625,0.5758399367332458,0.9922803044319153,0.5156489000073634
8f/8f80ecaa.jpg,carpet,0.0,0.0,0.0,0.0,15004,0.22894287109375,0.7442079782485962,0.9949661493301392,0.28860830000485294
8f/8f80ecaa.jpg,rug,0.0,0.0,0.0,0.0,15005,0.2289581298828125,0.7878300547599792,0.994970977306366,0.2786668000044301
8f/8f80ecaa.jpg,area_rug,0.0,0.0,0.0,0.0,15002,0.228912353515625,0.7599570155143738,0.9958128333091736,0.2818570999952499
91/911bac33.jpg,main_object,0.0,0.0,0.0,0.0,0,0.0,,0.9225537776947021,11.300122800006648
91/911bac33.jpg,hint,0.9841173931808372,0.9919951274688941,0.9985111227885795,0.9855636237897649,22836,0.34844970703125,0.5419148206710815,0.9864687919616699,0.5170958999951836
91/911bac33.jpg,carpet,0.0,0.0,0.0,0.0,7093,0.1082305908203125,0.550011396408081,0.9856017827987671,0.29077849999885075
91/911bac33.jpg,rug,0.0,0.0,0.0,0.0,7092,0.10821533203125,0.4774952530860901,0.9855822324752808,0.2803325999993831
91/911bac33.jpg,area_rug,0.0,0.0,0.0,0.0,7107,0.1084442138671875,0.5885977745056152,0.9856911897659302,0.28465619999042246
92/92eb000d.jpg,main_object,1.0,1.0,1.0,1.0,22060,0.33660888671875,,0.9694792628288269,11.334026500000618
92/92eb000d.jpg,hint,0.9774262272789085,0.9885842655419035,0.9999536264143943,0.9774705349048051,21564,0.32904052734375,0.38213059306144714,0.9841511845588684,0.5078952999901958
92/92eb000d.jpg,carpet,0.9768369520873941,0.9882827726949622,0.9999535984409076,0.9768812330009066,21551,0.3288421630859375,0.7637214660644531,0.9836015105247498,0.28302120001171716
92/92eb000d.jpg,rug,0.9758850460087938,0.9877953659096123,0.9999535531816071,0.9759292837715322,21530,0.328521728515625,0.7748655676841736,0.9818385243415833,0.28028289999929257
92/92eb000d.jpg,area_rug,0.9774262272789085,0.9885842655419035,0.9999536264143943,0.9774705349048051,21564,0.32904052734375,0.7545286417007446,0.9845988154411316,0.28087990000494756
94/946e88ab.jpg,main_object,1.0,1.0,1.0,1.0,1528,0.0233154296875,,0.9506953954696655,11.24086079999688
94/946e88ab.jpg,hint,0.0,0.0,0.0,0.0,1949,0.0297393798828125,0.4066954553127289,0.9475637078285217,0.5094807999994373
94/946e88ab.jpg,carpet,0.0,0.0,0.0,0.0,0,0.0,,,0.2746210000041174
94/946e88ab.jpg,rug,0.0,0.0,0.0,0.0,0,0.0,,,0.2805413000023691
94/946e88ab.jpg,area_rug,0.0,0.0,0.0,0.0,0,0.0,,,0.26418319999356754
95/95f8c680.jpg,main_object,1.0,1.0,1.0,1.0,63504,0.968994140625,,1.0061595439910889,11.821525000006659
95/95f8c680.jpg,hint,1.0,1.0,1.0,1.0,63504,0.968994140625,0.6033867597579956,1.0210306644439697,0.5188310000085039
95/95f8c680.jpg,carpet,1.0,1.0,1.0,1.0,63504,0.968994140625,0.7573016881942749,1.021026372909546,0.2772866999875987
95/95f8c680.jpg,rug,1.0,1.0,1.0,1.0,63504,0.968994140625,0.808530867099762,1.0210262537002563,0.290099799996824
95/95f8c680.jpg,area_rug,1.0,1.0,1.0,1.0,63504,0.968994140625,0.7204371690750122,1.0210254192352295,0.2933970000012778
97/97fe7082.jpg,main_object,1.0,1.0,1.0,1.0,33955,0.5181121826171875,,0.9702878594398499,12.77068619999045
97/97fe7082.jpg,hint,0.23378166850252188,0.3789676479571459,0.9369191449814126,0.2375202473862465,8608,0.13134765625,0.5500898957252502,0.9829440116882324,0.6435635000088951
97/97fe7082.jpg,carpet,0.0,0.0,0.0,0.0,14273,0.2177886962890625,0.46411141753196716,0.980906069278717,0.3730624000017997
97/97fe7082.jpg,rug,0.0,0.0,0.0,0.0,3151,0.0480804443359375,0.3276095390319824,0.947582483291626,0.2686369000002742
97/97fe7082.jpg,area_rug,0.0,0.0,0.0,0.0,14272,0.2177734375,0.4219079315662384,0.981234073638916,0.2817393000004813
98/981c0c34.jpg,main_object,0.0,0.0,0.0,0.0,0,0.0,,0.9333187937736511,11.240654200009885
98/981c0c34.jpg,hint,0.0,0.0,0.0,0.0,0,0.0,,,0.3583523999986937
98/981c0c34.jpg,carpet,0.0,0.0,0.0,0.0,5095,0.0777435302734375,0.317514568567276,0.9907838702201843,0.49696859999676235
98/981c0c34.jpg,rug,0.9961587708066582,0.9980756895445798,0.9993577392421323,0.9967969250480462,1557,0.0237579345703125,0.4570441246032715,0.9867912530899048,0.27870460000121966
98/981c0c34.jpg,area_rug,0.0,0.0,0.0,0.0,5095,0.0777435302734375,0.38045525550842285,0.9905458688735962,0.3123672999936389
99/99f8d9dd.jpg,main_object,1.0,1.0,1.0,1.0,4416,0.0673828125,,0.9577649831771851,11.114603800000623
99/99f8d9dd.jpg,hint,0.22305229455709713,0.3647469458987784,0.22335877862595419,0.9938858695652174,19650,0.299835205078125,0.3011800944805145,0.9492480158805847,0.5117726000025868
99/99f8d9dd.jpg,carpet,0.0,0.0,0.0,0.0,32897,0.5019683837890625,0.6138657331466675,0.9742600321769714,0.27639619998808485
99/99f8d9dd.jpg,rug,0.0,0.0,0.0,0.0,32792,0.5003662109375,0.6627341508865356,0.9745205640792847,0.2825018000003183
99/99f8d9dd.jpg,area_rug,0.0,0.0,0.0,0.0,31495,0.4805755615234375,0.6355074048042297,0.9786987900733948,0.27714529998775106
9d/9daa134c.jpg,main_object,1.0,1.0,1.0,1.0,2316,0.03533935546875,,0.9860682487487793,10.761947999999393
9d/9daa134c.jpg,hint,0.07880212591986917,0.14609189957366178,0.07881018092609629,0.9987046632124352,29349,0.4478302001953125,0.43941226601600647,0.9644258618354797,0.5378188999893609
9d/9daa134c.jpg,carpet,0.0,0.0,0.0,0.0,2246,0.034271240234375,0.5892926454544067,0.9870039820671082,0.2844053000007989
9d/9daa134c.jpg,rug,0.07903639159405433,0.14649439483184495,0.07904449456633177,0.9987046632124352,29262,0.446502685546875,0.3587333559989929,0.966419517993927,0.28247960000589956
9d/9daa134c.jpg,area_rug,0.0,0.0,0.0,0.0,2248,0.0343017578125,0.49245601892471313,0.9873548150062561,0.28907459999027196
9f/9f36c4be.jpg,main_object,1.0,1.0,1.0,1.0,20956,0.31976318359375,,0.9874616265296936,11.260699499995098
9f/9f36c4be.jpg,hint,0.0,0.0,0.0,0.0,20413,0.3114776611328125,0.32173633575439453,0.9574182629585266,0.5371044000057736
9f/9f36c4be.jpg,carpet,0.9552259242355089,0.9771003057961204,0.9564045149202577,0.9987115861805688,21883,0.3339080810546875,0.7137985825538635,0.9838120341300964,0.3121860000101151
9f/9f36c4be.jpg,rug,0.9590378006872852,0.9790906539433062,0.9601376146788991,0.9988070242412674,21800,0.3326416015625,0.7370537519454956,0.9841238856315613,0.28586750000249594
9f/9f36c4be.jpg,area_rug,0.9620352070597968,0.980650299850075,0.9631419105466593,0.9988070242412674,21732,0.33160400390625,0.7328701019287109,0.9840508699417114,0.30382479999389034
9f/9f6cf147.jpg,main_object,0.0,0.0,0.0,0.0,0,0.0,,0.9182164669036865,11.708758599997964
9f/9f6cf147.jpg,hint,0.25578861345682374,0.40737527114967464,0.31789559211862684,0.566960512015457,14769,0.24445511122881355,0.29247888922691345,0.9437779188156128,0.5454448000091361
9f/9f6cf147.jpg,carpet,0.0,0.0,0.0,0.0,2572,0.04257150423728814,0.4371984601020813,1.0070663690567017,0.3062156999949366
9f/9f6cf147.jpg,rug,0.0,0.0,0.0,0.0,2572,0.04257150423728814,0.3735692501068115,1.0071063041687012,0.2925004999997327
9f/9f6cf147.jpg,area_rug,0.0,0.0,0.0,0.0,2573,0.0425880561440678,0.43198660016059875,1.0067343711853027,0.3049863999913214
9f/9fcee137.jpg,main_object,1.0,1.0,1.0,1.0,63504,0.968994140625,,0.9994555115699768,12.57514670000819
9f/9fcee137.jpg,hint,1.0,1.0,1.0,1.0,63504,0.968994140625,0.5136427879333496,1.0146124362945557,0.6430118999996921
9f/9fcee137.jpg,carpet,1.0,1.0,1.0,1.0,63504,0.968994140625,0.863314151763916,1.0146030187606812,0.33673350000754
9f/9fcee137.jpg,rug,1.0,1.0,1.0,1.0,63504,0.968994140625,0.8840150237083435,1.0146070718765259,0.3442425999965053
9f/9fcee137.jpg,area_rug,1.0,1.0,1.0,1.0,63504,0.968994140625,0.7716326117515564,1.0146043300628662,0.33626140000706073
a0/a0a83e62.jpg,main_object,1.0,1.0,1.0,1.0,3824,0.058349609375,,0.9038930535316467,14.336286399993696
a0/a0a83e62.jpg,hint,0.0,0.0,0.0,0.0,23488,0.3583984375,0.48261868953704834,0.9822396039962769,0.5196968999953242
a0/a0a83e62.jpg,carpet,0.0,0.0,0.0,0.0,23154,0.353302001953125,0.7037631869316101,0.9897068738937378,0.3048611999984132
a0/a0a83e62.jpg,rug,0.0,0.0,0.0,0.0,23424,0.357421875,0.7209393978118896,0.9882451295852661,0.30221730000630487
a0/a0a83e62.jpg,area_rug,0.0,0.0,0.0,0.0,23488,0.3583984375,0.700531005859375,0.9859156012535095,0.2916363999975147
a2/a2c10d4f.jpg,main_object,0.0,0.0,0.0,0.0,0,0.0,,0.9255855679512024,11.259229500006768
a2/a2c10d4f.jpg,hint,0.9784714747039828,0.9891186071817193,0.9852323533396559,0.9930356411306841,7381,0.1126251220703125,0.6486955881118774,0.9868786334991455,0.5169906999944942
a2/a2c10d4f.jpg,carpet,0.0005372011818426001,0.0010738255033557046,0.000798562587342783,0.0016386726751331422,15027,0.2292938232421875,0.6977752447128296,0.9759983420372009,0.28947649999463465
a2/a2c10d4f.jpg,rug,0.00017917133258678612,0.00035827847194231716,0.0002665600426496068,0.0005462242250443807,15006,0.228973388671875,0.6755653023719788,0.9671452045440674,0.2938055000122404
a2/a2c10d4f.jpg,area_rug,0.0005372252316783811,0.0010738735513893239,0.0007986157327299348,0.0016386726751331422,15026,0.229278564453125,0.6943532824516296,0.975014865398407,0.3675068000011379
a3/a354be65.jpg,main_object,1.0,1.0,1.0,1.0,21120,0.322265625,,1.0115164518356323,11.365419599998859
a3/a354be65.jpg,hint,0.0,0.0,0.0,0.0,8113,0.1237945556640625,0.4768516421318054,0.9831315875053406,0.5222198000119533
a3/a354be65.jpg,carpet,0.0,0.0,0.0,0.0,18843,0.2875213623046875,0.452134370803833,0.9894257187843323,0.28618520000600256
a3/a354be65.jpg,rug,0.0,0.0,0.0,0.0,18842,0.287506103515625,0.4395339787006378,0.9896238446235657,0.2828544999938458
a3/a354be65.jpg,area_rug,0.0,0.0,0.0,0.0,18839,0.2874603271484375,0.47251829504966736,0.9899068474769592,0.28399830000125803
a3/a355c9b0.jpg,main_object,0.0,0.0,0.0,0.0,0,0.0,,0.9054795503616333,11.03550689999247
a3/a355c9b0.jpg,hint,0.0719916273269796,0.13431378658523918,0.07939977405570019,0.43553819210561767,40718,0.8284098307291666,0.6075826287269592,0.9786338210105896,0.5869325999956345
a3/a355c9b0.jpg,carpet,0.0,0.0,0.0,0.0,1637,0.033304850260416664,0.27863436937332153,0.9725455641746521,0.3489394999924116
a3/a355c9b0.jpg,rug,0.0,0.0,0.0,0.0,0,0.0,0.35990390181541443,0.9839105010032654,0.40493389999028295
a3/a355c9b0.jpg,area_rug,0.0,0.0,0.0,0.0,0,0.0,,,0.4569273999950383
a5/a51dd9b7.jpg,main_object,1.0,1.0,1.0,1.0,915,0.0139617919921875,,0.8954643607139587,11.175011700004688
a5/a51dd9b7.jpg,hint,0.0,0.0,0.0,0.0,8642,0.131866455078125,0.42199835181236267,0.9479469656944275,0.5186153999966336
a5/a51dd9b7.jpg,carpet,0.0,0.0,0.0,0.0,8642,0.131866455078125,0.5648791193962097,0.9486411809921265,0.29043719999026507
a5/a51dd9b7.jpg,rug,0.0,0.0,0.0,0.0,8641,0.1318511962890625,0.5249438285827637,0.9485609531402588,0.2883769000036409
a5/a51dd9b7.jpg,area_rug,0.0,0.0,0.0,0.0,8641,0.1318511962890625,0.641081690788269,0.9481098651885986,0.28310199998668395
aa/aa95b8aa.jpg,main_object,1.0,1.0,1.0,1.0,61056,0.931640625,,1.015562891960144,12.71462739999697
aa/aa95b8aa.jpg,hint,0.996328388897048,0.9981608180681233,0.996328388897048,1.0,61281,0.9350738525390625,0.6009868383407593,0.9558024406433105,0.633378399987123
aa/aa95b8aa.jpg,carpet,0.23054245283018868,0.3747005270723527,1.0,0.23054245283018868,14076,0.21478271484375,0.4059753119945526,0.9931302666664124,0.3592618999973638
aa/aa95b8aa.jpg,rug,0.23054245283018868,0.3747005270723527,1.0,0.23054245283018868,14076,0.21478271484375,0.48069465160369873,0.9932848215103149,0.346911500004353
aa/aa95b8aa.jpg,area_rug,0.23059158805031446,0.37476542223996806,1.0,0.23059158805031446,14079,0.2148284912109375,0.49616700410842896,0.9927338361740112,0.3435944999946514
ab/ab14547f.jpg,main_object,0.0,0.0,0.0,0.0,0,0.0,,0.8938066959381104,12.884901400000672
ab/ab14547f.jpg,hint,0.5800379991831951,0.734207657642471,0.580852804153775,0.9975874179264009,56238,0.8614889705882353,0.49602755904197693,0.9241100549697876,0.6815264000033494
ab/ab14547f.jpg,carpet,0.6223527386122324,0.7672224711681328,0.6249111550800085,0.9934646510917697,52057,0.7974417892156863,0.34254735708236694,0.9635224342346191,0.3761640000011539
ab/ab14547f.jpg,rug,0.6222885343739241,0.7671736823487796,0.6248343416882742,0.9934951901053596,52065,0.7975643382352942,0.34576401114463806,0.9623574614524841,0.36253430000215303
ab/ab14547f.jpg,area_rug,0.6221945852865206,0.7671022834497075,0.6248967120813236,0.9930981829286915,52039,0.7971660539215686,0.3711286783218384,0.9688116312026978,0.363759999992908
ab/ab784771.jpg,main_object,0.0,0.0,0.0,0.0,0,0.0,,0.9519718885421753,12.8548002000025
ab/ab784771.jpg,hint,0.13593654868275987,0.2393382779001043,0.8984230560087004,0.1380583919648378,9195,0.1403045654296875,0.4021320343017578,0.9515337944030762,0.5306566999934148
ab/ab784771.jpg,carpet,0.13516671603963004,0.23814425516491483,0.8987743488728387,0.13725621271119876,9138,0.139434814453125,0.3605000376701355,0.9544501900672913,0.27990789999603294
ab/ab784771.jpg,rug,0.13797472520239584,0.24249172173460387,0.8996781115879828,0.14013068837007203,9320,0.1422119140625,0.41614583134651184,0.9549839496612549,0.29958439999609254
ab/ab784771.jpg,area_rug,0.890573267933783,0.9421198141737135,0.9149187452758881,0.970987850326721,63504,0.968994140625,0.42136573791503906,0.9804210662841797,0.3635304999916116
ae/ae216eed.jpg,main_object,1.0,1.0,1.0,1.0,31253,0.4768829345703125,,1.0032110214233398,12.663598700004513
ae/ae216eed.jpg,hint,0.7599299491644979,0.8635911327325999,0.7601148334671435,0.9996800307170511,41103,0.6271820068359375,0.6608095169067383,0.9934898614883423,0.574075399999856
ae/ae216eed.jpg,carpet,0.7624731497754345,0.8652309396856174,0.7627710490330143,0.9994880491472818,40952,0.6248779296875,0.6943869590759277,0.9864791631698608,0.2790124999883119
ae/ae216eed.jpg,rug,0.762,0.8649262202043133,0.7622044938886042,0.9996480337887563,40989,0.6254425048828125,0.7266977429389954,0.9869609475135803,0.30101309999008663
ae/ae216eed.jpg,area_rug,0.7642338088130949,0.8663634094250132,0.7645705333757619,0.9994240552906921,40853,0.6233673095703125,0.6787057518959045,0.9890449643135071,0.36612049999530427
b4/b44ec23f.jpg,main_object,1.0,1.0,1.0,1.0,14331,0.2186737060546875,,0.9841653108596802,11.335275200006436
b4/b44ec23f.jpg,hint,0.9959548054121914,0.9979733035152701,0.9995100440960314,0.99644128113879,14287,0.2180023193359375,0.5305466651916504,0.9756453633308411,0.48518659999535885
b4/b44ec23f.jpg,carpet,0.996024550146464,0.9980083161536043,0.999510078387458,0.9965110599399902,14288,0.218017578125,0.7432215213775635,0.974902868270874,0.2622322999959579
b4/b44ec23f.jpg,rug,0.9959548054121914,0.9979733035152701,0.9995100440960314,0.99644128113879,14287,0.2180023193359375,0.808517336845398,0.9760374426841736,0.3001600999996299
b4/b44ec23f.jpg,area_rug,0.9959548054121914,0.9979733035152701,0.9995100440960314,0.99644128113879,14287,0.2180023193359375,0.7483078241348267,0.9747057557106018,0.25311790000705514
b5/b5269505.jpg,main_object,1.0,1.0,1.0,1.0,5352,0.15486111111111112,,0.9130240082740784,10.095644100001664
b5/b5269505.jpg,hint,0.0,0.0,0.0,0.0,4338,0.12552083333333333,0.3019084334373474,0.8751006126403809,0.5491305000032298
b5/b5269505.jpg,carpet,0.0,0.0,0.0,0.0,2521,0.07294560185185185,0.6905642151832581,0.9764592051506042,0.3605234999995446
b5/b5269505.jpg,rug,0.0,0.0,0.0,0.0,2520,0.07291666666666667,0.7000719308853149,0.9758421778678894,0.3457518000068376
b5/b5269505.jpg,area_rug,0.0,0.0,0.0,0.0,2533,0.07329282407407407,0.71115642786026,0.9763475060462952,0.33998910000082105
b5/b5514d9c.jpg,main_object,0.0,0.0,0.0,0.0,0,0.0,,0.8812055587768555,10.063374199991813
b5/b5514d9c.jpg,hint,0.5038025442477876,0.6700381591650959,0.9994513784117405,0.5039419087136929,14582,0.222503662109375,0.5606856346130371,0.9788805246353149,0.5424754000123357
b5/b5514d9c.jpg,carpet,0.503387721238938,0.6696711887790296,0.9994509265614276,0.5035269709543568,14570,0.222320556640625,0.7008374929428101,0.9798743724822998,0.26057959999889135
b5/b5514d9c.jpg,rug,0.5034914269911505,0.669762950359828,0.9994510395937694,0.5036307053941909,14573,0.2223663330078125,0.7723122835159302,0.9791033267974854,0.2752334999968298
b5/b5514d9c.jpg,area_rug,0.5034914269911505,0.669762950359828,0.9994510395937694,0.5036307053941909,14573,0.2223663330078125,0.7375308275222778,0.9790281057357788,0.2734768999944208
b5/b5b256c0.jpg,main_object,1.0,1.0,1.0,1.0,20512,0.4108974358974359,,0.9865735769271851,10.423099399995408
b5/b5b256c0.jpg,hint,0.4296246648793566,0.6010314111579934,0.4296246648793566,1.0,47744,0.9564102564102565,0.486711710691452,0.985372006893158,0.528682399992249
b5/b5b256c0.jpg,carpet,0.0,0.0,0.0,0.0,13563,0.27169471153846153,0.3757525384426117,0.9935035109519958,0.31287360000715125
b5/b5b256c0.jpg,rug,0.4324506662169,0.6037913575886024,0.4324506662169,1.0,47432,0.9501602564102564,0.432201087474823,0.9827430248260498,0.36737940000602975
b5/b5b256c0.jpg,area_rug,0.4489974608177918,0.6197353314399662,0.4489974608177918,1.0,45684,0.9151442307692308,0.37237632274627686,0.9773957133293152,0.3134231000003638
b8/b82adf94.jpg,main_object,1.0,1.0,1.0,1.0,57718,0.880706787109375,,0.9969227313995361,10.065997999990941
b8/b82adf94.jpg,hint,0.9950349963796848,0.9975113200373302,0.9950349963796848,1.0,58006,0.885101318359375,0.6804775595664978,0.9570428729057312,0.521009399992181
b8/b82adf94.jpg,carpet,0.28869676703974495,0.4480445275003025,1.0,0.28869676703974495,16663,0.2542572021484375,0.41260358691215515,0.9561418294906616,0.2580569999990985
b8/b82adf94.jpg,rug,0.28862746456911187,0.4479610632319131,1.0,0.28862746456911187,16659,0.2541961669921875,0.46579331159591675,0.9566069841384888,0.27356509999663103
b8/b82adf94.jpg,area_rug,0.28859281333379533,0.44791932773109244,1.0,0.28859281333379533,16657,0.2541656494140625,0.46067631244659424,0.957520604133606,0.26745620000292547
b8/b8ce6cbf.jpg,main_object,0.0,0.0,0.0,0.0,0,0.0,,0.912621021270752,10.064529600000242
b8/b8ce6cbf.jpg,hint,0.0,0.0,0.0,0.0,33366,0.509124755859375,0.408708781003952,0.966597318649292,0.5462909000052605
b8/b8ce6cbf.jpg,carpet,0.0,0.0,0.0,0.0,33391,0.5095062255859375,0.43623587489128113,0.9652155637741089,0.28259829999296926
b8/b8ce6cbf.jpg,rug,0.0,0.0,0.0,0.0,33383,0.5093841552734375,0.607808530330658,0.9652183651924133,0.2535892000014428
b8/b8ce6cbf.jpg,area_rug,0.0,0.0,0.0,0.0,33414,0.509857177734375,0.5340977311134338,0.9660160541534424,0.2700413999991724
b9/b9e5f582.jpg,main_object,1.0,1.0,1.0,1.0,40486,0.9357895710059172,,1.0121502876281738,10.209759000004851
b9/b9e5f582.jpg,hint,0.7406757891616855,0.851020958381224,1.0,0.7406757891616855,29987,0.6931166789940828,0.5780798196792603,0.9966479539871216,0.5897168999945279
b9/b9e5f582.jpg,carpet,0.7406510892654251,0.8510046543307981,1.0,0.7406510892654251,29986,0.6930935650887574,0.4386861324310303,0.9972197413444519,0.37505919999966864
b9/b9e5f582.jpg,rug,0.7406510892654251,0.8510046543307981,1.0,0.7406510892654251,29986,0.6930935650887574,0.49749574065208435,0.9970702528953552,0.36935180000727996
b9/b9e5f582.jpg,area_rug,0.7406510892654251,0.8510046543307981,1.0,0.7406510892654251,29986,0.6930935650887574,0.5513912439346313,0.9971860647201538,0.3700583000027109
ba/ba64b33e.jpg,main_object,1.0,1.0,1.0,1.0,20848,0.318115234375,,0.9833182692527771,10.044679900005576
ba/ba64b33e.jpg,hint,0.8532303707611876,0.9208033542108804,0.9999437886453063,0.8532712970069072,17790,0.271453857421875,0.6091576814651489,0.9893761873245239,0.48875439999392256
ba/ba64b33e.jpg,carpet,0.0,0.0,0.0,0.0,0,0.0,,,0.2553103999962332
ba/ba64b33e.jpg,rug,0.0,0.0,0.0,0.0,0,0.0,,,0.2846674000029452
ba/ba64b33e.jpg,area_rug,0.0,0.0,0.0,0.0,0,0.0,,,0.2567045999894617
ba/ba9fccc8.jpg,main_object,1.0,1.0,1.0,1.0,3560,0.0543212890625,,0.9406719207763672,10.077365000004647
ba/ba9fccc8.jpg,hint,0.23889410817339954,0.3856570252410356,0.23889410817339954,1.0,14902,0.227386474609375,0.6045092344284058,1.0064668655395508,0.4726179000135744
ba/ba9fccc8.jpg,carpet,0.0,0.0,0.0,0.0,9350,0.142669677734375,0.5634677410125732,0.9909522533416748,0.25950600000214763
ba/ba9fccc8.jpg,rug,0.0,0.0,0.0,0.0,9357,0.1427764892578125,0.5450019836425781,0.9911308288574219,0.25662329999613576
ba/ba9fccc8.jpg,area_rug,0.0,0.0,0.0,0.0,9355,0.1427459716796875,0.5929858684539795,0.9910773634910583,0.2599412999988999
ba/baf91bee.jpg,main_object,1.0,1.0,1.0,1.0,1176,0.03328804347826087,,0.9810396432876587,9.983460899995407
ba/baf91bee.jpg,hint,0.9816360601001669,0.9907329401853412,0.9816360601001669,1.0,1198,0.03391077898550725,0.4205580949783325,0.9966386556625366,0.5490968999947654
ba/baf91bee.jpg,carpet,0.03677873338545739,0.07094808603058732,0.03677873338545739,1.0,31975,0.9050894474637681,0.41170287132263184,0.9794405698776245,0.34844679999514483
ba/baf91bee.jpg,rug,0.03677873338545739,0.07094808603058732,0.03677873338545739,1.0,31975,0.9050894474637681,0.46225205063819885,0.9794520139694214,0.35651319999305997
ba/baf91bee.jpg,area_rug,0.03678678678678678,0.07096307023895727,0.03678678678678678,1.0,31968,0.904891304347826,0.40535321831703186,0.9797083735466003,0.3475732000079006
bb/bb09f081.jpg,main_object,1.0,1.0,1.0,1.0,19216,0.2978670634920635,,0.9783504605293274,10.077293499998632
bb/bb09f081.jpg,hint,0.9896880639340037,0.9948173101839854,0.9907608134613399,0.9989071606994172,19374,0.30031622023809523,0.6658951640129089,0.9826877117156982,0.5063723999919603
bb/bb09f081.jpg,carpet,0.0,0.0,0.0,0.0,2886,0.044735863095238096,0.5862510204315186,0.9336036443710327,0.25188800001342315
bb/bb09f081.jpg,rug,0.0,0.0,0.0,0.0,2889,0.04478236607142857,0.5711470246315002,0.9350403547286987,0.26498540000466164
bb/bb09f081.jpg,area_rug,0.0,0.0,0.0,0.0,2906,0.045045882936507936,0.6155379414558411,0.9368948340415955,0.29251339999609627
bc/bc80fc9f.jpg,main_object,0.0,0.0,0.0,0.0,0,0.0,,0.9546725749969482,10.44642290000047
bc/bc80fc9f.jpg,hint,0.00012101723631208616,0.00024200518582541053,0.0001429329848491036,0.0007886435331230284,48974,0.747283935546875,0.6077024340629578,0.9797875285148621,0.4852190999954473
bc/bc80fc9f.jpg,carpet,0.0,0.0,0.0,0.0,48635,0.7421112060546875,0.6821354627609253,0.9797176122665405,0.26018650000332855
bc/bc80fc9f.jpg,rug,0.0,0.0,0.0,0.0,48638,0.742156982421875,0.7328446507453918,0.9782155752182007,0.2558617000031518
bc/bc80fc9f.jpg,area_rug,0.0,0.0,0.0,0.0,48796,0.74456787109375,0.7276996970176697,0.9821595549583435,0.2590513000031933
bc/bcb7af0e.jpg,main_object,0.0,0.0,0.0,0.0,0,0.0,,0.8956854343414307,9.873010800001794
bc/bcb7af0e.jpg,hint,0.0,0.0,0.0,0.0,31687,0.4854013480392157,0.36909356713294983,0.9794856309890747,0.47258629999123514
bc/bcb7af0e.jpg,carpet,0.0,0.0,0.0,0.0,2069,0.03169424019607843,0.3395693302154541,0.8394914269447327,0.25102460000198334
bc/bcb7af0e.jpg,rug,0.0,0.0,0.0,0.0,0,0.0,,,0.25328850001096725
bc/bcb7af0e.jpg,area_rug,0.0,0.0,0.0,0.0,39639,0.6072150735294117,0.3063746392726898,0.9468396902084351,0.272327899991069
bc/bce574bc.jpg,main_object,1.0,1.0,1.0,1.0,15071,0.2308670343137255,,0.9305585026741028,10.330232099993736
bc/bce574bc.jpg,hint,0.9331721529973344,0.965430990251411,0.9342146093216658,0.9988056532413244,16113,0.24682904411764706,0.5351596474647522,0.9371430277824402,0.48915090000082273
bc/bce574bc.jpg,carpet,0.0,0.0,0.0,0.0,12837,0.1966452205882353,0.6842958331108093,0.909331738948822,0.25088740000501275
bc/bce574bc.jpg,rug,0.0,0.0,0.0,0.0,12813,0.19627757352941178,0.6460123062133789,0.9075638651847839,0.2642887999973027
bc/bce574bc.jpg,area_rug,0.0,0.0,0.0,0.0,13158,0.2015625,0.6642272472381592,0.9006786942481995,0.2659018999984255
bd/bd22a06a.jpg,main_object,1.0,1.0,1.0,1.0,3523,0.0537567138671875,,0.9776955842971802,10.296793700006674
bd/bd22a06a.jpg,hint,0.32275862068965516,0.4880083420229406,0.32314490885656416,0.996309963099631,10862,0.165740966796875,0.5453068614006042,0.9505947828292847,0.4779199000040535
bd/bd22a06a.jpg,carpet,0.0,0.0,0.0,0.0,0,0.0,,,0.4256011999968905
bd/bd22a06a.jpg,rug,0.0,0.0,0.0,0.0,0,0.0,,,0.2485725000005914
bd/bd22a06a.jpg,area_rug,0.0,0.0,0.0,0.0,0,0.0,,,0.25422219999018125
bd/bd3c9e15.jpg,main_object,0.0,0.0,0.0,0.0,0,0.0,,0.9007773399353027,10.098984299998847
bd/bd3c9e15.jpg,hint,0.7984832433704956,0.8879518297585878,0.9818659277945494,0.8104348716548334,48362,0.737945556640625,0.5591366291046143,0.9895001649856567,0.5048171999951592
bd/bd3c9e15.jpg,carpet,0.7984386567063733,0.8879242600007484,0.9825258799171843,0.8099399235390496,48300,0.73699951171875,0.7764285206794739,0.9898087382316589,0.2500995000009425
bd/bd3c9e15.jpg,rug,0.7984322696765295,0.8879203105270542,0.9822651739337376,0.810110595303113,48323,0.7373504638671875,0.808138370513916,0.9897977709770203,0.29435660000308417
bd/bd3c9e15.jpg,area_rug,0.7985497737175928,0.8879929656514256,0.9824681238615665,0.8100935281267068,48312,0.7371826171875,0.7576054930686951,0.9892175793647766,0.2515984999918146
bd/bdd29338.jpg,main_object,1.0,1.0,1.0,1.0,11550,0.176239013671875,,0.921103298664093,10.373418300005142
bd/bdd29338.jpg,hint,0.0,0.0,0.0,0.0,12460,0.19012451171875,0.651513934135437,0.9797043800354004,0.46761000000697095
bd/bdd29338.jpg,carpet,0.0,0.0,0.0,0.0,8384,0.1279296875,0.3684313893318176,0.9796679019927979,0.25887750000401866
bd/bdd29338.jpg,rug,0.0,0.0,0.0,0.0,8333,0.1271514892578125,0.3234899342060089,0.9788855314254761,0.26275819999864325
bd/bdd29338.jpg,area_rug,0.0,0.0,0.0,0.0,8482,0.129425048828125,0.468068927526474,0.9789714813232422,0.2891168999922229
be/be8260a5.jpg,main_object,1.0,1.0,1.0,1.0,19354,0.295318603515625,,0.9831897616386414,10.254831099999137
be/be8260a5.jpg,hint,0.9593257421311719,0.9792406862247488,0.9622443890274314,0.9968481967551928,20050,0.305938720703125,0.6344488859176636,0.9954729676246643,0.46731069999805186
be/be8260a5.jpg,carpet,0.0,0.0,0.0,0.0,1057,0.0161285400390625,0.5593578219413757,0.9709663391113281,0.2746107999992091
be/be8260a5.jpg,rug,0.0,0.0,0.0,0.0,1058,0.016143798828125,0.5716047883033752,0.9706114530563354,0.24832969999988563
be/be8260a5.jpg,area_rug,0.0,0.0,0.0,0.0,1058,0.016143798828125,0.5753260850906372,0.9688889980316162,0.25506190001033247
bf/bfd81f8b.jpg,main_object,1.0,1.0,1.0,1.0,25006,0.381561279296875,,0.996196448802948,10.058168699993985
bf/bfd81f8b.jpg,hint,0.83808151226706,0.9119089732134716,0.8381096028154852,0.9999600095976966,29835,0.4552459716796875,0.5643826723098755,0.9798961281776428,0.4860408000095049
bf/bfd81f8b.jpg,carpet,0.0,0.0,0.0,0.0,0,0.0,,,0.2592212000017753
bf/bfd81f8b.jpg,rug,0.0,0.0,0.0,0.0,0,0.0,,,0.2560901999968337
bf/bfd81f8b.jpg,area_rug,0.0,0.0,0.0,0.0,0,0.0,,,0.26544199998897966
c0/c094b465.jpg,main_object,1.0,1.0,1.0,1.0,8843,0.1349334716796875,,0.9369593262672424,10.2769382000115
c0/c094b465.jpg,hint,0.23343587000133745,0.37851318528799444,0.23416244063430733,0.9868822797693091,37269,0.5686798095703125,0.4453452229499817,0.9539475440979004,0.4584994999895571
c0/c094b465.jpg,carpet,0.0,0.0,0.0,0.0,0,0.0,0.3584558069705963,0.9662032127380371,0.2639879999915138
c0/c094b465.jpg,rug,0.0,0.0,0.0,0.0,0,0.0,0.25401023030281067,0.9667866826057434,0.28815180000674445
c0/c094b465.jpg,area_rug,0.0,0.0,0.0,0.0,0,0.0,0.3063960373401642,0.9576694965362549,0.25321500000427477
c1/c12cd74a.jpg,main_object,0.0,0.0,0.0,0.0,0,0.0,,0.9080379009246826,10.00996209999721
c1/c12cd74a.jpg,hint,0.9684174390662548,0.9839553540286013,0.9936208515967438,0.9744760881246641,25552,0.389892578125,0.4588284492492676,0.9776090979576111,0.46817199999350123
c1/c12cd74a.jpg,carpet,0.004694835680751174,0.009345794392523364,0.05110602593440122,0.005143164197436094,2622,0.040008544921875,0.4769550859928131,0.9606723785400391,0.26896239999041427
c1/c12cd74a.jpg,rug,0.004695493727661364,0.009347098214285714,0.05118411000763942,0.005143164197436094,2618,0.039947509765625,0.4699289798736572,0.9642072319984436,0.3640212000027532
c1/c12cd74a.jpg,area_rug,0.004832778847837506,0.009619070853518279,0.05229253505115574,0.005296691486911798,2639,0.0402679443359375,0.4622437357902527,0.9596617817878723,0.24958360000164248
c2/c2764f4b.jpg,main_object,0.0,0.0,0.0,0.0,0,0.0,,0.9307897090911865,10.156605900003342
c2/c2764f4b.jpg,hint,0.1488686878777284,0.25915701149925,0.14952216118594325,0.9714797913950456,39867,0.6083221435546875,0.37289121747016907,0.9767090082168579,0.4659372999885818
c2/c2764f4b.jpg,carpet,0.0,0.0,0.0,0.0,2421,0.0369415283203125,0.2818518280982971,1.0123332738876343,0.2700116999913007
c2/c2764f4b.jpg,rug,0.0,0.0,0.0,0.0,0,0.0,,,0.2475951999949757
c2/c2764f4b.jpg,area_rug,0.0,0.0,0.0,0.0,2422,0.036956787109375,0.2661999464035034,1.0129860639572144,0.26586719999613706
c3/c339ab63.jpg,main_object,1.0,1.0,1.0,1.0,3921,0.0598297119140625,,0.9818179607391357,10.32920190000732
c3/c339ab63.jpg,hint,0.16408603950451958,0.2819139375202214,0.16408603950451958,1.0,23896,0.3646240234375,0.7560508251190186,0.9608861207962036,0.48216539999702945
c3/c339ab63.jpg,carpet,0.0,0.0,0.0,0.0,15185,0.2317047119140625,0.4734126031398773,0.9932459592819214,0.2729092999943532
c3/c339ab63.jpg,rug,0.0,0.0,0.0,0.0,15182,0.231658935546875,0.40073201060295105,0.9934275150299072,0.2607637000037357
c3/c339ab63.jpg,area_rug,0.0,0.0,0.0,0.0,15185,0.2317047119140625,0.5618457794189453,0.9931043386459351,0.2607959999877494
c7/c7a55c2e.jpg,main_object,0.0,0.0,0.0,0.0,0,0.0,,0.947069525718689,10.01971500000218
c7/c7a55c2e.jpg,hint,0.937899570789687,0.9679547742584992,0.9989450465138583,0.9388294676120659,31281,0.4773101806640625,0.727117657661438,0.9561709761619568,0.5182930000009947
c7/c7a55c2e.jpg,carpet,0.0072316009104704095,0.014359360655351804,0.033162987930847015,0.009163562071866362,9197,0.1403350830078125,0.3095339238643646,0.9544430375099182,0.2603709999966668
c7/c7a55c2e.jpg,rug,0.007255655142979087,0.01440677966101695,0.0332753371030883,0.00919360653767576,9196,0.14031982421875,0.3518069386482239,0.9545615315437317,0.2944573999993736
c7/c7a55c2e.jpg,area_rug,0.007253935141285796,0.01440338903271358,0.03323919183141429,0.00919360653767576,9206,0.140472412109375,0.47405511140823364,0.9554525017738342,0.2628591999964556
c8/c81d7d33.jpg,main_object,1.0,1.0,1.0,1.0,61415,0.9371185302734375,,0.956771731376648,9.96864770000684
c8/c81d7d33.jpg,hint,0.9966845441248172,0.9983395194373901,0.9981282856724337,0.9985508426280225,61441,0.9375152587890625,0.579036295413971,0.9354887008666992,0.4869611000031
c8/c81d7d33.jpg,carpet,0.9935212180110139,0.9967500812479688,0.9947295872861429,0.9987787999674347,61665,0.9409332275390625,0.3860645294189453,0.9430127143859863,0.2656991999974707
c8/c81d7d33.jpg,rug,0.9967493417417027,0.99837202487546,0.9981932711558181,0.9985508426280225,61437,0.9374542236328125,0.37039491534233093,0.9385619163513184,0.28435040000476874
c8/c81d7d33.jpg,area_rug,0.9933107659415947,0.9966441589677335,0.9947124274175236,0.9985834079622242,61654,0.940765380859375,0.5520600080490112,0.9610400199890137,0.25958699999318924
c8/c8e096a3.jpg,main_object,0.0,0.0,0.0,0.0,0,0.0,,0.9520924091339111,10.282970200001728
c8/c8e096a3.jpg,hint,0.036902389347583275,0.07117813542854728,0.998814463544754,0.0369040057819926,1687,0.034322102864583336,0.2858303189277649,0.9727268218994141,0.5472540999908233
c8/c8e096a3.jpg,carpet,0.0,0.0,0.0,0.0,0,0.0,,,0.3155568000074709
c8/c8e096a3.jpg,rug,0.0,0.0,0.0,0.0,0,0.0,,,0.3241147000080673
c8/c8e096a3.jpg,area_rug,0.0,0.0,0.0,0.0,0,0.0,,,0.3181952999875648
cb/cbc47d7c.jpg,main_object,1.0,1.0,1.0,1.0,21540,0.32867431640625,,0.996425986289978,10.410625200005597
cb/cbc47d7c.jpg,hint,0.9962892527482722,0.9981411775640132,0.9991161968555214,0.9971680594243268,21498,0.328033447265625,0.6833672523498535,0.9909043908119202,0.47126020000723656
cb/cbc47d7c.jpg,carpet,0.9962428684076255,0.9981178985524084,0.9991161557426618,0.9971216341689879,21497,0.3280181884765625,0.7351588606834412,0.990583062171936,0.2706733999948483
cb/cbc47d7c.jpg,rug,0.9962889084752052,0.9981410047869127,0.9992090816041687,0.997075208913649,21494,0.327972412109375,0.7409836053848267,0.9899376630783081,0.2686936000100104
cb/cbc47d7c.jpg,area_rug,0.9962426941274701,0.9981178110840014,0.9991625959525471,0.997075208913649,21495,0.3279876708984375,0.7429064512252808,0.9905502200126648,0.2523642000014661
cc/ccbf4a5b.jpg,main_object,1.0,1.0,1.0,1.0,40836,0.9328399122807017,,0.96965491771698,9.87965560000157
cc/ccbf4a5b.jpg,hint,0.42215202272504654,0.5936805854498494,1.0,0.42215202272504654,17239,0.3938002558479532,0.48069050908088684,1.0023390054702759,0.582054500002414
cc/ccbf4a5b.jpg,carpet,0.9703450242372398,0.9849493487698987,0.9703450242372398,1.0,42084,0.9613486842105263,0.3691210448741913,0.9828082323074341,0.37394720000156667
cc/ccbf4a5b.jpg,rug,0.42202958174160055,0.5935594971586017,1.0,0.42202958174160055,17234,0.3936860380116959,0.48630616068840027,1.0082855224609375,0.37558559999160934
cc/ccbf4a5b.jpg,area_rug,0.4221030463316681,0.5936321526354761,1.0,0.4221030463316681,17237,0.39375456871345027,0.4037565290927887,1.006362795829773,0.36801040000864305
d0/d09968ca.jpg,main_object,1.0,1.0,1.0,1.0,1130,0.023110274869109947,,0.9746031761169434,9.998160899995128
d0/d09968ca.jpg,hint,0.025868186708788314,0.05043179434539084,0.025868186708788314,1.0,43683,0.8933859620418848,0.5319377779960632,0.9741994142532349,0.5472955000004731
d0/d09968ca.jpg,carpet,0.0,0.0,0.0,0.0,0,0.0,,,0.31724669999675825
d0/d09968ca.jpg,rug,0.0,0.0,0.0,0.0,0,0.0,,,0.3155428000027314
d0/d09968ca.jpg,area_rug,0.0,0.0,0.0,0.0,3948,0.08074280104712042,0.34059759974479675,0.9503880739212036,0.33024250000016764
d1/d124f682.jpg,main_object,1.0,1.0,1.0,1.0,59452,0.90716552734375,,0.9587914943695068,10.092741500004195
d1/d124f682.jpg,hint,0.9986394100750844,0.9993192419212505,0.9986394100750844,1.0,59533,0.9084014892578125,0.5517029166221619,0.9703537821769714,0.5419650000112597
d1/d124f682.jpg,carpet,0.8572461817937159,0.9231368358133258,1.0,0.8572461817937159,50965,0.7776641845703125,0.33164963126182556,0.949899435043335,0.2966280000109691
d1/d124f682.jpg,rug,0.9449808248671197,0.971712227478315,1.0,0.9449808248671197,56181,0.8572540283203125,0.36976689100265503,0.9361478090286255,0.2500683999969624
d1/d124f682.jpg,area_rug,0.8573302832537173,0.923185597073047,1.0,0.8573302832537173,50970,0.777740478515625,0.4323807656764984,0.958195686340332,0.299656800008961
d2/d224d5b5.jpg,main_object,1.0,1.0,1.0,1.0,42115,0.6426239013671875,,0.9951370358467102,10.29842199999257
d2/d224d5b5.jpg,hint,0.8199376947040499,0.9010612803834304,0.8199855910586678,0.9999287664727532,51357,0.7836456298828125,0.7096945643424988,0.9806723594665527,0.4917760999960592
d2/d224d5b5.jpg,carpet,0.8199501538221894,0.9010688035605388,0.8200140203294778,0.9999050219636709,51354,0.783599853515625,0.7305260300636292,0.9815878868103027,0.2922104000026593
d2/d224d5b5.jpg,rug,0.8198971842504965,0.9010368182839534,0.8200568712994702,0.9997625549091772,51344,0.783447265625,0.7753140330314636,0.9820506572723389,0.2705735000054119
d2/d224d5b5.jpg,area_rug,0.8197621225983531,0.9009552538964304,0.8198099984426102,0.9999287664727532,51368,0.7838134765625,0.7612980008125305,0.975767970085144,0.26524130000325385
d5/d50c75a0.jpg,main_object,1.0,1.0,1.0,1.0,38185,0.5826568603515625,,1.0087921619415283,10.385624999995343
d5/d50c75a0.jpg,hint,0.0,0.0,0.0,0.0,6885,0.1050567626953125,0.30592072010040283,0.9981138706207275,0.4772967999888351
d5/d50c75a0.jpg,carpet,0.0,0.0,0.0,0.0,9999,0.1525726318359375,0.33977586030960083,0.998117983341217,0.26000049999856856
d5/d50c75a0.jpg,rug,0.0,0.0,0.0,0.0,6885,0.1050567626953125,0.3880993127822876,0.998543381690979,0.2885451999900397
d5/d50c75a0.jpg,area_rug,0.0,0.0,0.0,0.0,9999,0.1525726318359375,0.34409964084625244,0.9956210255622864,0.2712253000063356
d5/d584c562.jpg,main_object,0.0,0.0,0.0,0.0,0,0.0,,0.9334898591041565,10.277324299997417
d5/d584c562.jpg,hint,0.05531904174118951,0.10483851717470699,0.0830057453885697,0.14225561961521022,26456,0.4036865234375,0.4517541229724884,0.9814558029174805,0.5181542999926023
d5/d584c562.jpg,carpet,0.06421833731606087,0.12068639500803631,0.09500948978452607,0.16538187471659002,26871,0.4100189208984375,0.6505657434463501,0.9814791679382324,0.254932199997711
d5/d584c562.jpg,rug,0.06198565496413741,0.11673539030285796,0.09203691939763088,0.15955172637170434,26761,0.4083404541015625,0.7061305642127991,0.9815086126327515,0.26232490000256803
d5/d584c562.jpg,area_rug,0.060548247816045786,0.1141829199015338,0.08996307485733468,0.1562479756429358,26811,0.4091033935546875,0.6649088263511658,0.9815671443939209,0.27550659999542404
d7/d7f87110.jpg,main_object,1.0,1.0,1.0,1.0,32860,0.50140380859375,,1.0004138946533203,10.116771200002404
d7/d7f87110.jpg,hint,0.0,0.0,0.0,0.0,0,0.0,,,0.25609339999209624
d7/d7f87110.jpg,carpet,0.9110203628080118,0.9534386765710631,0.9126937741782861,0.9979914790018259,35931,0.5482635498046875,0.8505743741989136,0.9734208583831787,0.4809108000044944
d7/d7f87110.jpg,rug,0.8930224957786371,0.9434885193071301,0.8947282252783235,0.9978697504564821,36648,0.5592041015625,0.8516095876693726,0.9735559821128845,0.26649740000721067
d7/d7f87110.jpg,area_rug,0.8906029331884845,0.9421364132620812,0.8922507618633,0.997930614729154,36752,0.560791015625,0.8005532026290894,0.9736191034317017,0.2555768999882275
db/db84a9ff.jpg,main_object,1.0,1.0,1.0,1.0,46131,0.7066636029411765,,1.0091866254806519,10.214800400004606
db/db84a9ff.jpg,hint,0.0,0.0,0.0,0.0,5015,0.07682291666666667,0.5150884389877319,1.004408359527588,0.49362350000592414
db/db84a9ff.jpg,carpet,0.0,0.0,0.0,0.0,8819,0.13509497549019608,0.4469585418701172,0.9301010966300964,0.25298940000357106
db/db84a9ff.jpg,rug,0.0,0.0,0.0,0.0,5014,0.07680759803921569,0.3698190152645111,1.0051202774047852,0.31752669998968486
db/db84a9ff.jpg,area_rug,0.0,0.0,0.0,0.0,8862,0.13575367647058822,0.4434204697608948,0.9303221702575684,0.26780060000601225
dc/dc134e63.jpg,main_object,1.0,1.0,1.0,1.0,12509,0.2211008201357466,,0.9485205411911011,10.159226100004162
dc/dc134e63.jpg,hint,0.830169896469339,0.9072052797621206,0.830169896469339,1.0,15068,0.26633201357466063,0.5751097798347473,0.9895704984664917,0.4814770000084536
dc/dc134e63.jpg,carpet,0.0,0.0,0.0,0.0,11058,0.19545390271493213,0.4189176857471466,0.9900835752487183,0.3045189999975264
dc/dc134e63.jpg,rug,0.0,0.0,0.0,0.0,0,0.0,,,0.27609169999777805
dc/dc134e63.jpg,area_rug,0.0,0.0,0.0,0.0,11053,0.19536552601809956,0.4727229177951813,0.9901532530784607,0.28155729999707546
dc/dceae0cd.jpg,main_object,1.0,1.0,1.0,1.0,1570,0.023956298828125,,0.9148446321487427,10.198677099993802
dc/dceae0cd.jpg,hint,0.030441105186621426,0.059083639100573904,0.030441105186621426,1.0,51575,0.7869720458984375,0.7020182609558105,0.9844271540641785,0.47683780000079423
dc/dceae0cd.jpg,carpet,0.03131982125758059,0.06073735927888893,0.03131982125758059,1.0,50128,0.764892578125,0.7560141682624817,0.9828413724899292,0.2637568999925861
dc/dceae0cd.jpg,rug,0.031123622234557134,0.06036836236397893,0.031123622234557134,1.0,50444,0.76971435546875,0.8103585243225098,0.983394980430603,0.2641283000120893
dc/dceae0cd.jpg,area_rug,0.030784313725490196,0.05972988396423816,0.030784313725490196,1.0,51000,0.7781982421875,0.7306238412857056,0.9830778241157532,0.25600649999978486
dd/dd06513d.jpg,main_object,1.0,1.0,1.0,1.0,13701,0.2090606689453125,,0.9907707571983337,10.574457300012
dd/dd06513d.jpg,hint,0.0,0.0,0.0,0.0,1324,0.02020263671875,0.3510257303714752,0.9692531824111938,0.47415099998761434
dd/dd06513d.jpg,carpet,0.0,0.0,0.0,0.0,1106,0.016876220703125,0.5925840735435486,0.9771103262901306,0.24933859999873675
dd/dd06513d.jpg,rug,0.0,0.0,0.0,0.0,1107,0.0168914794921875,0.610093355178833,0.9772670865058899,0.3194665999908466
dd/dd06513d.jpg,area_rug,0.0,0.0,0.0,0.0,1112,0.0169677734375,0.6648039817810059,0.9766639471054077,0.25389340000401717
dd/dda4ed8d.jpg,main_object,1.0,1.0,1.0,1.0,14100,0.21514892578125,,0.9520983099937439,10.083185800001957
dd/dda4ed8d.jpg,hint,0.9973784894431061,0.9986875243872158,0.9990064580228515,0.9983687943262411,14091,0.2150115966796875,0.3147291839122772,0.9895424842834473,0.4801138000038918
dd/dda4ed8d.jpg,carpet,0.0,0.0,0.0,0.0,4385,0.0669097900390625,0.3531457185745239,0.981999397277832,0.2524110000085784
dd/dda4ed8d.jpg,rug,0.0,0.0,0.0,0.0,4284,0.06536865234375,0.35115480422973633,0.9837356805801392,0.2617381000018213
dd/dda4ed8d.jpg,area_rug,0.0,0.0,0.0,0.0,4280,0.0653076171875,0.37372297048568726,0.9818326830863953,0.2770967999967979
e0/e0cfa227.jpg,main_object,0.0,0.0,0.0,0.0,0,0.0,,0.9043624401092529,10.166091600010986
e0/e0cfa227.jpg,hint,0.29965096738053176,0.4611252942541693,0.9220365950676214,0.30744064724346787,7542,0.115081787109375,0.4623238742351532,0.7726558446884155,0.46365599999262486
e0/e0cfa227.jpg,carpet,0.2947336666092053,0.45528076423792563,0.9212015086206896,0.30235642601352847,7424,0.11328125,0.7236289381980896,0.8556598424911499,0.2620536999893375
e0/e0cfa227.jpg,rug,0.2969626369833463,0.4579355310867902,0.9248857833915614,0.3043016932667227,7442,0.113555908203125,0.7016197443008423,0.8462880253791809,0.27312280000478495
e0/e0cfa227.jpg,area_rug,0.2987623442149295,0.4600723843676329,0.9239797279274473,0.30629117113930765,7498,0.114410400390625,0.7242948412895203,0.819034993648529,0.2632320999982767
e5/e5722224.jpg,main_object,0.0,0.0,0.0,0.0,0,0.0,,0.9295499324798584,10.061064000008628
e5/e5722224.jpg,hint,0.9059875036206397,0.9506751769354348,0.9352441160138396,0.9666239901108119,23411,0.3572235107421875,0.36768847703933716,0.9717310667037964,0.45093560000532307
e5/e5722224.jpg,carpet,0.0,0.0,0.0,0.0,2076,0.03167724609375,0.6335796117782593,0.9935491681098938,0.2615341000055196
e5/e5722224.jpg,rug,0.0,0.0,0.0,0.0,2076,0.03167724609375,0.5710813403129578,0.9939252734184265,0.2563359999912791
e5/e5722224.jpg,area_rug,0.0,0.0,0.0,0.0,2077,0.0316925048828125,0.6550453901290894,0.9954574704170227,0.2685700000001816
e6/e63956e3.jpg,main_object,1.0,1.0,1.0,1.0,22748,0.34710693359375,,1.0105006694793701,10.555712300003506
e6/e63956e3.jpg,hint,0.5487984542929598,0.7086763972055888,0.5491300144997583,0.9989010022859153,41380,0.63140869140625,0.6880813837051392,0.9827569723129272,0.4888397000031546
e6/e63956e3.jpg,carpet,0.5357429339876374,0.6976987126309645,0.5362489963632928,0.9982416036574644,42346,0.646148681640625,0.81119704246521,0.9877097606658936,0.2967117999942275
e6/e63956e3.jpg,rug,0.5427240143369175,0.7035918405278565,0.5431782853043167,0.9984614032002813,41815,0.6380462646484375,0.8330195546150208,0.9863709211349487,0.26522689999546856
e6/e63956e3.jpg,area_rug,0.5326960474215693,0.6951098338352416,0.5328458599920317,0.9994724810972393,42669,0.6510772705078125,0.7884061336517334,0.986983597278595,0.26228419999824837
e9/e9c4028d.jpg,main_object,0.0,0.0,0.0,0.0,0,0.0,,0.9163832664489746,10.14240830000199
e9/e9c4028d.jpg,hint,0.6743142783901563,0.805481129908903,0.9953646769463627,0.6764384442301511,42284,0.64520263671875,0.7403563857078552,1.0046203136444092,0.4920589000103064
e9/e9c4028d.jpg,carpet,0.6741373233795777,0.805354870195114,0.9952226663197975,0.6763259402121504,42283,0.6451873779296875,0.4631381332874298,1.0037117004394531,0.26538759999675676
e9/e9c4028d.jpg,rug,0.6740763280536827,0.8053113430465604,0.9947767719978257,0.6764705882352942,42311,0.6456146240234375,0.5475434064865112,1.0047743320465088,0.2604630999994697
e9/e9c4028d.jpg,area_rug,0.6741373233795777,0.805354870195114,0.9952226663197975,0.6763259402121504,42283,0.6451873779296875,0.43736734986305237,1.0035251379013062,0.24963400000706315
ea/ea1ff0a4.jpg,main_object,1.0,1.0,1.0,1.0,1271,0.0193939208984375,,0.9308472871780396,10.407603999992716
ea/ea1ff0a4.jpg,hint,0.02074593976985228,0.040648586414225404,0.02074593976985228,1.0,61265,0.9348297119140625,0.4531216323375702,0.9505603313446045,0.4739162000041688
ea/ea1ff0a4.jpg,carpet,0.021309414033028752,0.041729594851927246,0.021309414033028752,1.0,59645,0.9101104736328125,0.805371105670929,0.9516561031341553,0.25470219999260735
ea/ea1ff0a4.jpg,rug,0.02092973471437746,0.04100132262331043,0.02092973471437746,1.0,60727,0.9266204833984375,0.8361079692840576,0.9511810541152954,0.267066700005671
ea/ea1ff0a4.jpg,area_rug,0.02086137281292059,0.04087013843111404,0.02086137281292059,1.0,60926,0.929656982421875,0.7611637115478516,0.9510127305984497,0.2611633999913465
eb/ebdd8b5e.jpg,main_object,1.0,1.0,1.0,1.0,2899,0.048811287715517244,,0.9454691410064697,10.281587499994203
eb/ebdd8b5e.jpg,hint,0.0,0.0,0.0,0.0,10708,0.1802936422413793,0.37632864713668823,0.9929972290992737,0.49284869999974035
eb/ebdd8b5e.jpg,carpet,0.0,0.0,0.0,0.0,3804,0.0640490301724138,0.6353926658630371,0.9880813956260681,0.27321610000217333
eb/ebdd8b5e.jpg,rug,0.0,0.0,0.0,0.0,3803,0.06403219288793104,0.5944961905479431,0.9879606366157532,0.27498109999578446
eb/ebdd8b5e.jpg,area_rug,0.0,0.0,0.0,0.0,3805,0.06406586745689655,0.6645710468292236,0.986812174320221,0.28006370000366587
ef/efe63626.jpg,main_object,1.0,1.0,1.0,1.0,28783,0.4391937255859375,,1.0034006834030151,10.19553040000028
ef/efe63626.jpg,hint,0.9013827781269642,0.9481339459852567,0.9042529714051515,0.9964909842615433,31719,0.4839935302734375,0.6922731995582581,0.9856438636779785,0.47479150000435766
ef/efe63626.jpg,carpet,0.6714902555724122,0.8034629616700412,0.6716940605155024,0.9995483445089115,42832,0.653564453125,0.8105579614639282,0.9778687953948975,0.25952149998920504
ef/efe63626.jpg,rug,0.6801503617192303,0.809630348825756,0.6803755557657742,0.9995136017788278,42284,0.64520263671875,0.8044295310974121,0.9822403788566589,0.25653199999942444
ef/efe63626.jpg,area_rug,0.7082337873451393,0.8292000692081435,0.7087225494787174,0.9990272035576555,40573,0.6190948486328125,0.7848293781280518,0.9651448130607605,0.2584207000036258
ef/effd7df5.jpg,main_object,0.0,0.0,0.0,0.0,0,0.0,,0.8916199207305908,10.188357999999425
ef/effd7df5.jpg,hint,0.6804737285078755,0.8098594068615176,0.8125628140703518,0.8071739285459603,41790,0.637664794921875,0.6104580163955688,0.9838476777076721,0.4896621999941999
ef/effd7df5.jpg,carpet,0.6801874887326482,0.809656652360515,0.8121546961325967,0.8071739285459603,41811,0.6379852294921875,0.7676355838775635,0.9833763837814331,0.2977958999981638
ef/effd7df5.jpg,rug,0.680173864273696,0.8096469999165484,0.8121352721706687,0.8071739285459603,41812,0.63800048828125,0.8462300300598145,0.9830458164215088,0.2561475000111386
ef/effd7df5.jpg,area_rug,0.6798334300987007,0.8094057635925918,0.8116499749025982,0.8071739285459603,41837,0.6383819580078125,0.6944025754928589,0.9846670627593994,0.2502288999967277
f1/f10cbde6.jpg,main_object,1.0,1.0,1.0,1.0,18740,0.28594970703125,,0.9650272130966187,10.259807400012505
f1/f10cbde6.jpg,hint,0.31969156758047734,0.4844943704029266,0.31969156758047734,1.0,58619,0.8944549560546875,0.6641383171081543,0.9400663375854492,0.4699986000050558
f1/f10cbde6.jpg,carpet,0.0,0.0,0.0,0.0,0,0.0,,,0.25945620000129566
f1/f10cbde6.jpg,rug,0.0,0.0,0.0,0.0,0,0.0,,,0.25945109999156557
f1/f10cbde6.jpg,area_rug,0.0,0.0,0.0,0.0,0,0.0,,,0.2564009000052465
f1/f12d8c6f.jpg,main_object,1.0,1.0,1.0,1.0,10925,0.1667022705078125,,1.0127639770507812,10.135750100002042
f1/f12d8c6f.jpg,hint,0.0,0.0,0.0,0.0,1209,0.0184478759765625,0.42541223764419556,0.9708516001701355,0.4634557999961544
f1/f12d8c6f.jpg,carpet,0.0,0.0,0.0,0.0,0,0.0,,,0.2552475999982562
f1/f12d8c6f.jpg,rug,0.0,0.0,0.0,0.0,0,0.0,,,0.25939009999274276
f1/f12d8c6f.jpg,area_rug,0.0,0.0,0.0,0.0,0,0.0,,,0.2442118000035407
f2/f2a70afe.jpg,main_object,1.0,1.0,1.0,1.0,23682,0.361358642578125,,0.9777823090553284,10.070751000006567
f2/f2a70afe.jpg,hint,0.7521775065166253,0.8585631349782293,0.7526560213754055,0.999155476733384,31438,0.479705810546875,0.5120772123336792,0.9767755270004272,0.4839899000071455
f2/f2a70afe.jpg,carpet,0.7124665081133155,0.8320939472250057,0.7128098551248456,0.9993243813867072,33201,0.5066070556640625,0.5801727771759033,0.9760995507240295,0.2520632999949157
f2/f2a70afe.jpg,rug,0.7180872045392481,0.8359147342952511,0.7184359916213837,0.9993243813867072,32941,0.5026397705078125,0.6429420709609985,0.9760162830352783,0.26810159999877214
f2/f2a70afe.jpg,area_rug,0.7419041349258597,0.8518311886979214,0.7422764482639651,0.9993243813867072,31883,0.4864959716796875,0.646906852722168,0.9773610830307007,0.29853789998742286
f4/f4094c37.jpg,main_object,0.0,0.0,0.0,0.0,0,0.0,,0.9388236999511719,10.002791699997033
f4/f4094c37.jpg,hint,0.04313944752153478,0.08271079695822585,1.0,0.04313944752153478,2469,0.0376739501953125,0.2716786563396454,0.9393210411071777,0.5061750000022585
f4/f4094c37.jpg,carpet,0.0,0.0,0.0,0.0,0,0.0,,,0.24653240000770893
f4/f4094c37.jpg,rug,0.0,0.0,0.0,0.0,0,0.0,,,0.2600003999978071
f4/f4094c37.jpg,area_rug,0.017032947835505397,0.03349537076798873,0.9908536585365854,0.01703562629951252,984,0.0150146484375,0.3356875777244568,0.9732392430305481,0.2678977999894414
f4/f42db37d.jpg,main_object,1.0,1.0,1.0,1.0,2042,0.031158447265625,,0.9421082735061646,10.453588100004708
f4/f42db37d.jpg,hint,0.04229319415102937,0.08115412129401478,0.04229319415102937,1.0,48282,0.736724853515625,0.6957730650901794,0.9684004783630371,0.4772566000028746
f4/f42db37d.jpg,carpet,0.04229582220012842,0.08115895948013752,0.04229582220012842,1.0,48279,0.7366790771484375,0.6939241886138916,0.9817160367965698,0.2633130999893183
f4/f42db37d.jpg,rug,0.042299326773692386,0.08116541129240615,0.042299326773692386,1.0,48275,0.7366180419921875,0.8174676895141602,0.9817500114440918,0.26243679999606684
f4/f42db37d.jpg,area_rug,0.042299326773692386,0.08116541129240615,0.042299326773692386,1.0,48275,0.7366180419921875,0.6995988488197327,0.9695602059364319,0.2708539000013843
f5/f54cda07.jpg,main_object,1.0,1.0,1.0,1.0,26123,0.3986053466796875,,0.9708413481712341,10.276505399990128
f5/f54cda07.jpg,hint,4.898239083049644e-05,9.795998334680283e-05,0.00013596193065941537,7.656088504383111e-05,14710,0.224456787109375,0.6891003251075745,0.9938350915908813,0.5237928999995347
f5/f54cda07.jpg,carpet,4.8983590497183446e-05,9.796238244514106e-05,0.00013597117411108845,7.656088504383111e-05,14709,0.2244415283203125,0.7519188523292542,0.992724597454071,0.25051969999913126
f5/f54cda07.jpg,rug,4.898479022263587e-05,9.796478166099288e-05,0.00013598041881968996,7.656088504383111e-05,14708,0.22442626953125,0.8055719137191772,0.9928480982780457,0.2695279999898048
f5/f54cda07.jpg,area_rug,4.8983590497183446e-05,9.796238244514106e-05,0.00013597117411108845,7.656088504383111e-05,14709,0.2244415283203125,0.779715895652771,0.9935535788536072,0.2534979000047315
f5/f55fd10e.jpg,main_object,1.0,1.0,1.0,1.0,21381,0.3262481689453125,,1.0064598321914673,10.440810699990834
f5/f55fd10e.jpg,hint,0.9983636448641825,0.9991811524694102,0.9996255032300346,0.9987371965763996,21362,0.325958251953125,0.6727990508079529,0.9981622099876404,0.47657559999788646
f5/f55fd10e.jpg,carpet,0.9984103235459136,0.999204529502597,0.9996722999859557,0.9987371965763996,21361,0.3259429931640625,0.7289323210716248,0.9986059069633484,0.2692291999992449
f5/f55fd10e.jpg,rug,0.9983167344648618,0.9991576582900463,0.9997190616659644,0.9985968850848884,21357,0.3258819580078125,0.759016215801239,0.9997313618659973,0.25902480000513606
f5/f55fd10e.jpg,area_rug,0.9982700579764354,0.9991342801656566,0.9996722539563629,0.9985968850848884,21358,0.325897216796875,0.745928168296814,0.9984739422798157,0.26174319999699946
f5/f5e5e60c.jpg,main_object,1.0,1.0,1.0,1.0,20006,0.305267333984375,,0.9843622446060181,10.278872399998363
f5/f5e5e60c.jpg,hint,0.9968562874251496,0.9984256690906365,0.9983009344860326,0.9985504348695391,20011,0.3053436279296875,0.6725104451179504,1.0009490251541138,0.47399669999140315
f5/f5e5e60c.jpg,carpet,0.9968562874251496,0.9984256690906365,0.9983009344860326,0.9985504348695391,20011,0.3053436279296875,0.7018132209777832,1.001121997833252,0.26863069999672007
f5/f5e5e60c.jpg,rug,0.9968562874251496,0.9984256690906365,0.9983009344860326,0.9985504348695391,20011,0.3053436279296875,0.7379546761512756,1.0011448860168457,0.25827469999785535
f5/f5e5e60c.jpg,area_rug,0.9968562874251496,0.9984256690906365,0.9983009344860326,0.9985504348695391,20011,0.3053436279296875,0.7210475206375122,1.0014967918395996,0.3029322000074899
f6/f6ac4355.jpg,main_object,0.0,0.0,0.0,0.0,0,0.0,,0.9471831321716309,9.96431150000717
f6/f6ac4355.jpg,hint,0.0,0.0,0.0,0.0,4390,0.066986083984375,0.4288744628429413,0.9573503136634827,0.46913409999979194
f6/f6ac4355.jpg,carpet,0.0,0.0,0.0,0.0,1909,0.0291290283203125,0.2777581214904785,0.9559612274169922,0.27488670000457205
f6/f6ac4355.jpg,rug,0.0,0.0,0.0,0.0,2052,0.03131103515625,0.346180260181427,0.9981715083122253,0.26706100000592414
f6/f6ac4355.jpg,area_rug,0.0,0.0,0.0,0.0,1975,0.0301361083984375,0.30827656388282776,0.953845739364624,0.24831650000123773
f7/f7334160.jpg,main_object,1.0,1.0,1.0,1.0,2939,0.0448455810546875,,0.9101598262786865,10.206062600002042
f7/f7334160.jpg,hint,0.0,0.0,0.0,0.0,10402,0.158721923828125,0.38778218626976013,0.9756053686141968,0.49791959999129176
f7/f7334160.jpg,carpet,0.0,0.0,0.0,0.0,3896,0.0594482421875,0.5660357475280762,0.9714031219482422,0.2584175999945728
f7/f7334160.jpg,rug,0.0,0.0,0.0,0.0,3899,0.0594940185546875,0.6019322872161865,0.9721535444259644,0.2576204999932088
f7/f7334160.jpg,area_rug,0.0,0.0,0.0,0.0,3901,0.0595245361328125,0.6444639563560486,0.9730967879295349,0.25871310000366066
f8/f851c788.jpg,main_object,1.0,1.0,1.0,1.0,46777,0.9370392628205129,,1.0051369667053223,10.08468780000112
f8/f851c788.jpg,hint,0.9133976099365072,0.9547389472978559,1.0,0.9133976099365072,42726,0.8558894230769231,0.5174515247344971,0.9830571413040161,0.549069500004407
f8/f851c788.jpg,carpet,0.9667357889561109,0.9830865888388878,1.0,0.9667357889561109,45221,0.905869391025641,0.4590361416339874,0.9968339204788208,0.3235246999975061
f8/f851c788.jpg,rug,0.896936528635868,0.9456684660723744,1.0,0.896936528635868,41956,0.8404647435897435,0.3706492483615875,0.9811707735061646,0.3124810000008438
f8/f851c788.jpg,area_rug,0.9703059195758599,0.9849292030597299,1.0,0.9703059195758599,45388,0.9092147435897436,0.3648891746997833,0.9964720606803894,0.31993810000130907
f8/f863c15b.jpg,main_object,1.0,1.0,1.0,1.0,40757,0.9310352704678363,,1.011156678199768,10.294753499998478
f8/f863c15b.jpg,hint,0.9985524314245057,0.9992756914691187,0.99997542997543,0.998576931570037,40700,0.9297331871345029,0.701146125793457,1.01346755027771,0.5751184999971883
f8/f863c15b.jpg,carpet,0.9991412518095051,0.9995704414634445,1.0,0.9991412518095051,40722,0.9302357456140351,0.665859580039978,1.002025842666626,0.37039339999319054
f8/f863c15b.jpg,rug,0.9987732168707216,0.9993862319552195,1.0,0.9987732168707216,40707,0.9298930921052632,0.6302978992462158,1.000167727470398,0.3615172999998322
f8/f863c15b.jpg,area_rug,0.9989940625153344,0.9994967781528076,0.9999754408369763,0.9990185734965773,40718,0.9301443713450293,0.5781888365745544,1.0092015266418457,0.35850590000336524
f8/f8b05ebd.jpg,main_object,1.0,1.0,1.0,1.0,36687,0.5597991943359375,,0.9975596070289612,10.367384200013475
f8/f8b05ebd.jpg,hint,0.8622367431365174,0.9260226942835145,0.8623178185237423,0.9998909695532477,42540,0.64910888671875,0.6183302402496338,0.9867085218429565,0.6101313000108348
f8/f8b05ebd.jpg,carpet,0.8624767816416261,0.9261611099188265,0.862578187461788,0.9998637119415597,42526,0.648895263671875,0.8104174733161926,0.9870916604995728,0.3061022000038065
f8/f8b05ebd.jpg,rug,0.8624970608981896,0.9261728021006919,0.8625984714873604,0.9998637119415597,42525,0.6488800048828125,0.8461965918540955,0.9869522452354431,0.32636059999640565
f8/f8b05ebd.jpg,area_rug,0.8622132380594209,0.926009138414157,0.862314581913068,0.9998637119415597,42539,0.6490936279296875,0.8220796585083008,0.9868910312652588,0.3260347999894293
f9/f943d2bb.jpg,main_object,0.0,0.0,0.0,0.0,0,0.0,,0.8803828954696655,10.412616099987645
f9/f943d2bb.jpg,hint,0.1597397903867004,0.27547522592708007,0.15991799077396207,0.9930724583411347,33167,0.9320762140287769,0.5678555965423584,0.9928631782531738,0.6520808999921428
f9/f943d2bb.jpg,carpet,0.0,0.0,0.0,0.0,11733,0.32972684352517984,0.45805463194847107,0.979141116142273,0.46836509999411646
f9/f943d2bb.jpg,rug,0.0,0.0,0.0,0.0,11754,0.3303169964028777,0.5426313281059265,0.97918701171875,0.38186519998998847
f9/f943d2bb.jpg,area_rug,0.0,0.0,0.0,0.0,11674,0.3280687949640288,0.48940882086753845,0.9792535901069641,0.3782495000050403
fb/fbeafab7.jpg,main_object,0.0,0.0,0.0,0.0,0,0.0,,0.8938549757003784,10.44631389999995
fb/fbeafab7.jpg,hint,0.0,0.0,0.0,0.0,33234,0.507110595703125,0.33050626516342163,0.994850754737854,0.4825332000036724
fb/fbeafab7.jpg,carpet,0.0,0.0,0.0,0.0,0,0.0,,,0.28017610000097193
fb/fbeafab7.jpg,rug,0.0,0.0,0.0,0.0,0,0.0,,,0.2727789000055054
fb/fbeafab7.jpg,area_rug,0.0,0.0,0.0,0.0,0,0.0,,,0.24836749999667518
fd/fd8fa433.jpg,main_object,1.0,1.0,1.0,1.0,16834,0.256866455078125,,0.9820247292518616,10.735845600007451
fd/fd8fa433.jpg,hint,0.0,0.0,0.0,0.0,9372,0.14300537109375,0.5009035468101501,0.9637156128883362,0.6134342000004835
fd/fd8fa433.jpg,carpet,0.0,0.0,0.0,0.0,13206,0.201507568359375,0.47232452034950256,0.992426872253418,0.3004471000022022
fd/fd8fa433.jpg,rug,0.0,0.0,0.0,0.0,13159,0.2007904052734375,0.38388684391975403,0.9903494715690613,0.2562809999944875
fd/fd8fa433.jpg,area_rug,0.0,0.0,0.0,0.0,13211,0.2015838623046875,0.4782849848270416,0.9932658076286316,0.2605106999981217
fd/fdcc6da8.jpg,main_object,1.0,1.0,1.0,1.0,37508,0.57232666015625,,0.9972291588783264,10.29211569999461
fd/fdcc6da8.jpg,hint,0.8841963780418789,0.9385395156748639,0.8844257848432672,0.9997067292310974,42397,0.6469268798828125,0.5706960558891296,0.9764893054962158,0.5565952000033576
fd/fdcc6da8.jpg,carpet,0.8843423504162637,0.9386217427219705,0.8845718329794763,0.9997067292310974,42390,0.646820068359375,0.614691436290741,0.9765043258666992,0.27893349999794737
fd/fdcc6da8.jpg,rug,0.8843423504162637,0.9386217427219705,0.8845718329794763,0.9997067292310974,42390,0.646820068359375,0.6625199913978577,0.9765172600746155,0.25826620000589173
fd/fdcc6da8.jpg,area_rug,0.8840323455218426,0.9384471000437965,0.8842408093003513,0.9997333902100886,42407,0.6470794677734375,0.6713801622390747,0.9763799905776978,0.28472250000049826
fd/fdd2c1f3.jpg,main_object,1.0,1.0,1.0,1.0,14894,0.30946642287234044,,0.9948392510414124,10.28576339999563
fd/fdd2c1f3.jpg,hint,0.2626561031287767,0.41603743486121453,1.0,0.2626561031287767,3912,0.08128324468085106,0.3422771096229553,0.9589931964874268,0.5831043999933172
fd/fdd2c1f3.jpg,carpet,0.3212129054520359,0.4862394306421599,0.3212129054520359,1.0,46368,0.9634308510638298,0.4168476462364197,0.9889242053031921,0.3342763999971794
fd/fdd2c1f3.jpg,rug,0.3212129054520359,0.4862394306421599,0.3212129054520359,1.0,46368,0.9634308510638298,0.39466819167137146,0.988714337348938,0.32287589999032207
fd/fdd2c1f3.jpg,area_rug,0.3212129054520359,0.4862394306421599,0.3212129054520359,1.0,46368,0.9634308510638298,0.48852288722991943,0.9891810417175293,0.32389970000076573
