image_name,method,iou,dice,precision,recall,mask_area,area_ratio,dino_score,sam_score,inference_time
00/0004bef1.jpg,main_object,0.17371195009142734,0.2960043988269795,1.0,0.17371195009142734,1615,0.0246429443359375,,0.9712631702423096,15.286839500000497
00/0004bef1.jpg,carpet,0.0,0.0,0.0,0.0,7354,0.112213134765625,0.6192629933357239,0.9794760942459106,707.1248911000002
00/0004bef1.jpg,rug,0.0,0.0,0.0,0.0,7367,0.1124114990234375,0.5904645919799805,0.9787454605102539,0.24170800000138115
00/0004bef1.jpg,area_rug,0.0,0.0,0.0,0.0,7395,0.1128387451171875,0.6439247727394104,0.9788153171539307,0.24073839999982738
00/00a98975.jpg,main_object,0.0,0.0,0.0,0.0,24883,0.3796844482421875,,0.9736890196800232,9.431438099998559
00/00a98975.jpg,carpet,0.0,0.0,0.0,0.0,26184,0.3995361328125,0.6223598718643188,0.992416262626648,0.42763600000034785
00/00a98975.jpg,rug,0.0,0.0,0.0,0.0,26188,0.39959716796875,0.6680665612220764,0.9914278388023376,0.265123199998925
00/00a98975.jpg,area_rug,0.0,0.0,0.0,0.0,26184,0.3995361328125,0.6778730154037476,0.9926183819770813,0.2918014000006224
04/04351089.jpg,main_object,0.14870713779336592,0.258912185535868,0.9866320089119941,0.1490073653119976,8079,0.1232757568359375,,0.9032492637634277,9.66626290000022
04/04351089.jpg,carpet,0.005870768773455207,0.011673008015958036,0.4876543209876543,0.005907204546304258,648,0.0098876953125,0.2920167148113251,0.9292102456092834,0.42778480000015406
04/04351089.jpg,rug,0.0,0.0,0.0,0.0,0,0.0,,,0.23860899999999674
04/04351089.jpg,area_rug,0.00587044158353304,0.011672361252193186,0.48540706605222733,0.005907204546304258,651,0.0099334716796875,0.32702332735061646,0.9292207360267639,0.2414254000013898
04/048bd865.jpg,main_object,0.0,0.0,0.0,0.0,0,0.0,,0.9231725335121155,9.749213600000076
04/048bd865.jpg,carpet,0.0,0.0,0.0,0.0,0,0.0,0.320361852645874,0.9666225910186768,0.6170594000013807
04/048bd865.jpg,rug,0.0,0.0,0.0,0.0,0,0.0,,,0.36128650000136986
04/048bd865.jpg,area_rug,0.0,0.0,0.0,0.0,732,0.014892578125,0.26938873529434204,0.9736302495002747,0.31354819999978645
07/07cd3c4b.jpg,main_object,0.0,0.0,0.0,0.0,0,0.0,,0.9462735652923584,10.08326549999947
07/07cd3c4b.jpg,carpet,0.09171525158003038,0.16802046403087556,1.0,0.09171525158003038,1872,0.028564453125,0.25755634903907776,0.6816409230232239,0.4341922000003251
07/07cd3c4b.jpg,rug,0.9270939301458121,0.9621678690832307,0.9880227155394941,0.9376316691979815,19370,0.295562744140625,0.27797654271125793,0.9336392879486084,0.24570889999995416
07/07cd3c4b.jpg,area_rug,0.9270939301458121,0.9621678690832307,0.9880227155394941,0.9376316691979815,19370,0.295562744140625,0.2978578507900238,0.9334496855735779,0.24170459999913874
09/097bb159.jpg,main_object,0.0,0.0,0.0,0.0,0,0.0,,0.9233461022377014,10.039833900000303
09/097bb159.jpg,carpet,0.0,0.0,0.0,0.0,586,0.008941650390625,0.5125885605812073,0.9686480164527893,0.43329629999971075
09/097bb159.jpg,rug,0.0,0.0,0.0,0.0,585,0.0089263916015625,0.43586885929107666,0.9695337414741516,0.244175499999983
09/097bb159.jpg,area_rug,0.0,0.0,0.0,0.0,591,0.0090179443359375,0.46820443868637085,0.968524694442749,0.24811140000019805
0a/0adc8403.jpg,main_object,0.3929352616630211,0.5641830923195913,0.3929352616630211,1.0,61262,0.9384497549019608,,0.9942734241485596,9.83433519999926
0a/0adc8403.jpg,carpet,0.3867112196375787,0.5577386468952734,0.3867112196375787,1.0,62248,0.9535539215686275,0.3473548889160156,0.9795693159103394,0.44742589999987104
0a/0adc8403.jpg,rug,0.38906128782001553,0.5601787210276459,0.38906128782001553,1.0,61872,0.9477941176470588,0.2983638346195221,0.9798405170440674,0.24882870000146795
0a/0adc8403.jpg,area_rug,0.3865249365747134,0.557544875506659,0.3865249365747134,1.0,62278,0.9540134803921568,0.4200343191623688,0.98051518201828,0.2535982999997941
0b/0b802d13.jpg,main_object,0.9763272871706606,0.9880218661235864,0.9948464734768766,0.9812902538989727,37062,0.565521240234375,,0.9332318305969238,10.353592799998296
0b/0b802d13.jpg,carpet,0.8980126665210745,0.9462662524450581,0.9105178988805511,0.9849363921860861,40645,0.6201934814453125,0.6276181936264038,0.965949535369873,0.4343840999990789
0b/0b802d13.jpg,rug,0.8977294779739957,0.946109009101135,0.9102267696394314,0.9849363921860861,40658,0.620391845703125,0.6534273028373718,0.9659596681594849,0.24782549999872572
0b/0b802d13.jpg,area_rug,0.8936324342597735,0.943828821361625,0.906015129630083,0.9849363921860861,40847,0.6232757568359375,0.6285189986228943,0.9659652709960938,0.24600620000092022
0c/0c789496.jpg,main_object,0.0,0.0,0.0,0.0,0,0.0,,0.9614385366439819,9.713788000000932
0c/0c789496.jpg,carpet,0.0,0.0,0.0,0.0,4908,0.07489013671875,0.34383711218833923,0.9782524108886719,0.4298837000005733
0c/0c789496.jpg,rug,0.0,0.0,0.0,0.0,4910,0.074920654296875,0.27268901467323303,0.9780135750770569,0.24296619999950053
0c/0c789496.jpg,area_rug,0.0,0.0,0.0,0.0,4914,0.074981689453125,0.39357349276542664,0.9783373475074768,0.24170960000083141
0c/0cbfca58.jpg,main_object,0.690412079484645,0.8168565379574554,1.0,0.690412079484645,20256,0.5346283783783784,,0.9573966264724731,9.516278799999782
0c/0cbfca58.jpg,carpet,0.8644607916133067,0.9273038033321087,0.8725949975949976,0.9893316063942194,33264,0.877956081081081,0.42093491554260254,0.9994145631790161,0.5483652000002621
0c/0cbfca58.jpg,rug,0.8645637863759569,0.9273630569178422,0.872699939867709,0.9893316063942194,33260,0.8778505067567568,0.4595184326171875,0.9988110065460205,0.3571441000003688
0c/0cbfca58.jpg,area_rug,0.8650906928337794,0.9276660874001562,0.8714653726335969,0.9916152561436995,33384,0.8811233108108109,0.41146591305732727,1.0028021335601807,0.36087920000136364
0d/0dc8bb97.jpg,main_object,0.0,0.0,0.0,0.0,0,0.0,,0.9220874309539795,9.72899150000012
0d/0dc8bb97.jpg,carpet,0.0,0.0,0.0,0.0,33068,0.50457763671875,0.5782372355461121,0.975627601146698,0.4355558999995992
0d/0dc8bb97.jpg,rug,0.0,0.0,0.0,0.0,33129,0.5055084228515625,0.6794256567955017,0.9762154817581177,0.25759710000056657
0d/0dc8bb97.jpg,area_rug,0.0,0.0,0.0,0.0,32132,0.49029541015625,0.6394401788711548,0.9740801453590393,0.24967319999996107
0e/0eaddd3d.jpg,main_object,0.0,0.0,0.0,0.0,37319,0.5694427490234375,,1.001930594444275,10.440468999999212
0e/0eaddd3d.jpg,carpet,0.0,0.0,0.0,0.0,41532,0.63372802734375,0.847622275352478,0.9858273863792419,0.44059240000024147
0e/0eaddd3d.jpg,rug,0.0,0.0,0.0,0.0,41512,0.6334228515625,0.8669043779373169,0.9857832789421082,0.2552222999984224
0e/0eaddd3d.jpg,area_rug,0.0,0.0,0.0,0.0,41517,0.6334991455078125,0.8115758895874023,0.9857029914855957,0.24658459999955085
11/115c92fe.jpg,main_object,0.004017544506284324,0.008002936857562409,0.18166666666666667,0.004091591591591592,600,0.0091552734375,,0.8894862532615662,10.034876599998825
11/115c92fe.jpg,carpet,0.0,0.0,0.0,0.0,0,0.0,,,0.2569840000014665
11/115c92fe.jpg,rug,0.0,0.0,0.0,0.0,0,0.0,,,0.2471908000006806
11/115c92fe.jpg,area_rug,0.0,0.0,0.0,0.0,0,0.0,,,0.24494740000045567
11/1191417b.jpg,main_object,0.96765419392781,0.9835612344018531,0.9900714554343738,0.9771360700764605,13295,0.2028656005859375,,1.0004994869232178,10.102098000001206
11/1191417b.jpg,carpet,0.9612157786282014,0.9802243986641149,0.9911215662467749,0.969564249127756,13178,0.201080322265625,0.6657769083976746,0.9846221804618835,0.4506655999994109
11/1191417b.jpg,rug,0.9613686534216336,0.9803038829487901,0.9909739077669902,0.9698611832826071,13184,0.201171875,0.7697471380233765,0.9844194054603577,0.3079051000004256
11/1191417b.jpg,area_rug,0.961439399514313,0.9803406618143619,0.991049078358492,0.9698611832826071,13183,0.2011566162109375,0.7328317165374756,0.9843900203704834,0.30353680000007444
12/126f9fb9.jpg,main_object,0.0,0.0,0.0,0.0,3025,0.0461578369140625,,0.9348526000976562,9.883108600000924
12/126f9fb9.jpg,carpet,0.0,0.0,0.0,0.0,0,0.0,,,0.23980769999980112
12/126f9fb9.jpg,rug,0.0,0.0,0.0,0.0,0,0.0,,,0.24161160000039672
12/126f9fb9.jpg,area_rug,0.04225501871384825,0.08108383832200934,0.042314408620469354,0.9678519240136386,46958,0.716522216796875,0.31385236978530884,0.9637289047241211,0.436674699998548
13/139d7518.jpg,main_object,0.07375341752375993,0.13737496210973021,1.0,0.07375341752375993,2266,0.034576416015625,,0.9380074739456177,10.053674999999203
13/139d7518.jpg,carpet,0.0,0.0,0.0,0.0,1992,0.0303955078125,0.2781990170478821,0.9597117304801941,0.4346419000012247
13/139d7518.jpg,rug,0.0,0.0,0.0,0.0,2034,0.031036376953125,0.2964708209037781,0.995135486125946,0.2477366000002803
13/139d7518.jpg,area_rug,0.0,0.0,0.0,0.0,1972,0.03009033203125,0.2967455983161926,0.9595832228660583,0.2429537000007258
13/13b61d5c.jpg,main_object,0.9963747376454875,0.9981840772245054,0.9967551059362474,0.9996171516079633,5239,0.10943766711229946,,1.000083565711975,9.861510299999281
13/13b61d5c.jpg,carpet,0.0,0.0,0.0,0.0,3500,0.07311163101604277,0.3437175750732422,0.9796543121337891,0.49998539999978675
13/13b61d5c.jpg,rug,0.13919160160933627,0.24436907963980822,0.13919160160933627,1.0,37531,0.7839864639037433,0.30529019236564636,0.9240947365760803,0.3134805999998207
13/13b61d5c.jpg,area_rug,0.0,0.0,0.0,0.0,3495,0.07300718582887701,0.3884582221508026,0.9801820516586304,0.30972619999920425
17/1788b0de.jpg,main_object,0.5674753601213041,0.7240628778718259,1.0,0.5674753601213041,1497,0.022931985294117645,,0.8938159942626953,9.639810100001341
17/1788b0de.jpg,carpet,0.0,0.0,0.0,0.0,0,0.0,,,0.23961070000041218
17/1788b0de.jpg,rug,0.9747835905156191,0.9872307985515533,0.9927175162897662,0.9818043972706596,2609,0.03996629901960784,0.2642363905906677,0.9677717089653015,0.43689570000060485
17/1788b0de.jpg,area_rug,0.042713730569948184,0.08192801018665176,0.042713730569948184,1.0,61760,0.946078431372549,0.2749556005001068,0.9583028554916382,0.2608332999989216
18/18fd2995.jpg,main_object,0.4127522440440035,0.5843236077438464,0.4127522440440035,1.0,59268,0.90435791015625,,0.9808950424194336,9.692057000000204
18/18fd2995.jpg,carpet,0.20970310777147058,0.34670177570724464,0.9953479356464431,0.2099088419245391,5159,0.0787200927734375,0.2878269553184509,0.9105669260025024,0.43775900000036927
18/18fd2995.jpg,rug,0.05211952744961779,0.09907529722589167,1.0,0.05211952744961779,1275,0.0194549560546875,0.27098315954208374,0.9593982100486755,0.2436271000005945
18/18fd2995.jpg,area_rug,0.4639937878044793,0.6338739845342117,0.9995597816516992,0.4640886236356947,11358,0.173309326171875,0.33652666211128235,0.9210203886032104,0.2504081999995833
1b/1beafe81.jpg,main_object,0.9156986888678399,0.9559944830457751,0.9156986888678399,1.0,40118,0.9328031994047619,,1.0117697715759277,9.94768809999914
1b/1beafe81.jpg,carpet,0.8150860191637631,0.8981238470882886,1.0,0.8150860191637631,29943,0.6962193080357143,0.38689878582954407,0.9925658106803894,0.5409123999997973
1b/1beafe81.jpg,rug,0.8151132404181185,0.8981403719256149,1.0,0.8151132404181185,29944,0.6962425595238095,0.39121145009994507,0.9909298419952393,0.3549073000012868
1b/1beafe81.jpg,area_rug,0.8151404616724739,0.8981568962673026,1.0,0.8151404616724739,29945,0.6962658110119048,0.4539000689983368,0.9895035028457642,0.35236540000005334
1d/1de38477.jpg,main_object,0.0,0.0,0.0,0.0,20950,0.319671630859375,,0.980679988861084,9.95532859999912
1d/1de38477.jpg,carpet,0.0,0.0,0.0,0.0,9387,0.1432342529296875,0.6282321214675903,0.9055424928665161,0.4345130000001518
1d/1de38477.jpg,rug,0.0,0.0,0.0,0.0,9338,0.142486572265625,0.6010340452194214,0.8997211456298828,0.24550579999959155
1d/1de38477.jpg,area_rug,0.0,0.0,0.0,0.0,9350,0.142669677734375,0.6437616348266602,0.9019274115562439,0.2517160999996122
1f/1f2efb1c.jpg,main_object,0.06485522044755906,0.12181040051679587,0.06485522044755906,1.0,46519,0.9366744523195877,,0.9898315668106079,9.775323099998786
1f/1f2efb1c.jpg,carpet,0.06440663492944516,0.12101885278780586,0.06440663492944516,1.0,46843,0.9431982925257731,0.5510419607162476,0.9809538125991821,0.48784729999897536
1f/1f2efb1c.jpg,rug,0.06432835820895523,0.12088066189875193,0.06432835820895523,1.0,46900,0.9443460051546392,0.5672339797019958,0.9796267747879028,0.30226109999966866
1f/1f2efb1c.jpg,area_rug,0.06432835820895523,0.12088066189875193,0.06432835820895523,1.0,46900,0.9443460051546392,0.591292679309845,0.9801158905029297,0.30380259999947157
1f/1f9d4b5e.jpg,main_object,0.26876775328012986,0.4236673773987207,0.9987434028650415,0.26885866991407886,3979,0.0607147216796875,,0.9223509430885315,9.972198299999945
1f/1f9d4b5e.jpg,carpet,0.0,0.0,0.0,0.0,0,0.0,0.3440367579460144,0.9661189317703247,0.4298951999990095
1f/1f9d4b5e.jpg,rug,0.0,0.0,0.0,0.0,0,0.0,0.34710490703582764,0.966985821723938,0.24237730000095326
1f/1f9d4b5e.jpg,area_rug,0.0,0.0,0.0,0.0,0,0.0,0.32572534680366516,0.9636343121528625,0.24253440000029514
1f/1fe12cbe.jpg,main_object,0.6487879239780616,0.7869877193335075,0.9938069494149597,0.6514216314239606,39399,0.6011810302734375,,0.9741236567497253,9.974220199999763
1f/1fe12cbe.jpg,carpet,0.9117656230510166,0.9538466557379723,0.9355421879499568,0.9728816943118106,62506,0.953765869140625,0.7463961839675903,0.9615073204040527,0.4425365999995847
1f/1fe12cbe.jpg,rug,0.9116592347750164,0.9537884348748062,0.9355070956594084,0.972798509325037,62503,0.9537200927734375,0.8233605623245239,0.9612138867378235,0.24304450000090583
1f/1fe12cbe.jpg,area_rug,0.9117917543449459,0.9538609550676309,0.9352775645945255,0.9731977972615502,62544,0.954345703125,0.779990017414093,0.9602808952331543,0.24112779999995837
20/204b09e4.jpg,main_object,0.0,0.0,0.0,0.0,24741,0.3775177001953125,,1.0143734216690063,10.021565300001384
20/204b09e4.jpg,carpet,0.0,0.0,0.0,0.0,24693,0.3767852783203125,0.6474795937538147,0.9876221418380737,0.4410608999987744
20/204b09e4.jpg,rug,0.0,0.0,0.0,0.0,24693,0.3767852783203125,0.7134174108505249,0.9875026345252991,0.2423136000015802
20/204b09e4.jpg,area_rug,0.0,0.0,0.0,0.0,24694,0.376800537109375,0.7067091464996338,0.9870738387107849,0.24626639999951294
20/20dc9925.jpg,main_object,0.9958402662229617,0.9979157982492706,0.9960514937427597,0.9997870946609891,61289,0.9351959228515625,,0.9803475141525269,10.045857200000682
20/20dc9925.jpg,carpet,0.9989849544048067,0.9994922194922194,0.9996559633027523,0.9993285293154275,61040,0.931396484375,0.37436094880104065,0.9907248616218567,0.43804610000006505
20/20dc9925.jpg,rug,0.9987729659866171,0.9993861063591196,0.9989690890347074,0.9998034719947593,61111,0.9324798583984375,0.37710443139076233,0.9521781802177429,0.24458170000070822
20/20dc9925.jpg,area_rug,0.5767441860465117,0.7315634218289085,1.0,0.5767441860465117,35216,0.537353515625,0.40934091806411743,0.9575405716896057,0.24501640000016778
21/2156a065.jpg,main_object,0.0,0.0,0.0,0.0,0,0.0,,0.9536139965057373,9.889609500000006
21/2156a065.jpg,carpet,0.9050213739538804,0.9501430129106683,0.909181636726547,0.9949693860665233,33066,0.504547119140625,0.8566346168518066,0.9808877110481262,0.4323786000004475
21/2156a065.jpg,rug,0.9029012493993273,0.9489733108161429,0.907041998551774,0.9949693860665233,33144,0.5057373046875,0.858988881111145,0.9807694554328918,0.2432449000007182
21/2156a065.jpg,area_rug,0.9071514785757393,0.9513156021074949,0.9113313932339032,0.9949693860665233,32988,0.50335693359375,0.7836345434188843,0.9809554815292358,0.24399949999860837
22/22daf266.jpg,main_object,0.0,0.0,0.0,0.0,0,0.0,,0.9480270147323608,9.831791499998872
22/22daf266.jpg,carpet,0.004872929005172801,0.00969859743360191,0.005539457985341742,0.038922155688622756,11734,0.2141866238317757,0.29913750290870667,0.9792306423187256,0.46132610000131535
22/22daf266.jpg,rug,0.0,0.0,0.0,0.0,0,0.0,,,0.2715745000004972
22/22daf266.jpg,area_rug,0.0046718408560018085,0.009300232505812646,0.005315956443453657,0.037125748502994015,11663,0.212890625,0.3100624978542328,0.9832152128219604,0.2747173000007024
23/236fe5cb.jpg,main_object,0.0,0.0,0.0,0.0,20975,0.3200531005859375,,1.0112231969833374,10.036798099999942
23/236fe5cb.jpg,carpet,0.0,0.0,0.0,0.0,20942,0.319549560546875,0.7315691113471985,0.9997470378875732,0.4373087999993004
23/236fe5cb.jpg,rug,0.0,0.0,0.0,0.0,20942,0.319549560546875,0.7446632385253906,1.0002626180648804,0.24537140000029467
23/236fe5cb.jpg,area_rug,0.0,0.0,0.0,0.0,20942,0.319549560546875,0.745374321937561,0.9989414811134338,0.2480993999997736
23/237122ba.jpg,main_object,0.0,0.0,0.0,0.0,0,0.0,,0.9069185256958008,9.865619799998967
23/237122ba.jpg,carpet,0.0,0.0,0.0,0.0,0,0.0,,,0.24076629999944998
23/237122ba.jpg,rug,0.0,0.0,0.0,0.0,0,0.0,,,0.24518739999984973
23/237122ba.jpg,area_rug,0.0,0.0,0.0,0.0,0,0.0,,,0.23785289999977977
25/256d9dac.jpg,main_object,0.05343276223345248,0.10144503597964079,1.0,0.05343276223345248,867,0.017279177295918366,,0.9002768993377686,9.735746399999698
25/256d9dac.jpg,carpet,0.0,0.0,0.0,0.0,2740,0.054607780612244895,0.6962473392486572,0.9807613492012024,0.4888433999985864
25/256d9dac.jpg,rug,0.0,0.0,0.0,0.0,2740,0.054607780612244895,0.6774266362190247,0.9811911582946777,0.302713600000061
25/256d9dac.jpg,area_rug,0.0,0.0,0.0,0.0,2699,0.053790656887755105,0.6758984327316284,0.9791272282600403,0.29815980000057607
26/26f44697.jpg,main_object,0.44061969263907874,0.6117085513830582,0.9993423524990604,0.4407474931631723,10644,0.16241455078125,,1.0078959465026855,9.931913500000519
26/26f44697.jpg,carpet,0.0,0.0,0.0,0.0,0,0.0,,,0.24255150000135473
26/26f44697.jpg,rug,0.0,0.0,0.0,0.0,0,0.0,,,0.24501889999919513
26/26f44697.jpg,area_rug,0.0,0.0,0.0,0.0,0,0.0,,,0.24014610000085668
27/27df8881.jpg,main_object,0.9966525041843698,0.9983234459633737,0.9994835377663008,0.9971660440551333,15490,0.236358642578125,,0.9984498620033264,9.921768000000156
27/27df8881.jpg,carpet,0.0,0.0,0.0,0.0,0,0.0,,,0.23792990000038117
27/27df8881.jpg,rug,0.0,0.0,0.0,0.0,2326,0.035491943359375,0.2723976969718933,0.9645292162895203,0.43217360000016924
27/27df8881.jpg,area_rug,0.0,0.0,0.0,0.0,0,0.0,,,0.24021189999984927
28/28215d4c.jpg,main_object,0.8397754089022703,0.9129107877393958,0.8397754089022703,1.0,61445,0.9375762939453125,,0.9685269594192505,9.69910659999914
28/28215d4c.jpg,carpet,0.893764002987304,0.9439021985605837,0.9606662653020269,0.9277131782945737,49830,0.760345458984375,0.4704698324203491,0.9813836812973022,0.44671780000135186
28/28215d4c.jpg,rug,0.8908065299413501,0.9422503210510719,0.9609510376788233,0.9242635658914728,49630,0.757293701171875,0.5145902037620544,0.9802007675170898,0.2529692999996769
28/28215d4c.jpg,area_rug,0.8953390700539451,0.9447798382887364,0.9604917999959951,0.9295736434108527,49939,0.7620086669921875,0.5635296106338501,0.9821510314941406,0.2497445000008156
2b/2b1a39bf.jpg,main_object,0.0,0.0,0.0,0.0,0,0.0,,0.8836237192153931,10.036647000000812
2b/2b1a39bf.jpg,carpet,0.5698179745663092,0.7259669385856431,0.7664095438865466,0.6895786183856019,41744,0.636962890625,0.8489238619804382,0.9613235592842102,0.4470849999997881
2b/2b1a39bf.jpg,rug,0.5700286849466388,0.7261379239908762,0.7667641278818962,0.6896001724323741,41726,0.636688232421875,0.8615856170654297,0.9617864489555359,0.25416369999948074
2b/2b1a39bf.jpg,area_rug,0.5700495137676771,0.7261548234867048,0.7664822664463443,0.6898588209936416,41757,0.6371612548828125,0.7940505146980286,0.9621903896331787,0.24930610000046727
2c/2cc8fc8f.jpg,main_object,0.0,0.0,0.0,0.0,22924,0.34979248046875,,0.9206782579421997,9.79412450000018
2c/2cc8fc8f.jpg,carpet,0.0,0.0,0.0,0.0,25167,0.3840179443359375,0.7222666144371033,0.976157009601593,0.4302656999989267
2c/2cc8fc8f.jpg,rug,0.0,0.0,0.0,0.0,25218,0.384796142578125,0.7537705302238464,0.9762953519821167,0.24384370000007038
2c/2cc8fc8f.jpg,area_rug,0.0,0.0,0.0,0.0,25257,0.3853912353515625,0.7560096979141235,0.9762784838676453,0.25631369999973685
2e/2e3b78ed.jpg,main_object,0.9932269544254391,0.996601969705696,0.9976937269372693,0.9955125992405938,8672,0.13232421875,,0.9608498215675354,9.98768039999959
2e/2e3b78ed.jpg,carpet,0.1368575207860922,0.24076459588614169,0.1368575207860922,1.0,63504,0.968994140625,0.2780933082103729,0.9835279583930969,0.43743739999990794
2e/2e3b78ed.jpg,rug,0.15718936516549104,0.27167440333849113,0.15718936516549104,1.0,55290,0.843658447265625,0.3075815439224243,0.9704832434654236,0.24455459999990126
2e/2e3b78ed.jpg,area_rug,0.15833485152122426,0.2733835579811579,0.15833485152122426,1.0,54890,0.837554931640625,0.3389247953891754,0.9720293283462524,0.24270520000027318
2e/2e4dc35f.jpg,main_object,0.7549472664256699,0.8603646170671367,0.9867507732774787,0.7626783630134407,41059,0.6265106201171875,,1.010903239250183,10.342823500001032
2e/2e4dc35f.jpg,carpet,0.7566445338071636,0.8614657311087214,0.9915925190577739,0.7615300628741388,40797,0.6225128173828125,0.7780656814575195,0.9765956997871399,0.43679840000004333
2e/2e4dc35f.jpg,rug,0.7568149076689928,0.8615761448349307,0.991980970130953,0.7614735890967961,40778,0.622222900390625,0.8135514855384827,0.9754806160926819,0.24764249999861931
2e/2e4dc35f.jpg,area_rug,0.7568902610159978,0.8616249720438353,0.9920784794604537,0.7614924136892436,40775,0.6221771240234375,0.7249463796615601,0.9747958779335022,0.2477011000009952
2e/2ef410af.jpg,main_object,0.02748366749267853,0.053497040122780094,0.9967320261437909,0.027486144279727842,612,0.00933837890625,,0.9552994966506958,9.728431200001069
2e/2ef410af.jpg,carpet,0.2816408876933423,0.4395004722426278,0.9824835783547076,0.2830622268282792,6394,0.097564697265625,0.7012733221054077,0.9745217561721802,0.43419340000036755
2e/2ef410af.jpg,rug,0.28164783934014703,0.4395089363785807,0.9820256330103158,0.2831072860811968,6398,0.097625732421875,0.6702550649642944,0.9741159677505493,0.24146030000156316
2e/2ef410af.jpg,area_rug,0.28186626030835427,0.4397748330477955,0.9814294631710362,0.28337764159870227,6408,0.0977783203125,0.7179023027420044,0.9736722111701965,0.25116849999903934
30/300958b4.jpg,main_object,0.2658851151945998,0.4200777969550993,0.2658851151945998,1.0,61331,0.9358367919921875,,1.0056097507476807,9.499668600001314
30/300958b4.jpg,carpet,0.4615602355072464,0.6315993337723206,0.46157330087468507,0.9999386766419329,35327,0.5390472412109375,0.43286800384521484,0.9642856121063232,0.4366989999998623
30/300958b4.jpg,rug,0.46530076475288207,0.6350925024342746,0.46531404274748167,0.9999386766419329,35043,0.5347137451171875,0.4552314877510071,0.9634886980056763,0.24645979999877454
30/300958b4.jpg,area_rug,0.4657792504570384,0.6355380597887516,0.46579255577455936,0.9999386766419329,35007,0.5341644287109375,0.4727400541305542,0.9627866744995117,0.24910120000095048
30/300f359a.jpg,main_object,0.7868434581441179,0.8807077693995229,0.9986678266543418,0.7876702047818163,36782,0.561248779296875,,0.9847120046615601,9.621639900000446
30/300f359a.jpg,carpet,0.0,0.0,0.0,0.0,0,0.0,,,0.2424950999993598
30/300f359a.jpg,rug,0.7967519371616602,0.8868802873481734,0.9876319044235679,0.8047818162324435,38001,0.5798492431640625,0.25570598244667053,0.9922279119491577,0.4458537999998953
30/300f359a.jpg,area_rug,0.0,0.0,0.0,0.0,0,0.0,,,0.2481036999997741
30/30366fa9.jpg,main_object,0.16290845924420702,0.2801741752744388,0.6309742938749603,0.18006448340820172,15755,0.2404022216796875,,1.00114905834198,9.686198900000818
30/30366fa9.jpg,carpet,0.7590871413202589,0.8630466603837902,0.9664750527686711,0.7796152731488191,44534,0.679534912109375,0.8444207906723022,0.9536087512969971,0.4390655000006518
30/30366fa9.jpg,rug,0.7674385841331337,0.8684189550037862,0.9650766232615821,0.7893602376467179,45156,0.68902587890625,0.8600155711174011,0.957897424697876,0.24354180000045744
30/30366fa9.jpg,area_rug,0.7592507672228297,0.8631524071140697,0.966545421886928,0.7797420663671931,44538,0.679595947265625,0.7870169878005981,0.9565002918243408,0.24763100000018312
31/31347f65.jpg,main_object,0.0,0.0,0.0,0.0,0,0.0,,0.9142067432403564,9.876194399999804
31/31347f65.jpg,carpet,0.0,0.0,0.0,0.0,14046,0.214324951171875,0.6129196882247925,0.9706929922103882,0.4338958000007551
31/31347f65.jpg,rug,0.0,0.0,0.0,0.0,13923,0.2124481201171875,0.599795401096344,0.9711623191833496,0.24017040000035195
31/31347f65.jpg,area_rug,0.0,0.0,0.0,0.0,14075,0.2147674560546875,0.6412050127983093,0.9707323312759399,0.2527258999998594
31/31a48655.jpg,main_object,0.0,0.0,0.0,0.0,0,0.0,,0.9249423742294312,9.521905100000367
31/31a48655.jpg,carpet,0.0,0.0,0.0,0.0,525,0.0080108642578125,0.35291317105293274,0.992791473865509,0.43935590000000957
31/31a48655.jpg,rug,0.0,0.0,0.0,0.0,0,0.0,,,0.24623149999933958
31/31a48655.jpg,area_rug,0.0,0.0,0.0,0.0,525,0.0080108642578125,0.36133530735969543,0.9938175082206726,0.25214620000042487
31/31be17e1.jpg,main_object,0.9036014664653871,0.9493599184320833,0.972458610552375,0.9273330874216157,12926,0.197235107421875,,0.9924995303153992,9.758979099999124
31/31be17e1.jpg,carpet,0.9045323741007194,0.9498734559740113,0.9732930794240594,0.9275544079675396,12918,0.197113037109375,0.7669385075569153,0.9962996244430542,0.42839379999895755
31/31be17e1.jpg,rug,0.9045323741007194,0.9498734559740113,0.9732930794240594,0.9275544079675396,12918,0.197113037109375,0.8115262985229492,0.9952148795127869,0.24377339999955439
31/31be17e1.jpg,area_rug,0.9045323741007194,0.9498734559740113,0.9732930794240594,0.9275544079675396,12918,0.197113037109375,0.7771095037460327,0.995955765247345,0.2527929999996559
31/31c513f5.jpg,main_object,0.03512642117766842,0.06786885245901639,1.0,0.03512642117766842,1035,0.0157928466796875,,0.9351685643196106,9.681802600000083
31/31c513f5.jpg,carpet,0.0,0.0,0.0,0.0,1148,0.01751708984375,0.5747619271278381,0.9742608666419983,0.43636309999965306
31/31c513f5.jpg,rug,0.0,0.0,0.0,0.0,1152,0.017578125,0.5596286058425903,0.9732502102851868,0.2498768999994354
31/31c513f5.jpg,area_rug,0.0,0.0,0.0,0.0,1090,0.016632080078125,0.5190430879592896,0.9706814289093018,0.244082499999422
33/336f1651.jpg,main_object,0.0,0.0,0.0,0.0,36672,0.5595703125,,1.0003174543380737,9.936407699999108
33/336f1651.jpg,carpet,0.0,0.0,0.0,0.0,47903,0.7309417724609375,0.7600980401039124,0.9748461246490479,0.4598556999990251
33/336f1651.jpg,rug,0.0,0.0,0.0,0.0,47896,0.7308349609375,0.8026829361915588,0.9748207330703735,0.24747360000037588
33/336f1651.jpg,area_rug,0.0,0.0,0.0,0.0,47879,0.7305755615234375,0.7737259268760681,0.9769234657287598,0.24657219999971858
34/3489b1a0.jpg,main_object,0.5998449762619901,0.7498788759689923,0.6010874138321628,0.9965659709180662,30899,0.8810161952554745,,0.924423336982727,9.67001799999889
34/3489b1a0.jpg,carpet,0.5997488974020538,0.7498037953031614,0.5998840803709428,0.9996244030691634,31056,0.885492700729927,0.3887685239315033,0.9656105041503906,0.5313362000015331
34/3489b1a0.jpg,rug,0.5997488974020538,0.7498037953031614,0.5998840803709428,0.9996244030691634,31056,0.885492700729927,0.42300453782081604,0.9655748605728149,0.3369591999999102
34/3489b1a0.jpg,area_rug,0.5997488974020538,0.7498037953031614,0.5998840803709428,0.9996244030691634,31056,0.885492700729927,0.3740476667881012,0.9659186005592346,0.3293130000001838
34/348b756e.jpg,main_object,0.026213550783418006,0.0510879061446936,1.0,0.026213550783418006,614,0.009368896484375,,0.9550726413726807,9.712494200000947
34/348b756e.jpg,carpet,0.3863989582895787,0.5574138035508696,0.9599290410101221,0.3927336378773001,9583,0.1462249755859375,0.7560939788818359,0.9642145037651062,0.4344574000006105
34/348b756e.jpg,rug,0.38632449913898104,0.5573363225982367,0.9597245409015025,0.3926909447978483,9584,0.146240234375,0.7027285099029541,0.9649870991706848,0.2476959000014176
34/348b756e.jpg,area_rug,0.3096667005730173,0.4728939056594004,0.6007366967045977,0.3899158946334799,15203,0.2319793701171875,0.7848552465438843,0.9587008953094482,0.25583559999904537
38/385b4be9.jpg,main_object,0.0,0.0,0.0,0.0,0,0.0,,0.8963941335678101,9.478294900000037
38/385b4be9.jpg,carpet,0.0,0.0,0.0,0.0,0,0.0,,,0.2351751999995031
38/385b4be9.jpg,rug,0.0,0.0,0.0,0.0,0,0.0,,,0.2419540999999299
38/385b4be9.jpg,area_rug,0.03222499242724328,0.06243792325056433,0.032319125070106564,0.9171087533156499,42792,0.6529541015625,0.36429888010025024,0.9702077507972717,0.45603640000081214
38/3860a41b.jpg,main_object,0.0,0.0,0.0,0.0,908,0.01385498046875,,0.9279042482376099,9.715517399999953
38/3860a41b.jpg,carpet,0.0,0.0,0.0,0.0,2720,0.04150390625,0.39415445923805237,0.962946891784668,0.4437477999999828
38/3860a41b.jpg,rug,0.0,0.0,0.0,0.0,1203,0.0183563232421875,0.366474449634552,0.9539168477058411,0.25304250000044703
38/3860a41b.jpg,area_rug,0.0,0.0,0.0,0.0,2721,0.0415191650390625,0.3743334114551544,0.9630053043365479,0.2426316000000952
39/390f58df.jpg,main_object,0.03565958261535516,0.06886352082081619,1.0,0.03565958261535516,745,0.0113677978515625,,0.936660885810852,9.591860299999098
39/390f58df.jpg,carpet,0.0,0.0,0.0,0.0,5232,0.079833984375,0.6976919770240784,0.9659387469291687,0.466373699999167
39/390f58df.jpg,rug,0.0,0.0,0.0,0.0,5229,0.0797882080078125,0.6567778587341309,0.9658501744270325,0.24199719999887748
39/390f58df.jpg,area_rug,0.0,0.0,0.0,0.0,5233,0.0798492431640625,0.6870057582855225,0.964924693107605,0.24524229999951785
39/39a52159.jpg,main_object,0.0,0.0,0.0,0.0,0,0.0,,0.898105263710022,9.65683109999918
39/39a52159.jpg,carpet,0.367326899337897,0.5372919958142685,0.9968783310491853,0.3677499087155577,13134,0.200408935546875,0.7355859875679016,0.9649815559387207,0.44314330000088376
39/39a52159.jpg,rug,0.36752328582650656,0.5375020515345479,0.9968799939121833,0.3679465213605595,13141,0.2005157470703125,0.7959926128387451,0.9648785591125488,0.2471786999994947
39/39a52159.jpg,area_rug,0.36757939625182356,0.5375620563738563,0.9968804686905577,0.36800269640198857,13143,0.2005462646484375,0.7467937469482422,0.9645349383354187,0.24830309999924793
3a/3a076e29.jpg,main_object,0.9696659351377713,0.9845993859562246,0.9936531734132934,0.9757090980469133,20010,0.305328369140625,,0.9804854989051819,9.799520800001119
3a/3a076e29.jpg,carpet,0.9700902659185167,0.9848180895064022,0.9941497074853742,0.9756600255177151,19999,0.3051605224609375,0.700355589389801,1.0005730390548706,0.44099150000147347
3a/3a076e29.jpg,rug,0.9700902659185167,0.9848180895064022,0.9941497074853742,0.9756600255177151,19999,0.3051605224609375,0.742727518081665,1.000174880027771,0.2492566999990231
3a/3a076e29.jpg,area_rug,0.9700902659185167,0.9848180895064022,0.9941497074853742,0.9756600255177151,19999,0.3051605224609375,0.70939040184021,1.0003297328948975,0.24637190000066767
3c/3ca993cf.jpg,main_object,0.6945121243763778,0.8197192742211571,0.9998329714381159,0.6945927129264331,11974,0.26277212078651685,,0.9433343410491943,9.816996800000197
3c/3ca993cf.jpg,carpet,0.00016621419469222673,0.00033237314424994463,0.003676470588235294,0.00017405430494314225,816,0.017907303370786515,0.36735859513282776,0.9633323550224304,0.5029194999988249
3c/3ca993cf.jpg,rug,0.0,0.0,0.0,0.0,0,0.0,,,0.4905612000002293
3c/3ca993cf.jpg,area_rug,0.00016619577862722287,0.00033233632436025255,0.003667481662591687,0.00017405430494314225,818,0.01795119382022472,0.39180606603622437,0.9646160006523132,0.3224874000006821
3d/3d172f30.jpg,main_object,0.9580686994978884,0.9785853782796977,0.9906477788474762,0.9668131941881145,29084,0.44378662109375,,1.00972318649292,9.737355299999763
3d/3d172f30.jpg,carpet,0.6684131736526946,0.8012561686855092,0.6734847792302769,0.9888594342471729,43756,0.66766357421875,0.8144403696060181,0.9733801484107971,0.43206760000066424
3d/3d172f30.jpg,rug,0.6683297426012019,0.801196221029022,0.6733845169545746,0.9888929901681152,43764,0.66778564453125,0.8342627882957458,0.9746197462081909,0.24435689999882015
3d/3d172f30.jpg,area_rug,0.6693771862081497,0.8019484053553935,0.6744478773315025,0.9888929901681152,43695,0.6667327880859375,0.7829199433326721,0.9746263027191162,0.25239979999969364
3d/3d68d6f3.jpg,main_object,0.26765439641566113,0.42228291429030446,0.9996196995626545,0.26768165385202913,5259,0.0802459716796875,,0.8846800327301025,9.57966260000103
3d/3d68d6f3.jpg,carpet,0.2179459645204244,0.3578910245106683,0.5821477742083525,0.25836346046132697,8716,0.13299560546875,0.6687328219413757,0.949235200881958,0.4352127999991353
3d/3d68d6f3.jpg,rug,0.21798341710701552,0.3579415188176784,0.582415059687787,0.25836346046132697,8712,0.1329345703125,0.6161936521530151,0.9484424591064453,0.24512160000085714
3d/3d68d6f3.jpg,area_rug,0.21798341710701552,0.3579415188176784,0.582415059687787,0.25836346046132697,8712,0.1329345703125,0.6603882908821106,0.9486693739891052,0.23995469999863417
41/4141f557.jpg,main_object,0.0,0.0,0.0,0.0,17581,0.2682647705078125,,0.9989492297172546,9.842364300000554
41/4141f557.jpg,carpet,0.0,0.0,0.0,0.0,0,0.0,,,0.24495439999918744
41/4141f557.jpg,rug,0.0,0.0,0.0,0.0,0,0.0,,,0.24419940000007045
41/4141f557.jpg,area_rug,0.0,0.0,0.0,0.0,0,0.0,,,0.2376966000010725
41/41c3d695.jpg,main_object,0.0,0.0,0.0,0.0,39562,0.603668212890625,,1.0349349975585938,9.859404799999538
41/41c3d695.jpg,carpet,0.0,0.0,0.0,0.0,43094,0.657562255859375,0.8150215744972229,0.9842347502708435,0.43771469999956025
41/41c3d695.jpg,rug,0.0,0.0,0.0,0.0,43094,0.657562255859375,0.8357036709785461,0.9841006994247437,0.24888619999910588
41/41c3d695.jpg,area_rug,0.0,0.0,0.0,0.0,43094,0.657562255859375,0.7826456427574158,0.9840843677520752,0.2561155000003055
43/432bf992.jpg,main_object,0.0,0.0,0.0,0.0,51923,0.7922821044921875,,1.0090903043746948,9.870417399999496
43/432bf992.jpg,carpet,0.0,0.0,0.0,0.0,3721,0.0567779541015625,0.27835971117019653,0.7939271330833435,0.44119659999887517
43/432bf992.jpg,rug,0.0,0.0,0.0,0.0,0,0.0,,,0.24533169999995152
43/432bf992.jpg,area_rug,0.0,0.0,0.0,0.0,2375,0.0362396240234375,0.2756793797016144,0.7777509093284607,0.25333690000115894
45/4514df74.jpg,main_object,0.0,0.0,0.0,0.0,0,0.0,,0.8963941335678101,9.518705300000875
45/4514df74.jpg,carpet,0.0,0.0,0.0,0.0,0,0.0,,,0.24494790000062494
45/4514df74.jpg,rug,0.0,0.0,0.0,0.0,0,0.0,,,0.24466619999839168
45/4514df74.jpg,area_rug,0.03222499242724328,0.06243792325056433,0.032319125070106564,0.9171087533156499,42792,0.6529541015625,0.3624825179576874,0.970187783241272,0.4430929999998625
45/457c5eb9.jpg,main_object,0.0,0.0,0.0,0.0,1926,0.029388427734375,,0.9556854963302612,9.726092700000663
45/457c5eb9.jpg,carpet,0.03239166036785084,0.06275072070285688,0.03239166036785084,1.0,63504,0.968994140625,0.8446040153503418,1.0232081413269043,0.43409579999934067
45/457c5eb9.jpg,rug,0.03239166036785084,0.06275072070285688,0.03239166036785084,1.0,63504,0.968994140625,0.8783637285232544,1.023223638534546,0.26332879999972647
45/457c5eb9.jpg,area_rug,0.03239166036785084,0.06275072070285688,0.03239166036785084,1.0,63504,0.968994140625,0.7672911286354065,1.02324378490448,0.25663799999892944
45/4595acf0.jpg,main_object,0.0,0.0,0.0,0.0,0,0.0,,0.8986033797264099,9.666747500001293
45/4595acf0.jpg,carpet,0.0,0.0,0.0,0.0,9376,0.19075520833333334,0.6655788421630859,0.9883237481117249,0.49899679999907676
45/4595acf0.jpg,rug,0.0,0.0,0.0,0.0,9376,0.19075520833333334,0.6561580300331116,0.9883323907852173,0.30128359999980603
45/4595acf0.jpg,area_rug,0.0,0.0,0.0,0.0,9380,0.19083658854166666,0.6539126038551331,0.988269031047821,0.30641429999923275
49/495ccaba.jpg,main_object,0.15823475887170155,0.27323434676722447,0.9982778415614236,0.15827796486757076,1742,0.026580810546875,,0.9366415143013,9.647276499999862
49/495ccaba.jpg,carpet,0.0,0.0,0.0,0.0,13971,0.2131805419921875,0.7633256316184998,0.950788140296936,0.4493129000002227
49/495ccaba.jpg,rug,0.0,0.0,0.0,0.0,13950,0.212860107421875,0.7404357194900513,0.9491032361984253,0.24750030000177503
49/495ccaba.jpg,area_rug,0.0,0.0,0.0,0.0,14002,0.213653564453125,0.7272200584411621,0.9509842395782471,0.24525549999998475
4a/4a03d9a1.jpg,main_object,0.9897036440146835,0.9948251811186608,0.9987350921575714,0.9909457642312864,11068,0.16888427734375,,1.0118505954742432,9.803792699998667
4a/4a03d9a1.jpg,carpet,0.0009616309260505818,0.0019214141608223652,0.0014946193702670386,0.002689376961004034,20072,0.3062744140625,0.3669591248035431,0.9920192360877991,0.4859440000000177
4a/4a03d9a1.jpg,rug,0.9936465324384788,0.9968131424211141,0.9982020855807263,0.9954280591662932,11124,0.16973876953125,0.378761887550354,0.9640530347824097,0.24882090000028256
4a/4a03d9a1.jpg,area_rug,0.0009616001025706776,0.0019213526322531063,0.0014945449110745778,0.002689376961004034,20073,0.3062896728515625,0.3864184021949768,0.992637574672699,0.24083380000047327
4a/4a9e8983.jpg,main_object,0.0,0.0,0.0,0.0,0,0.0,,0.9092549085617065,9.67978889999904
4a/4a9e8983.jpg,carpet,0.05734054778778012,0.10846183456739805,0.05734054778778012,1.0,41768,0.9270241477272727,0.6150172352790833,0.982596755027771,0.5358431000004202
4a/4a9e8983.jpg,rug,0.05734054778778012,0.10846183456739805,0.05734054778778012,1.0,41768,0.9270241477272727,0.6670314073562622,0.9814826250076294,0.33914139999978943
4a/4a9e8983.jpg,area_rug,0.05734054778778012,0.10846183456739805,0.05734054778778012,1.0,41768,0.9270241477272727,0.6624449491500854,0.9812132120132446,0.3314712999999756
4a/4afb9a74.jpg,main_object,0.9909181141439206,0.995438342847172,0.9985497099419884,0.9923463048556235,19996,0.30511474609375,,0.9994252920150757,9.701268099999652
4a/4afb9a74.jpg,carpet,0.9917031001589826,0.9958342687520267,0.9996494391025641,0.9920481089409076,19968,0.3046875,0.6840481758117676,1.0059090852737427,0.44585510000069917
4a/4afb9a74.jpg,rug,0.9917031001589826,0.9958342687520267,0.9996494391025641,0.9920481089409076,19968,0.3046875,0.763225257396698,1.0060675144195557,0.25726639999993495
4a/4afb9a74.jpg,area_rug,0.9917031001589826,0.9958342687520267,0.9996494391025641,0.9920481089409076,19968,0.3046875,0.716045081615448,1.0060597658157349,0.2484266999999818
4b/4b867235.jpg,main_object,0.9957711483718098,0.9978810939161836,0.9958858572227891,0.999884341490012,60766,0.9308517156862746,,0.9956339597702026,9.779194799999459
4b/4b867235.jpg,carpet,0.9989766106003334,0.9994880433346545,0.9990095904656575,0.999966954711432,60581,0.9280177696078431,0.4420735836029053,0.9698742628097534,0.45212029999856895
4b/4b867235.jpg,rug,0.9987293310010231,0.9993642615939695,0.9987622945408938,0.999966954711432,60596,0.9282475490196078,0.4540882408618927,0.9704391360282898,0.255798499998491
4b/4b867235.jpg,area_rug,0.5290055020405465,0.6919602334125784,1.0,0.5290055020405465,32017,0.49045649509803924,0.43299952149391174,0.9766446352005005,0.25105579999944894
4e/4e931073.jpg,main_object,0.9762338703798207,0.9879740298066991,0.9847771731136932,0.9911917098445596,13598,0.207489013671875,,1.0014547109603882,9.677731499999936
4e/4e931073.jpg,carpet,0.9765368028652877,0.988129137236049,0.9873623531150691,0.9888971132494448,13531,0.2064666748046875,0.7594602108001709,0.9943327307701111,0.4323868000010407
4e/4e931073.jpg,rug,0.9764688687518269,0.9880943577608519,0.987145390070922,0.9890451517394523,13536,0.20654296875,0.7999299764633179,0.9931955933570862,0.24167950000082783
4e/4e931073.jpg,area_rug,0.9762548403594652,0.9879847683833044,0.9869266563261688,0.9890451517394523,13539,0.2065887451171875,0.7701966762542725,0.9929934740066528,0.3863766000013129
4f/4f4b1fd2.jpg,main_object,0.029408942621377856,0.057137530875704896,0.998371335504886,0.02941035359593149,614,0.009368896484375,,0.9555778503417969,9.891682100000253
4f/4f4b1fd2.jpg,carpet,0.3404144092766847,0.5079241269278497,0.9729693018201576,0.3436645396536007,7362,0.112335205078125,0.7265861630439758,0.9793196320533752,0.4381869999997434
4f/4f4b1fd2.jpg,rug,0.3404144092766847,0.5079241269278497,0.9729693018201576,0.3436645396536007,7362,0.112335205078125,0.7033693790435791,0.9791410565376282,0.2555083999995986
4f/4f4b1fd2.jpg,area_rug,0.34057007125890737,0.5080973811970658,0.9719360086767896,0.34395240608357724,7376,0.112548828125,0.7408966422080994,0.977457582950592,0.24456459999964864
4f/4f6c66b2.jpg,main_object,0.6403356936795175,0.7807373772903143,0.9973856209150327,0.6414122839279147,12240,0.186767578125,,0.9999340176582336,9.699545499999658
4f/4f6c66b2.jpg,carpet,0.2913371344491448,0.4512177752456915,0.7000331455087836,0.3328954972941733,9051,0.1381072998046875,0.6813369989395142,0.9540501236915588,0.45624750000024505
4f/4f6c66b2.jpg,rug,0.29158422675194406,0.4515140719629498,0.7012282837224743,0.3329480376188725,9037,0.1378936767578125,0.6334614157676697,0.9542860984802246,0.2536331999999675
4f/4f6c66b2.jpg,area_rug,0.2909441233140655,0.4507462686567164,0.6963873943120676,0.3332107392423685,9107,0.1389617919921875,0.6611973643302917,0.9557385444641113,0.2511561999999685
4f/4fc37199.jpg,main_object,0.0,0.0,0.0,0.0,13013,0.1985626220703125,,1.005703091621399,9.798783599999297
4f/4fc37199.jpg,carpet,0.0,0.0,0.0,0.0,13014,0.198577880859375,0.7504051327705383,0.996392548084259,0.4392734000011842
4f/4fc37199.jpg,rug,0.0,0.0,0.0,0.0,13011,0.1985321044921875,0.7259888052940369,0.9961528182029724,0.2521372999999585
4f/4fc37199.jpg,area_rug,0.0,0.0,0.0,0.0,13010,0.198516845703125,0.758223295211792,0.9958280920982361,0.2488671000010072
51/51b9a3f7.jpg,main_object,0.0,0.0,0.0,0.0,0,0.0,,0.937401533126831,9.793533199999729
51/51b9a3f7.jpg,carpet,0.0,0.0,0.0,0.0,47605,0.7263946533203125,0.825289249420166,0.9705000519752502,0.4395734000008815
51/51b9a3f7.jpg,rug,0.0,0.0,0.0,0.0,47596,0.72625732421875,0.8440994620323181,0.9691272974014282,0.24522539999998116
51/51b9a3f7.jpg,area_rug,0.0002531300504312947,0.0005061319836480436,0.00028179394359785834,0.0024823372159633377,46133,0.7039337158203125,0.808519184589386,0.9684018492698669,0.2600602999991679
52/526208f0.jpg,main_object,0.0,0.0,0.0,0.0,0,0.0,,0.9701281785964966,9.83548300000075
52/526208f0.jpg,carpet,0.8945244101498738,0.9443260855943355,0.9309386292738673,0.9581041991163102,32377,0.4940338134765625,0.8291715383529663,0.9775776267051697,0.4333792000015819
52/526208f0.jpg,rug,0.894219087972977,0.9441559254160931,0.9294711879023068,0.9593121205378429,32469,0.4954376220703125,0.8462981581687927,0.9775855541229248,0.24666679999972985
52/526208f0.jpg,area_rug,0.8997517719891138,0.9472308806397783,0.9383089542463275,0.9563241043898407,32063,0.4892425537109375,0.7583193182945251,0.9780985116958618,0.24912810000023455
52/52f369b0.jpg,main_object,0.0,0.0,0.0,0.0,0,0.0,,0.919182538986206,9.660005199999432
52/52f369b0.jpg,carpet,0.9465523897768512,0.9725424239779769,0.974343485725186,0.9707480084255872,62908,0.95989990234375,0.7243240475654602,0.966639518737793,0.4441138000001956
52/52f369b0.jpg,rug,0.9463331789408677,0.9724267038964336,0.9741112152948842,0.9707480084255872,62923,0.9601287841796875,0.7924968600273132,0.9667948484420776,0.2574927999994543
52/52f369b0.jpg,area_rug,0.9466108631526926,0.9725732873180214,0.9744054432150578,0.9707480084255872,62904,0.9598388671875,0.7538610100746155,0.970412015914917,0.25435209999886865
53/532dbe40.jpg,main_object,0.0,0.0,0.0,0.0,0,0.0,,0.8902291059494019,10.006991700000071
53/532dbe40.jpg,carpet,0.0,0.0,0.0,0.0,7562,0.115386962890625,0.71766597032547,0.9732447266578674,0.43773680000049353
53/532dbe40.jpg,rug,0.0,0.0,0.0,0.0,7565,0.1154327392578125,0.717954158782959,0.9733403921127319,0.25072130000080506
53/532dbe40.jpg,area_rug,0.0,0.0,0.0,0.0,7575,0.1155853271484375,0.7446856498718262,0.9746879935264587,0.24967389999983425
53/53a28fe3.jpg,main_object,0.8944980147475894,0.944311377245509,0.9999423564676043,0.8945441419141914,17348,0.26470947265625,,0.9779552817344666,9.69502570000077
53/53a28fe3.jpg,carpet,0.0,0.0,0.0,0.0,1126,0.017181396484375,0.4473811686038971,0.9773143529891968,0.43960690000130853
53/53a28fe3.jpg,rug,0.0,0.0,0.0,0.0,1126,0.017181396484375,0.4589370787143707,0.9772035479545593,0.24405420000039157
53/53a28fe3.jpg,area_rug,0.0,0.0,0.0,0.0,1072,0.016357421875,0.3975106179714203,0.9711384773254395,0.23970230000122683
53/53ef1692.jpg,main_object,0.20919685960891404,0.3460095979352341,0.9914490409059394,0.20957498778700537,4327,0.0660247802734375,,0.9501136541366577,9.7180440000011
53/53ef1692.jpg,carpet,0.0,0.0,0.0,0.0,31801,0.4852447509765625,0.5953131914138794,0.9704259634017944,0.43790099999932863
53/53ef1692.jpg,rug,0.0,0.0,0.0,0.0,31743,0.4843597412109375,0.7327111959457397,0.9700106382369995,0.24767360000078043
53/53ef1692.jpg,area_rug,0.0,0.0,0.0,0.0,31455,0.4799652099609375,0.6356796622276306,0.9707199335098267,0.24782800000139105
53/53f1e699.jpg,main_object,0.010033102412722247,0.01986687839983782,0.05554505951256376,0.012096774193548387,5293,0.17229817708333334,,0.9301817417144775,9.472687299999961
53/53f1e699.jpg,carpet,0.8023460212291258,0.8903351651443254,0.8180815496501568,0.9765882159315339,29013,0.94443359375,0.32678428292274475,0.9967384338378906,0.524459600001137
53/53f1e699.jpg,rug,0.8023460212291258,0.8903351651443254,0.8180815496501568,0.9765882159315339,29013,0.94443359375,0.46306154131889343,0.996050238609314,0.29910559999916586
53/53f1e699.jpg,area_rug,0.05926710960746749,0.11190210489860315,0.8639334521687463,0.059825543120473994,1683,0.05478515625,0.2796758711338043,0.9779082536697388,0.3044948000006116
53/53ff91f5.jpg,main_object,0.22720733833161272,0.37028353927625773,0.22720733833161272,1.0,59087,0.9015960693359375,,0.9864981174468994,9.569358700000521
53/53ff91f5.jpg,carpet,0.986543128171189,0.9932259855635758,0.98719646799117,0.9993296089385475,13590,0.207366943359375,0.41077733039855957,0.9974329471588135,0.4328539999987697
53/53ff91f5.jpg,rug,0.9864695933524524,0.9931887169615755,0.9871955257929207,0.9992551210428305,13589,0.2073516845703125,0.4450671672821045,0.9974762201309204,0.2413271999994322
53/53ff91f5.jpg,area_rug,0.9863990589619174,0.99315296643103,0.9869795498013829,0.9994040968342645,13594,0.207427978515625,0.4581320285797119,0.9974607825279236,0.25638470000012603
54/540e2795.jpg,main_object,0.9923271770405528,0.9961488137852716,0.9923271770405528,1.0,40663,0.9398807322485208,,0.9883633852005005,9.659542499999588
54/540e2795.jpg,carpet,0.31741468612921614,0.4818751293289941,1.0,0.31741468612921614,12808,0.29604289940828404,0.2845315635204315,0.9786102175712585,0.543246299999737
54/540e2795.jpg,rug,0.9783483658229076,0.989055701942521,0.9783483658229076,1.0,41244,0.9533099112426036,0.302812784910202,0.9963207244873047,0.3365343999994366
54/540e2795.jpg,area_rug,0.33064855889569034,0.49697353472519695,1.0,0.33064855889569034,13342,0.308385724852071,0.40312495827674866,0.9774479866027832,0.3474784999998519
54/54e4b681.jpg,main_object,0.0,0.0,0.0,0.0,0,0.0,,0.9482569694519043,9.985288699999728
54/54e4b681.jpg,carpet,0.8803555671753979,0.9363713784173662,0.9596038757480764,0.9142372306125912,56144,0.856689453125,0.8334962725639343,0.9391467571258545,0.43193280000014056
54/54e4b681.jpg,rug,0.8891155471368206,0.9413035094485153,0.9508787117998442,0.931919226200577,57755,0.8812713623046875,0.8473856449127197,0.939591646194458,0.2436613000008947
54/54e4b681.jpg,area_rug,0.8857156532699395,0.93939470856495,0.9367712323450499,0.9420329204140506,59261,0.9042510986328125,0.7854812145233154,0.9415299892425537,0.2466165000005276
55/559b24ac.jpg,main_object,0.997758076021604,0.9988777800448888,0.9990816326530613,0.9986740106079152,9800,0.1495361328125,,0.9803541302680969,9.6339149000014
55/559b24ac.jpg,carpet,0.9977573904179409,0.9988774364731094,0.999387380028589,0.9983680130558955,9794,0.149444580078125,0.6984253525733948,1.0045223236083984,0.43637699999999313
55/559b24ac.jpg,rug,0.9977573904179409,0.9988774364731094,0.999387380028589,0.9983680130558955,9794,0.149444580078125,0.7603598237037659,1.0045242309570312,0.2545855999997002
55/559b24ac.jpg,area_rug,0.9977573904179409,0.9988774364731094,0.999387380028589,0.9983680130558955,9794,0.149444580078125,0.7312708497047424,1.004366159439087,0.2503956000000471
57/5732943c.jpg,main_object,0.9570204032355427,0.9780382479950648,0.9573671497584542,0.9996216897856242,16560,0.6280339805825242,,0.9661858677864075,9.651391399998829
57/5732943c.jpg,carpet,0.6765521655643268,0.8070755917536269,0.6766965428937259,0.9996847414880202,23430,0.8885770631067961,0.48800063133239746,0.988235354423523,0.47983840000051714
57/5732943c.jpg,rug,0.6760305213350952,0.8067043084592299,0.676059340097195,0.999936948297604,23458,0.8896389563106796,0.5323472023010254,0.9880576133728027,0.2753446000006079
57/5732943c.jpg,area_rug,0.6766827436083487,0.8071684952778556,0.6768560816291679,0.9996216897856242,23423,0.8883115898058253,0.49136680364608765,0.9891616106033325,0.2607649000001402
57/57a4d0bc.jpg,main_object,0.39158258864226003,0.5627874218005552,0.9668327402135232,0.39691444600280507,7025,0.13386051829268292,,0.9977332353591919,9.685124200001155
57/57a4d0bc.jpg,carpet,0.2727075420510038,0.4285470668485675,0.33731543624161076,0.5874240299205236,29800,0.5678353658536586,0.3584013283252716,0.9874621033668518,0.4754947999990691
57/57a4d0bc.jpg,rug,0.0,0.0,0.0,0.0,0,0.0,,,0.2885024999995949
57/57a4d0bc.jpg,area_rug,0.27273467173087357,0.42858056402276556,0.33733767323244185,0.5874824684431977,29801,0.5678544207317073,0.49095481634140015,0.9875151515007019,0.303134300000238
58/5804e80e.jpg,main_object,0.0,0.0,0.0,0.0,34542,0.527069091796875,,0.9631426334381104,9.66326619999927
58/5804e80e.jpg,carpet,0.0,0.0,0.0,0.0,13591,0.2073822021484375,0.4652542173862457,0.9763567447662354,0.44605869999941206
58/5804e80e.jpg,rug,0.0,0.0,0.0,0.0,13592,0.2073974609375,0.3056791126728058,0.9762017726898193,0.24259089999941352
58/5804e80e.jpg,area_rug,0.0,0.0,0.0,0.0,13587,0.2073211669921875,0.4916667640209198,0.9763733148574829,0.24979309999980615
5a/5a3584c9.jpg,main_object,0.4277719482336481,0.5992160705536502,1.0,0.4277719482336481,6115,0.0933074951171875,,0.9969599843025208,9.61729270000069
5a/5a3584c9.jpg,carpet,0.2301635860114639,0.37419996596992267,0.2301635860114639,1.0,62108,0.94769287109375,0.4346362352371216,0.9680279493331909,0.44202150000091933
5a/5a3584c9.jpg,rug,0.22931806150440348,0.3730817413091137,0.22931806150440348,1.0,62337,0.9511871337890625,0.46083566546440125,0.9649624824523926,0.24742039999910048
5a/5a3584c9.jpg,area_rug,0.230404719307577,0.3745185883832429,0.230404719307577,1.0,62043,0.9467010498046875,0.4388250708580017,0.967566728591919,0.2452556000007462
5a/5a377982.jpg,main_object,0.8964610084559975,0.9454041021237243,0.9860144677919394,0.9080065981474432,29030,0.442962646484375,,1.0047959089279175,9.73164110000107
5a/5a377982.jpg,carpet,0.8943767572633552,0.9442438034928017,0.983307573415765,0.9081652074609821,29115,0.4442596435546875,0.7417925000190735,0.9707984328269958,0.4409121000007872
5a/5a377982.jpg,rug,0.8942929434917065,0.9441970911249629,0.9832062641664949,0.9081652074609821,29118,0.444305419921875,0.7893224358558655,0.9689643979072571,0.2495679999992717
5a/5a377982.jpg,area_rug,0.8942929434917065,0.9441970911249629,0.9832062641664949,0.9081652074609821,29118,0.444305419921875,0.7441381812095642,0.9700445532798767,0.24747519999982615
5a/5ac117ff.jpg,main_object,0.026885768702662002,0.052363699102829536,0.9837925445705025,0.02689768245668454,617,0.0094146728515625,,0.954069972038269,9.80087149999963
5a/5ac117ff.jpg,carpet,0.30904113386699933,0.47216412971542027,0.5864018937401367,0.39517880090397484,15208,0.2320556640625,0.7167611122131348,0.9427629113197327,0.4412854000001971
5a/5ac117ff.jpg,rug,0.308934076973707,0.47203916898240045,0.5860165593376265,0.39517880090397484,15218,0.232208251953125,0.6629866361618042,0.9436048269271851,0.24487820000103966
5a/5ac117ff.jpg,area_rug,0.30674319494088537,0.4694773940716972,0.5775203830723438,0.3954889883458147,15454,0.235809326171875,0.7053518295288086,0.9421175718307495,0.2517240999986825
5b/5be2fcea.jpg,main_object,0.9903672192068848,0.9951602997174794,0.9983733425346281,0.9919678714859438,20287,0.3095550537109375,,1.0101503133773804,9.905958500001361
5b/5be2fcea.jpg,carpet,0.9919721963874883,0.9959699218558018,0.9994574866837641,0.9925066118131061,20276,0.30938720703125,0.6978223919868469,1.0004050731658936,0.44257629999992787
5b/5be2fcea.jpg,rug,0.9920207558253378,0.9959943970707492,0.9995067817509248,0.9925066118131061,20275,0.3093719482421875,0.7439518570899963,0.9998403787612915,0.24561030000040773
5b/5be2fcea.jpg,area_rug,0.9919718034070883,0.9959697237786297,0.9995067574233008,0.9924576354197276,20274,0.309356689453125,0.7292313575744629,0.9991429448127747,0.24867860000085784
5d/5d00c75b.jpg,main_object,0.0,0.0,0.0,0.0,14652,0.22357177734375,,0.9971776604652405,9.77159070000016
5d/5d00c75b.jpg,carpet,0.0,0.0,0.0,0.0,14630,0.223236083984375,0.7815122008323669,0.9891406893730164,0.4381128999993962
5d/5d00c75b.jpg,rug,0.0,0.0,0.0,0.0,14630,0.223236083984375,0.7646083235740662,0.988218367099762,0.25824069999907806
5d/5d00c75b.jpg,area_rug,0.0,0.0,0.0,0.0,14632,0.2232666015625,0.8013542294502258,0.9869217276573181,0.2531103000001167
5d/5dfc4822.jpg,main_object,0.9928124584054306,0.9963932674325408,0.9993301178992497,0.9934736281299946,7464,0.1138916015625,,1.001699686050415,9.596927299999152
5d/5dfc4822.jpg,carpet,0.0,0.0,0.0,0.0,5170,0.078887939453125,0.502047598361969,0.9751176238059998,0.4467058000009274
5d/5dfc4822.jpg,rug,0.0,0.0,0.0,0.0,5180,0.07904052734375,0.42836087942123413,0.9730504751205444,0.2545862999995734
5d/5dfc4822.jpg,area_rug,0.0,0.0,0.0,0.0,5178,0.079010009765625,0.49000972509384155,0.9718910455703735,0.24906010000086098
5e/5e23eace.jpg,main_object,0.08098691025520294,0.14983883613555188,0.9002878827532059,0.08171991923031238,3821,0.0583038330078125,,0.9757946729660034,9.765327899998738
5e/5e23eace.jpg,carpet,0.3249611316705717,0.4905217578131456,0.8059960895068433,0.3525359306330918,18412,0.28094482421875,0.3216054141521454,0.9849458932876587,0.4319818000003579
5e/5e23eace.jpg,rug,0.277340272546737,0.4342465019031791,0.8763704558568955,0.28863285425822544,13864,0.2115478515625,0.27993226051330566,0.964561402797699,0.3021818999986863
5e/5e23eace.jpg,area_rug,0.3249397854171228,0.49049743843992727,0.8058647841433614,0.3525359306330918,18415,0.2809906005859375,0.3412201404571533,0.9848443269729614,0.24209669999981998
5f/5f491e9a.jpg,main_object,0.0,0.0,0.0,0.0,11791,0.1799163818359375,,0.9874889254570007,9.805894900000567
5f/5f491e9a.jpg,carpet,0.0,0.0,0.0,0.0,44224,0.6748046875,0.7205522060394287,0.9857896566390991,0.43597609999960696
5f/5f491e9a.jpg,rug,0.0,0.0,0.0,0.0,44214,0.674652099609375,0.7639466524124146,0.9810934662818909,0.25384699999995064
5f/5f491e9a.jpg,area_rug,0.0,0.0,0.0,0.0,44227,0.6748504638671875,0.7727555632591248,0.9857584238052368,0.25475659999938216
60/600ead9b.jpg,main_object,0.0,0.0,0.0,0.0,0,0.0,,0.9080288410186768,9.807466500000373
60/600ead9b.jpg,carpet,0.0019571173835515156,0.003906589113638337,0.0030405405405405407,0.005462490895848507,14800,0.225830078125,0.6218550801277161,0.9689960479736328,0.4289724999998725
60/600ead9b.jpg,rug,0.0017839272505765131,0.003561501042390549,0.002772893277424591,0.004976936149550862,14786,0.225616455078125,0.6100772023200989,0.9690331220626831,0.24996479999936128
60/600ead9b.jpg,area_rug,0.0019571173835515156,0.003906589113638337,0.0030405405405405407,0.005462490895848507,14800,0.225830078125,0.6379050016403198,0.9690398573875427,0.24657400000069174
60/60ab5605.jpg,main_object,0.10448352344740178,0.18919888115900452,0.9068408387762118,0.10561716779437082,2909,0.0443878173828125,,0.9088051915168762,9.643332499999815
60/60ab5605.jpg,carpet,0.0,0.0,0.0,0.0,9365,0.1428985595703125,0.6541326642036438,0.9860604405403137,0.43121249999967404
60/60ab5605.jpg,rug,0.0,0.0,0.0,0.0,9364,0.14288330078125,0.6001874208450317,0.9864582419395447,0.25452749999931257
60/60ab5605.jpg,area_rug,0.0,0.0,0.0,0.0,9367,0.1429290771484375,0.6645029783248901,0.9857533574104309,0.2526185999995505
61/61c044c8.jpg,main_object,0.9690089265278096,0.9842605723850929,1.0,0.9690089265278096,63504,0.968994140625,,1.0044268369674683,9.838730100000248
61/61c044c8.jpg,carpet,0.9690089265278096,0.9842605723850929,1.0,0.9690089265278096,63504,0.968994140625,0.47520318627357483,1.0213923454284668,0.43200480000086827
61/61c044c8.jpg,rug,0.9690089265278096,0.9842605723850929,1.0,0.9690089265278096,63504,0.968994140625,0.49648648500442505,1.0213325023651123,0.24522240000078455
61/61c044c8.jpg,area_rug,0.9690089265278096,0.9842605723850929,1.0,0.9690089265278096,63504,0.968994140625,0.5876780152320862,1.0213388204574585,0.24790929999835498
63/635dadab.jpg,main_object,0.11008874166768903,0.19834223613925217,1.0,0.11008874166768903,2692,0.048236811926605505,,0.9065289497375488,9.8541795000001
63/635dadab.jpg,carpet,0.0,0.0,0.0,0.0,7199,0.12899584288990826,0.3362864851951599,0.9981110692024231,0.47242259999984526
63/635dadab.jpg,rug,0.0,0.0,0.0,0.0,0,0.0,,,0.27516819999982545
63/635dadab.jpg,area_rug,0.0,0.0,0.0,0.0,7210,0.1291929472477064,0.3721678853034973,0.9977900385856628,0.278744999999617
63/63e02681.jpg,main_object,0.0,0.0,0.0,0.0,0,0.0,,0.8811813592910767,9.852251199999955
63/63e02681.jpg,carpet,0.3489862124898621,0.5174051584200084,0.34963273530941236,0.9947292986268436,61536,0.93896484375,0.29249945282936096,0.9739540219306946,0.43819799999982934
63/63e02681.jpg,rug,0.3496871859703718,0.518175158814982,0.34999351112841476,0.9975033519811365,61644,0.94061279296875,0.315826416015625,0.951931357383728,0.24224859999958426
63/63e02681.jpg,area_rug,0.3199682413656213,0.48481203007518797,0.33253683106702653,0.894354801424014,58171,0.8876190185546875,0.32320404052734375,0.9408354759216309,0.253707800000484
66/66505074.jpg,main_object,0.0,0.0,0.0,0.0,0,0.0,,0.8874797821044922,9.622568200000387
66/66505074.jpg,carpet,0.3035281443576623,0.46570247933884296,0.8476871004136893,0.32103688933200397,5318,0.081146240234375,0.6510711908340454,0.95954430103302,0.43183979999957955
66/66505074.jpg,rug,0.3035077088803609,0.4656784257011518,0.8475277307764617,0.32103688933200397,5319,0.0811614990234375,0.5911141633987427,0.9570870399475098,0.24141579999923124
66/66505074.jpg,area_rug,0.30380939561179165,0.46603345034069793,0.8469043151969982,0.32146417889189577,5330,0.081329345703125,0.6540924906730652,0.9588338732719421,0.2451729999993404
67/67017248.jpg,main_object,0.0,0.0,0.0,0.0,27859,0.4250946044921875,,0.9999935030937195,9.715457700000115
67/67017248.jpg,carpet,0.0,0.0,0.0,0.0,0,0.0,,,0.24486950000027718
67/67017248.jpg,rug,0.0,0.0,0.0,0.0,0,0.0,,,0.24496050000016112
67/67017248.jpg,area_rug,0.8163183048310013,0.8988714177022572,1.0,0.8163183048310013,28354,0.432647705078125,0.3026988208293915,1.0025205612182617,0.4393731000000116
67/670a016a.jpg,main_object,0.0,0.0,0.0,0.0,0,0.0,,0.9371542930603027,9.682025899999644
67/670a016a.jpg,carpet,0.0,0.0,0.0,0.0,0,0.0,,,0.2444921999995131
67/670a016a.jpg,rug,0.0,0.0,0.0,0.0,0,0.0,,,0.2460194000013871
67/670a016a.jpg,area_rug,0.0,0.0,0.0,0.0,0,0.0,,,0.23541060000025027
67/67aa53dd.jpg,main_object,0.9674708325093929,0.9834665058545655,0.9748928962837501,0.992192253092679,10037,0.1531524658203125,,0.9731785655021667,9.492756599998756
67/67aa53dd.jpg,carpet,0.9712450592885375,0.9854128026467492,0.9744225240408446,0.9966538227540053,10087,0.1539154052734375,0.5281468033790588,0.9741727113723755,0.4510436000000482
67/67aa53dd.jpg,rug,0.9712507409602845,0.9854157269583521,0.974234466356159,0.9968566213749747,10091,0.1539764404296875,0.6848453283309937,0.974290132522583,0.24367359999996552
67/67aa53dd.jpg,area_rug,0.9712507409602845,0.9854157269583521,0.974234466356159,0.9968566213749747,10091,0.1539764404296875,0.552620530128479,0.9745975732803345,0.25008320000051754
6a/6ae4b0c3.jpg,main_object,0.910550924984753,0.9531815279846776,0.9195027372262774,0.9894212360708851,43840,0.8353658536585366,,0.9926379323005676,9.578593700000056
6a/6ae4b0c3.jpg,carpet,0.9877699076003039,0.9938473299384732,0.9985381928098908,0.9892003338078641,40361,0.7690739329268292,0.3099370300769806,0.9906479716300964,0.48507040000004054
6a/6ae4b0c3.jpg,rug,0.9877947159452968,0.9938598870613765,0.998513526905163,0.9892494231996466,40364,0.7691310975609756,0.46182531118392944,0.9915847778320312,0.2923568999995041
6a/6ae4b0c3.jpg,area_rug,0.9875820515332615,0.9937522335456999,0.9978716559012052,0.9896666830297972,40407,0.7699504573170731,0.5134716033935547,0.9891980290412903,0.29827279999881284
6b/6b8442fb.jpg,main_object,0.0,0.0,0.0,0.0,1436,0.02191162109375,,0.9367165565490723,9.802199100000507
6b/6b8442fb.jpg,carpet,0.005658900728432966,0.011254115534271176,0.006680406509842939,0.03568716780561883,14071,0.2147064208984375,0.5661352276802063,0.9685499668121338,0.44032939999851806
6b/6b8442fb.jpg,rug,0.005664698083644691,0.011265580057526366,0.006688487263412551,0.03568716780561883,14054,0.214447021484375,0.5850731134414673,0.9702619314193726,0.24777150000045367
6b/6b8442fb.jpg,area_rug,0.005658900728432966,0.011254115534271176,0.006680406509842939,0.03568716780561883,14071,0.2147064208984375,0.6483975052833557,0.9696064591407776,0.24768889999904786
6c/6cac28b0.jpg,main_object,0.12815511702615878,0.227194142174311,1.0,0.12815511702615878,2234,0.034088134765625,,0.9809437990188599,9.824164399999063
6c/6cac28b0.jpg,carpet,0.0,0.0,0.0,0.0,9486,0.144744873046875,0.6545357704162598,0.9690690040588379,0.43592050000006566
6c/6cac28b0.jpg,rug,0.0,0.0,0.0,0.0,9484,0.14471435546875,0.6117877960205078,0.9684609174728394,0.24954449999859207
6c/6cac28b0.jpg,area_rug,0.0,0.0,0.0,0.0,9485,0.1447296142578125,0.63224196434021,0.9707624316215515,0.24920700000075158
71/71d43e9a.jpg,main_object,0.0,0.0,0.0,0.0,1471,0.0224456787109375,,0.9426127672195435,9.624980299999152
71/71d43e9a.jpg,carpet,5.090353779587681e-05,0.00010180189351521938,6.81663258350375e-05,0.00020096463022508038,14670,0.223846435546875,0.39207085967063904,0.9605490565299988,0.4378066999997827
71/71d43e9a.jpg,rug,0.0,0.0,0.0,0.0,14640,0.223388671875,0.26140928268432617,0.9621157646179199,0.2582572999999684
71/71d43e9a.jpg,area_rug,0.0,0.0,0.0,0.0,14670,0.223846435546875,0.48716408014297485,0.9619929194450378,0.250414300000557
74/74946bc6.jpg,main_object,0.0,0.0,0.0,0.0,27284,0.4911434331797235,,1.0008106231689453,9.697142499999245
74/74946bc6.jpg,carpet,0.00031325867334951836,0.0006263211461676975,0.00035075412136092597,0.0029218407596785976,11404,0.20528513824884792,0.6497150659561157,0.9896187782287598,0.46899389999998675
74/74946bc6.jpg,rug,0.00031325867334951836,0.0006263211461676975,0.00035075412136092597,0.0029218407596785976,11404,0.20528513824884792,0.6247966289520264,0.9898399114608765,0.2741299000008439
74/74946bc6.jpg,area_rug,0.0016428068528514432,0.0032802249297094657,0.0018364669873196327,0.015339663988312637,11435,0.20584317396313365,0.6499102115631104,0.9901001453399658,0.27396670000052836
76/76798de2.jpg,main_object,0.9983874461479217,0.9991930724669099,0.9988201584358671,0.9995662650602409,41531,0.9323590158045977,,0.9750313758850098,9.636063500000091
76/76798de2.jpg,carpet,0.998195163036939,0.9990967664237972,0.9986758155772241,0.9995180722891567,41535,0.9324488146551724,0.5450953841209412,1.0034003257751465,0.5443770000001678
76/76798de2.jpg,rug,0.9980755352417608,0.9990368408379485,0.9983156881616939,0.9997590361445783,41560,0.9330100574712644,0.6951824426651001,0.9863142371177673,0.33644529999946826
76/76798de2.jpg,area_rug,0.9975949397532409,0.9987960220568759,0.9980990423023245,0.9994939759036144,41558,0.932965158045977,0.5031543970108032,1.0062966346740723,0.33892109999942477
77/7749d6d2.jpg,main_object,0.0002993051843933725,0.0005984312552095578,0.0018462349993406304,0.000357088200785594,7583,0.1550842604712042,,0.976223349571228,9.749541900000622
77/7749d6d2.jpg,carpet,0.00027791435962118134,0.0005556742893780722,0.0017141350210970465,0.00033158190072948016,7584,0.1551047120418848,0.4126344621181488,0.9277327060699463,0.5083271999992576
77/7749d6d2.jpg,rug,0.00027791435962118134,0.0005556742893780722,0.0017141350210970465,0.00033158190072948016,7584,0.1551047120418848,0.40736863017082214,0.9286223649978638,0.31363260000034643
77/7749d6d2.jpg,area_rug,0.00027791435962118134,0.0005556742893780722,0.0017141350210970465,0.00033158190072948016,7584,0.1551047120418848,0.3925502896308899,0.9282681941986084,0.31591649999973015
7c/7ce8cda2.jpg,main_object,0.6567029774872912,0.7927829990180951,0.9985424028268551,0.657333100721098,22640,0.345458984375,,0.9848172664642334,9.726343400001497
7c/7ce8cda2.jpg,carpet,0.0,0.0,0.0,0.0,668,0.01019287109375,0.5816767811775208,0.9817379117012024,0.4379640000006475
7c/7ce8cda2.jpg,rug,0.0,0.0,0.0,0.0,668,0.01019287109375,0.5069152116775513,0.9807645678520203,0.25053850000040256
7c/7ce8cda2.jpg,area_rug,0.0,0.0,0.0,0.0,668,0.01019287109375,0.5431169271469116,0.9818168878555298,0.32282200000008743
7d/7dce32c8.jpg,main_object,0.0,0.0,0.0,0.0,0,0.0,,0.9136155843734741,9.721819300000789
7d/7dce32c8.jpg,carpet,0.7180962506644986,0.8359208634402927,0.9835742584859193,0.7268123625199792,46695,0.7125091552734375,0.7361230254173279,0.9781706929206848,0.4370268999991822
7d/7dce32c8.jpg,rug,0.707218686971341,0.828503919701077,0.9833047107671572,0.7158139608488551,46001,0.7019195556640625,0.7507008910179138,0.9763652086257935,0.2493575000007695
7d/7dce32c8.jpg,area_rug,0.7169548766377936,0.8351470226658047,0.9835485393162027,0.7256571347185516,46622,0.711395263671875,0.7546559572219849,0.9778479933738708,0.24861689999852388
7f/7fed406b.jpg,main_object,0.0,0.0,0.0,0.0,0,0.0,,0.9332289695739746,9.532172399998672
7f/7fed406b.jpg,carpet,0.0,0.0,0.0,0.0,0,0.0,,,0.2389602000002924
7f/7fed406b.jpg,rug,0.0,0.0,0.0,0.0,0,0.0,,,0.2443610999998782
7f/7fed406b.jpg,area_rug,0.822787979966611,0.902779685854284,0.84018070235254,0.9754576942107868,35196,0.53704833984375,0.2644376754760742,0.9899437427520752,0.4421058999996603
80/803370c5.jpg,main_object,0.7793741629124559,0.8760093061447927,0.9855273287143956,0.7883975859095947,32475,0.4955291748046875,,0.9904037117958069,9.84011720000126
80/803370c5.jpg,carpet,0.780502043199066,0.8767213114754099,0.9841435362674437,0.7904421726813647,32605,0.4975128173828125,0.7558332085609436,0.9838603138923645,0.44576319999941916
80/803370c5.jpg,rug,0.7925007867154027,0.8842403781228899,0.978598116873412,0.8064786303731987,33455,0.5104827880859375,0.7856897115707397,0.9842113852500916,0.2547577999994246
80/803370c5.jpg,area_rug,0.7889112365812877,0.8820015442341818,0.9797760924521488,0.8019706860450795,33228,0.50701904296875,0.7610421180725098,0.9831161499023438,0.25307690000045113
80/80c2ac19.jpg,main_object,0.9707298999629492,0.9851475841323557,0.9890524726311816,0.9812734082397003,2649,0.0404205322265625,,0.978591799736023,9.564654699999664
80/80c2ac19.jpg,carpet,0.0,0.0,0.0,0.0,0,0.0,,,0.24025909999909345
80/80c2ac19.jpg,rug,0.9765973254086181,0.9881601202781433,0.991701244813278,0.9846441947565543,2651,0.0404510498046875,0.2755182683467865,0.9728029370307922,0.44726319999972475
80/80c2ac19.jpg,area_rug,0.04376690435210229,0.08386336866902237,0.04376690435210229,1.0,61005,0.9308624267578125,0.2886978089809418,0.9583108425140381,0.2519367999993847
82/825d0f45.jpg,main_object,0.0,0.0,0.0,0.0,0,0.0,,0.9539904594421387,9.971475500000452
82/825d0f45.jpg,carpet,0.01466103968970312,0.028898398807520317,0.01466103968970312,1.0,40993,0.9202810704022989,0.49263739585876465,1.0019513368606567,0.5338757999998052
82/825d0f45.jpg,rug,0.014712362301101591,0.028998094135244023,0.014712362301101591,1.0,40850,0.9170707614942529,0.527653157711029,1.005429744720459,0.3484554000006028
82/825d0f45.jpg,area_rug,0.014700127189120438,0.028974328070386888,0.014700127189120438,1.0,40884,0.9178340517241379,0.700323760509491,1.0024749040603638,0.34691080000084185
83/8328b6ae.jpg,main_object,0.0,0.0,0.0,0.0,0,0.0,,0.8953967094421387,9.833799399999407
83/8328b6ae.jpg,carpet,0.3824089155593656,0.5532500713142914,0.3824089155593656,1.0,58325,0.8899688720703125,0.44058850407600403,0.971622884273529,0.43984719999934896
83/8328b6ae.jpg,rug,0.9934415990006246,0.9967100109666301,0.9950842382803772,0.9983411047345767,22377,0.3414459228515625,0.553337037563324,1.0121228694915771,0.24846830000024056
83/8328b6ae.jpg,area_rug,0.38236958049750563,0.5532089043219446,0.38236958049750563,1.0,58331,0.8900604248046875,0.42569318413734436,0.9695761203765869,0.25198769999951764
83/835c08ac.jpg,main_object,0.3925837195979376,0.5638206365234302,0.9997347480106101,0.39262461586540964,7540,0.11505126953125,,0.8996866941452026,9.79307719999997
83/835c08ac.jpg,carpet,0.0,0.0,0.0,0.0,3310,0.050506591796875,0.6753079891204834,0.97334223985672,0.4348719000008714
83/835c08ac.jpg,rug,0.0,0.0,0.0,0.0,3310,0.050506591796875,0.6641741394996643,0.974940299987793,0.2491824999997334
83/835c08ac.jpg,area_rug,0.0,0.0,0.0,0.0,3310,0.050506591796875,0.6937745809555054,0.9730632305145264,0.25080119999984163
84/84009590.jpg,main_object,0.3163654812524159,0.48066511277919505,0.31669447870565187,0.996727051301568,41349,0.6309356689453125,,0.9922299981117249,9.830497299999479
84/84009590.jpg,carpet,0.984637397394382,0.9922592395841239,0.9893311138014528,0.9952047495813671,13216,0.20166015625,0.7096076011657715,1.000368595123291,0.4413413000002038
84/84009590.jpg,rug,0.9845632530120482,0.9922215898311516,0.9892562608761444,0.9952047495813671,13217,0.2016754150390625,0.7604947090148926,1.0008665323257446,0.25276970000049914
84/84009590.jpg,area_rug,0.984637397394382,0.9922592395841239,0.9893311138014528,0.9952047495813671,13216,0.20166015625,0.7452335953712463,0.9998632669448853,0.24962150000101246
84/84b21542.jpg,main_object,0.00022925263640531865,0.00045840018336007336,0.0038461538461538464,0.00024372410431391665,520,0.0079345703125,,0.918624997138977,9.753848900001685
84/84b21542.jpg,carpet,0.0,0.0,0.0,0.0,25786,0.393463134765625,0.7080239057540894,0.9303916096687317,0.447673600001508
84/84b21542.jpg,rug,0.0,0.0,0.0,0.0,25786,0.393463134765625,0.7294145822525024,0.9294481873512268,0.2652395000004617
84/84b21542.jpg,area_rug,0.0,0.0,0.0,0.0,25781,0.3933868408203125,0.7393757104873657,0.9289498329162598,0.2584984000004624
84/84d46503.jpg,main_object,0.0,0.0,0.0,0.0,0,0.0,,0.9012047052383423,10.013604599998871
84/84d46503.jpg,carpet,0.8873061209732818,0.9402885002203023,0.9086768980135883,0.9741788230624193,54017,0.8242340087890625,0.7903773188591003,0.9844956994056702,0.43829590000132157
84/84d46503.jpg,rug,0.8873061209732818,0.9402885002203023,0.9086768980135883,0.9741788230624193,54017,0.8242340087890625,0.7245674133300781,0.9843391180038452,0.2528729999994539
84/84d46503.jpg,area_rug,0.8891404764061226,0.9413174801035574,0.9105834338187552,0.9741986702391585,53905,0.8225250244140625,0.7401388883590698,0.9837867617607117,0.2504669999998441
85/851a6e6d.jpg,main_object,0.0,0.0,0.0,0.0,0,0.0,,0.9355506300926208,9.793044399999417
85/851a6e6d.jpg,carpet,0.32697902721999106,0.4928171742171527,0.4561617570158619,0.5358783091999415,40159,0.6127777099609375,0.8125615119934082,0.9574799537658691,0.4373758999990969
85/851a6e6d.jpg,rug,0.32706780325997786,0.4929179993012068,0.4558900295806508,0.5364926137194675,40229,0.6138458251953125,0.8375517725944519,0.9559378027915955,0.25023569999939355
85/851a6e6d.jpg,area_rug,0.3269673550252557,0.49280391682134883,0.45613904036254077,0.5358783091999415,40161,0.6128082275390625,0.7483131289482117,0.9566773176193237,0.24879469999905268
85/8593e7dc.jpg,main_object,0.027360330388895262,0.05326335771313718,0.937745740498034,0.027410117417204588,1526,0.024631973140495866,,0.9517657160758972,9.711202599999524
85/8593e7dc.jpg,carpet,0.0,0.0,0.0,0.0,2369,0.03823928202479339,0.35080835223197937,0.9854306578636169,0.450654599999325
85/8593e7dc.jpg,rug,0.0,0.0,0.0,0.0,2395,0.038658961776859506,0.28432103991508484,0.9866570830345154,0.251056699999026
85/8593e7dc.jpg,area_rug,0.0,0.0,0.0,0.0,2395,0.038658961776859506,0.30995649099349976,0.9825226664543152,0.2699007999999594
85/859bc76b.jpg,main_object,0.0,0.0,0.0,0.0,29894,0.456146240234375,,1.0062874555587769,9.765209099999993
85/859bc76b.jpg,carpet,0.38403869028986415,0.5549536916622375,0.3863851095993953,0.9844332998996991,63504,0.968994140625,0.6847971081733704,1.0019822120666504,0.44667779999872437
85/859bc76b.jpg,rug,0.38403869028986415,0.5549536916622375,0.3863851095993953,0.9844332998996991,63504,0.968994140625,0.7016339302062988,1.0021251440048218,0.24987660000078904
85/859bc76b.jpg,area_rug,0.38403869028986415,0.5549536916622375,0.3863851095993953,0.9844332998996991,63504,0.968994140625,0.7026562094688416,1.0019848346710205,0.2426900000009482
86/864071d3.jpg,main_object,0.0,0.0,0.0,0.0,0,0.0,,0.9582469463348389,10.006410299998606
86/864071d3.jpg,carpet,0.0,0.0,0.0,0.0,17245,0.2631378173828125,0.7195242643356323,0.969562292098999,0.4690255999994406
86/864071d3.jpg,rug,0.0,0.0,0.0,0.0,17152,0.26171875,0.8007455468177795,0.9687420129776001,0.25098480000087875
86/864071d3.jpg,area_rug,0.0,0.0,0.0,0.0,17236,0.26300048828125,0.6393241286277771,0.96934974193573,0.24274990000049002
87/87d53cae.jpg,main_object,0.0,0.0,0.0,0.0,0,0.0,,0.8897093534469604,9.843783500000427
87/87d53cae.jpg,carpet,0.0016860175499099513,0.0033663593588615583,0.02335456475583864,0.0018139093869810777,1884,0.029555722891566265,0.2645673453807831,0.9316341876983643,0.44081069999992906
87/87d53cae.jpg,rug,0.0,0.0,0.0,0.0,0,0.0,,,0.2402553000010812
87/87d53cae.jpg,area_rug,0.7564219462348687,0.8613214471116839,0.7611845852053407,0.9917961825452447,31606,0.4958270582329317,0.2840108573436737,0.9181196093559265,0.2713328999998339
87/87e4547c.jpg,main_object,0.977338014682413,0.9885391444713478,0.9962988571196161,0.9808993713210267,24587,0.3751678466796875,,0.9987856149673462,9.659970499998963
87/87e4547c.jpg,carpet,0.981551731022641,0.9906899887151378,0.9971603586061417,0.9843030472910743,24651,0.3761444091796875,0.8420604467391968,1.0073102712631226,0.4352706000008766
87/87e4547c.jpg,rug,0.9815909272422331,0.9907099530459665,0.9972008113590264,0.9843030472910743,24650,0.376129150390625,0.8459659814834595,1.0073572397232056,0.2530870999999024
87/87e4547c.jpg,area_rug,0.9816685969886977,0.9907495112759225,0.9973220806621764,0.984263004044368,24646,0.376068115234375,0.8017727732658386,1.007357120513916,0.25315709999995306
88/8858684e.jpg,main_object,0.3283873486919172,0.49441504997060554,0.3283873486919172,1.0,40976,0.9360380116959064,,0.9785057306289673,9.569518599999356
88/8858684e.jpg,carpet,0.3317717836185216,0.4982411967267745,0.3317717836185216,1.0,40558,0.9264894005847953,0.48831629753112793,0.9985225200653076,0.5329696000007971
88/8858684e.jpg,rug,0.3317145322322199,0.49817663501231,0.3317145322322199,1.0,40565,0.9266493055555556,0.5188515782356262,0.996635913848877,0.35452860000077635
88/8858684e.jpg,area_rug,0.3318208719668574,0.4982965486594579,0.3318208719668574,1.0,40552,0.9263523391812866,0.5302539467811584,1.00096595287323,0.3517018000002281
88/88b19c9c.jpg,main_object,0.0,0.0,0.0,0.0,0,0.0,,0.9388920068740845,9.78558990000056
88/88b19c9c.jpg,carpet,0.0,0.0,0.0,0.0,7607,0.12228330761316872,0.7230901718139648,0.8508273363113403,0.4435489999996207
88/88b19c9c.jpg,rug,0.0,0.0,0.0,0.0,7655,0.12305491255144033,0.6756946444511414,0.8563823103904724,0.2601679999988846
88/88b19c9c.jpg,area_rug,0.0,0.0,0.0,0.0,7645,0.12289416152263374,0.7048383355140686,0.8552961945533752,0.2755471000000398
88/88bc7d39.jpg,main_object,0.14450225459590704,0.2525154564189599,0.21053872847949867,0.3153989804673699,29681,0.4528961181640625,,0.9878295660018921,9.582335199998852
88/88bc7d39.jpg,carpet,0.11302602311156121,0.20309682031618112,0.14975799108640436,0.3154494523797507,41734,0.636810302734375,0.749300479888916,0.9770404100418091,0.4379739999985759
88/88bc7d39.jpg,rug,0.11305260111424643,0.2031397276302532,0.14980465473023177,0.3154494523797507,41721,0.6366119384765625,0.7935551404953003,0.9775954484939575,0.2497226999985287
88/88bc7d39.jpg,area_rug,0.11291371585489232,0.20291548975682608,0.149560889229223,0.3154494523797507,41789,0.6376495361328125,0.7756251692771912,0.9782089591026306,0.24770340000031865
89/89d183a2.jpg,main_object,0.0,0.0,0.0,0.0,0,0.0,,0.9775075912475586,9.802934200000891
89/89d183a2.jpg,carpet,0.0004255862450525599,0.0008508103969030502,0.0019766752322593396,0.0005420641803989592,5059,0.09831700870646766,0.3899902403354645,0.9354594349861145,0.48832079999920097
89/89d183a2.jpg,rug,0.001513940872198158,0.0030233046399328156,0.006707657909446618,0.0019514310494362533,5367,0.10430270522388059,0.38860926032066345,0.948055624961853,0.3003796000011789
89/89d183a2.jpg,area_rug,0.02716801602537351,0.05289887457847479,0.10559610705596106,0.035288378143972246,6165,0.11981110074626866,0.3940219581127167,0.9358470439910889,0.299607200000537
8a/8ac9fb4f.jpg,main_object,0.0,0.0,0.0,0.0,0,0.0,,0.9522150754928589,9.721849399998973
8a/8ac9fb4f.jpg,carpet,0.0,0.0,0.0,0.0,7209,0.1100006103515625,0.5956358909606934,0.9542474150657654,0.4392213000010088
8a/8ac9fb4f.jpg,rug,0.0,0.0,0.0,0.0,7194,0.109771728515625,0.6017307639122009,0.9525943398475647,0.24369910000132222
8a/8ac9fb4f.jpg,area_rug,0.0,0.0,0.0,0.0,7802,0.119049072265625,0.6567294597625732,0.9515150189399719,0.24615210000047227
8d/8d6b4b99.jpg,main_object,0.09128922439313203,0.16730527957682004,1.0,0.09128922439313203,2467,0.0376434326171875,,0.9398388862609863,9.608326299998225
8d/8d6b4b99.jpg,carpet,0.04445880672154568,0.0851327145416056,0.3550665580005433,0.048364416814683245,3681,0.0561676025390625,0.4449089467525482,0.9815621972084045,0.43634209999981977
8d/8d6b4b99.jpg,rug,0.0,0.0,0.0,0.0,0,0.0,0.3633093535900116,0.9402234554290771,0.24745210000037332
8d/8d6b4b99.jpg,area_rug,0.04445427026291623,0.08512439755112675,0.3547774158523344,0.048364416814683245,3684,0.05621337890625,0.4679844379425049,0.9815040230751038,0.24705580000045302
8d/8d6bf2d4.jpg,main_object,0.6665233763777362,0.7998968221213372,0.9974525243168133,0.667659926280616,38862,0.592987060546875,,0.9959173798561096,10.10679170000003
8d/8d6bf2d4.jpg,carpet,0.7491000363288087,0.8565548233605861,0.9477686779207756,0.7813565744600227,47864,0.7303466796875,0.8076502680778503,0.9569900035858154,0.431285000000571
8d/8d6bf2d4.jpg,rug,0.7512178206377252,0.8579376155093728,0.9478893194982706,0.7835784904750422,47994,0.732330322265625,0.8317945599555969,0.9570130705833435,0.24445320000086213
8d/8d6bf2d4.jpg,area_rug,0.7513130512337727,0.8579997170745508,0.9481418179544365,0.7835095938544214,47977,0.7320709228515625,0.7881371378898621,0.9532471895217896,0.318442400001004
8f/8f80ecaa.jpg,main_object,0.0,0.0,0.0,0.0,25708,0.39227294921875,,0.988808274269104,9.731419600000663
8f/8f80ecaa.jpg,carpet,0.9865557404326123,0.9932323773787188,0.9879365502532658,0.9985852869846402,15004,0.22894287109375,0.7442079782485962,0.9949661493301392,0.44396429999869724
8f/8f80ecaa.jpg,rug,0.986490083854652,0.9931991021474756,0.9878707097634122,0.9985852869846402,15005,0.2289581298828125,0.7878300547599792,0.994970977306366,0.24909069999921485
8f/8f80ecaa.jpg,area_rug,0.9866870798109565,0.9932989345305904,0.9880682575656579,0.9985852869846402,15002,0.228912353515625,0.7599570155143738,0.9958128333091736,0.25051600000006147
91/911bac33.jpg,main_object,0.0,0.0,0.0,0.0,0,0.0,,0.9225537776947021,9.767736400001013
91/911bac33.jpg,carpet,0.0,0.0,0.0,0.0,7093,0.1082305908203125,0.550011396408081,0.9856017827987671,0.4482513000002655
91/911bac33.jpg,rug,0.0,0.0,0.0,0.0,7092,0.10821533203125,0.4774952530860901,0.9855822324752808,0.25351489999957266
91/911bac33.jpg,area_rug,0.0,0.0,0.0,0.0,7107,0.1084442138671875,0.5885977745056152,0.9856911897659302,0.24252209999940533
92/92eb000d.jpg,main_object,0.56614981100054,0.722982957344104,0.9980507706255667,0.5667765020851567,22060,0.33660888671875,,0.9694792628288269,9.843677799999568
92/92eb000d.jpg,carpet,0.5541402912871185,0.7131148898124079,0.9992575750545218,0.5543685321526026,21551,0.3288421630859375,0.7637214660644531,0.9836015105247498,0.44138890000067477
92/92eb000d.jpg,rug,0.5536398960397314,0.7127004107592421,0.9993032977241059,0.5538536786284302,21530,0.328521728515625,0.7748655676841736,0.9818385243415833,0.25247959999978775
92/92eb000d.jpg,area_rug,0.5544748082960218,0.7133918225459361,0.9992580226303098,0.5547031869433147,21564,0.32904052734375,0.7545286417007446,0.9845988154411316,0.24602890000096522
94/946e88ab.jpg,main_object,0.0,0.0,0.0,0.0,1528,0.0233154296875,,0.9506953954696655,9.757410800000798
94/946e88ab.jpg,carpet,0.0,0.0,0.0,0.0,0,0.0,,,0.24603710000155843
94/946e88ab.jpg,rug,0.0,0.0,0.0,0.0,0,0.0,,,0.24206510000112758
94/946e88ab.jpg,area_rug,0.0,0.0,0.0,0.0,0,0.0,,,0.24076509999940754
95/95f8c680.jpg,main_object,0.028973912497843035,0.05631612647498247,0.029084782060972536,0.8837320574162679,63504,0.968994140625,,1.0061595439910889,9.953030100001342
95/95f8c680.jpg,carpet,0.028973912497843035,0.05631612647498247,0.029084782060972536,0.8837320574162679,63504,0.968994140625,0.7573016881942749,1.021026372909546,0.43601159999889205
95/95f8c680.jpg,rug,0.028973912497843035,0.05631612647498247,0.029084782060972536,0.8837320574162679,63504,0.968994140625,0.808530867099762,1.0210262537002563,0.4193477000007988
95/95f8c680.jpg,area_rug,0.028973912497843035,0.05631612647498247,0.029084782060972536,0.8837320574162679,63504,0.968994140625,0.7204371690750122,1.0210254192352295,0.24351170000045386
97/97fe7082.jpg,main_object,0.0,0.0,0.0,0.0,33955,0.5181121826171875,,0.9702878594398499,9.619455899999593
97/97fe7082.jpg,carpet,0.001430553147216924,0.002857019176659019,0.002312057731380929,0.0037381060262800182,14273,0.2177886962890625,0.46411141753196716,0.980906069278717,0.4445330999988073
97/97fe7082.jpg,rug,0.0,0.0,0.0,0.0,3151,0.0480804443359375,0.3276095390319824,0.947582483291626,0.24488449999989825
97/97fe7082.jpg,area_rug,0.001430615164520744,0.002857142857142857,0.002312219730941704,0.0037381060262800182,14272,0.2177734375,0.4219079315662384,0.981234073638916,0.2721572999998898
98/981c0c34.jpg,main_object,0.0,0.0,0.0,0.0,0,0.0,,0.9333187937736511,9.695680700000594
98/981c0c34.jpg,carpet,0.0,0.0,0.0,0.0,5095,0.0777435302734375,0.317514568567276,0.9907838702201843,0.4332271999992372
98/981c0c34.jpg,rug,0.9961587708066582,0.9980756895445798,0.9993577392421323,0.9967969250480462,1557,0.0237579345703125,0.4570441246032715,0.9867912530899048,0.2520297999999457
98/981c0c34.jpg,area_rug,0.0,0.0,0.0,0.0,5095,0.0777435302734375,0.38045525550842285,0.9905458688735962,0.2480613000006997
99/99f8d9dd.jpg,main_object,0.22888482632541132,0.3725081820886641,0.9923007246376812,0.22929203076762075,4416,0.0673828125,,0.9577649831771851,9.59360320000087
99/99f8d9dd.jpg,carpet,0.0,0.0,0.0,0.0,32897,0.5019683837890625,0.6138657331466675,0.9742600321769714,0.4392433000011806
99/99f8d9dd.jpg,rug,0.0,0.0,0.0,0.0,32792,0.5003662109375,0.6627341508865356,0.9745205640792847,0.25532770000063465
99/99f8d9dd.jpg,area_rug,0.0,0.0,0.0,0.0,31495,0.4805755615234375,0.6355074048042297,0.9786987900733948,0.25049220000073547
9d/9daa134c.jpg,main_object,0.08912491341491573,0.1636633453466186,1.0,0.08912491341491573,2316,0.03533935546875,,0.9860682487487793,9.58797819999927
9d/9daa134c.jpg,carpet,0.0,0.0,0.0,0.0,2246,0.034271240234375,0.5892926454544067,0.9870039820671082,0.4402718000001187
9d/9daa134c.jpg,rug,0.8857903539611565,0.9394367216912829,0.8868498393821338,0.9986531209112599,29262,0.446502685546875,0.3587333559989929,0.966419517993927,0.2480118000003131
9d/9daa134c.jpg,area_rug,0.0,0.0,0.0,0.0,2248,0.0343017578125,0.49245601892471313,0.9873548150062561,0.24507579999954032
9f/9f36c4be.jpg,main_object,0.9635953608247423,0.9814602132895817,0.9990933384233632,0.964438712054908,20956,0.31976318359375,,0.9874616265296936,9.806838500000595
9f/9f36c4be.jpg,carpet,0.9739177685201956,0.9867865663424481,0.9828634099529315,0.9907411672578194,21883,0.3339080810546875,0.7137985825538635,0.9838120341300964,0.44723530000010214
9f/9f36c4be.jpg,rug,0.9777717168962226,0.9887609460111701,0.986697247706422,0.9908332949467963,21800,0.3326416015625,0.7370537519454956,0.9841238856315613,0.24351679999927
9f/9f36c4be.jpg,area_rug,0.9807131132591647,0.9902626550954168,0.9897386342720412,0.9907872311023078,21732,0.33160400390625,0.7328701019287109,0.9840508699417114,0.2529751000001852
9f/9f6cf147.jpg,main_object,0.0,0.0,0.0,0.0,0,0.0,,0.9182164669036865,9.855539000000135
9f/9f6cf147.jpg,carpet,0.0,0.0,0.0,0.0,2572,0.04257150423728814,0.4371984601020813,1.0070663690567017,0.4462376999999833
9f/9f6cf147.jpg,rug,0.0,0.0,0.0,0.0,2572,0.04257150423728814,0.3735692501068115,1.0071063041687012,0.27359900000010384
9f/9f6cf147.jpg,area_rug,0.0,0.0,0.0,0.0,2573,0.0425880561440678,0.43198660016059875,1.0067343711853027,0.2593264999995881
9f/9fcee137.jpg,main_object,0.7011059735066233,0.8242942937427684,0.706758629377677,0.9887209763404855,63504,0.968994140625,,0.9994555115699768,9.789484200000516
9f/9fcee137.jpg,carpet,0.7011059735066233,0.8242942937427684,0.706758629377677,0.9887209763404855,63504,0.968994140625,0.863314151763916,1.0146030187606812,0.4516708999999537
9f/9fcee137.jpg,rug,0.7011059735066233,0.8242942937427684,0.706758629377677,0.9887209763404855,63504,0.968994140625,0.8840150237083435,1.0146070718765259,0.24909570000090753
9f/9fcee137.jpg,area_rug,0.7011059735066233,0.8242942937427684,0.706758629377677,0.9887209763404855,63504,0.968994140625,0.7716326117515564,1.0146043300628662,0.2504176999991614
a0/a0a83e62.jpg,main_object,0.0,0.0,0.0,0.0,3824,0.058349609375,,0.9038930535316467,10.067875900000217
a0/a0a83e62.jpg,carpet,0.0,0.0,0.0,0.0,23154,0.353302001953125,0.7037631869316101,0.9897068738937378,0.4496911000005639
a0/a0a83e62.jpg,rug,0.0,0.0,0.0,0.0,23424,0.357421875,0.7209393978118896,0.9882451295852661,0.2497851999996783
a0/a0a83e62.jpg,area_rug,0.0,0.0,0.0,0.0,23488,0.3583984375,0.700531005859375,0.9859156012535095,0.2410822999991069
a2/a2c10d4f.jpg,main_object,0.0,0.0,0.0,0.0,0,0.0,,0.9255855679512024,9.702720000001136
a2/a2c10d4f.jpg,carpet,0.0005372011818426001,0.0010738255033557046,0.000798562587342783,0.0016386726751331422,15027,0.2292938232421875,0.6977752447128296,0.9759983420372009,0.4941909000008309
a2/a2c10d4f.jpg,rug,0.00017917133258678612,0.00035827847194231716,0.0002665600426496068,0.0005462242250443807,15006,0.228973388671875,0.6755653023719788,0.9671452045440674,0.26011540000035893
a2/a2c10d4f.jpg,area_rug,0.0005372252316783811,0.0010738735513893239,0.0007986157327299348,0.0016386726751331422,15026,0.229278564453125,0.6943532824516296,0.975014865398407,0.2434471000015037
a3/a354be65.jpg,main_object,0.0,0.0,0.0,0.0,21120,0.322265625,,1.0115164518356323,9.645783600000868
a3/a354be65.jpg,carpet,0.08781856219094712,0.16145810568643734,0.19604097012153054,0.13724688835221996,18843,0.2875213623046875,0.452134370803833,0.9894257187843323,0.45187869999972463
a3/a354be65.jpg,rug,0.08782064997741483,0.1614616342854645,0.19605137458868485,0.13724688835221996,18842,0.287506103515625,0.4395339787006378,0.9896238446235657,0.24534199999834527
a3/a354be65.jpg,area_rug,0.08780105085471102,0.16142850898282118,0.19602951324380274,0.1372097343488761,18839,0.2874603271484375,0.47251829504966736,0.9899068474769592,0.24043910000000324
a3/a355c9b0.jpg,main_object,0.0,0.0,0.0,0.0,0,0.0,,0.9054795503616333,9.623896499999319
a3/a355c9b0.jpg,carpet,0.0,0.0,0.0,0.0,1637,0.033304850260416664,0.27863436937332153,0.9725455641746521,0.5322448999995686
a3/a355c9b0.jpg,rug,0.0,0.0,0.0,0.0,0,0.0,0.35990390181541443,0.9839105010032654,0.30267649999950663
a3/a355c9b0.jpg,area_rug,0.0,0.0,0.0,0.0,0,0.0,,,0.30110509999940405
a5/a51dd9b7.jpg,main_object,0.03133623597228184,0.06076822452134618,0.5584699453551912,0.032132302081368296,915,0.0139617919921875,,0.8954643607139587,9.671140399999786
a5/a51dd9b7.jpg,carpet,0.0004075810067250866,0.0008148299042574863,0.0011571395510298543,0.0006288121738036848,8642,0.131866455078125,0.5648791193962097,0.9486411809921265,0.45230310000079044
a5/a51dd9b7.jpg,rug,0.00040759761962990136,0.0008148631029986962,0.001157273463719477,0.0006288121738036848,8641,0.1318511962890625,0.5249438285827637,0.9485609531402588,0.25433850000081293
a5/a51dd9b7.jpg,area_rug,0.00040759761962990136,0.0008148631029986962,0.001157273463719477,0.0006288121738036848,8641,0.1318511962890625,0.641081690788269,0.9481098651885986,0.24659450000035577
aa/aa95b8aa.jpg,main_object,0.22878996331236898,0.37238253915361547,0.22878996331236898,1.0,61056,0.931640625,,1.015562891960144,9.604916400001457
aa/aa95b8aa.jpg,carpet,0.9863304766626532,0.9931182028882154,0.9893435635123614,0.9969217553153411,14076,0.21478271484375,0.4059753119945526,0.9931302666664124,0.44754760000068927
aa/aa95b8aa.jpg,rug,0.9863304766626532,0.9931182028882154,0.9893435635123614,0.9969217553153411,14076,0.21478271484375,0.48069465160369873,0.9932848215103149,0.25177890000122716
aa/aa95b8aa.jpg,area_rug,0.9864022662889519,0.9931545921277809,0.9892748064493216,0.9970649294867205,14079,0.2148284912109375,0.49616700410842896,0.9927338361740112,0.24407780000001367
ab/ab14547f.jpg,main_object,0.0,0.0,0.0,0.0,0,0.0,,0.8938066959381104,9.78411050000068
ab/ab14547f.jpg,carpet,0.6223527386122324,0.7672224711681328,0.6249111550800085,0.9934646510917697,52057,0.7974417892156863,0.34254735708236694,0.9635224342346191,0.44642000000021653
ab/ab14547f.jpg,rug,0.6222885343739241,0.7671736823487796,0.6248343416882742,0.9934951901053596,52065,0.7975643382352942,0.34576401114463806,0.9623574614524841,0.24856980000004114
ab/ab14547f.jpg,area_rug,0.6221945852865206,0.7671022834497075,0.6248967120813236,0.9930981829286915,52039,0.7971660539215686,0.3711286783218384,0.9688116312026978,0.24905009999929462
ab/ab784771.jpg,main_object,0.0,0.0,0.0,0.0,0,0.0,,0.9519718885421753,9.535912700001063
ab/ab784771.jpg,carpet,0.13516671603963004,0.23814425516491483,0.8987743488728387,0.13725621271119876,9138,0.139434814453125,0.3605000376701355,0.9544501900672913,0.43808630000057747
ab/ab784771.jpg,rug,0.13797472520239584,0.24249172173460387,0.8996781115879828,0.14013068837007203,9320,0.1422119140625,0.41614583134651184,0.9549839496612549,0.24535330000071554
ab/ab784771.jpg,area_rug,0.890573267933783,0.9421198141737135,0.9149187452758881,0.970987850326721,63504,0.968994140625,0.42136573791503906,0.9804210662841797,0.25068629999987024
ae/ae216eed.jpg,main_object,0.0,0.0,0.0,0.0,31253,0.4768829345703125,,1.0032110214233398,9.803713399998742
ae/ae216eed.jpg,carpet,0.0,0.0,0.0,0.0,40952,0.6248779296875,0.6943869590759277,0.9864791631698608,0.4446338999987347
ae/ae216eed.jpg,rug,0.0,0.0,0.0,0.0,40989,0.6254425048828125,0.7266977429389954,0.9869609475135803,0.24644500000067637
ae/ae216eed.jpg,area_rug,0.0,0.0,0.0,0.0,40853,0.6233673095703125,0.6787057518959045,0.9890449643135071,0.25321790000089095
b4/b44ec23f.jpg,main_object,0.42784577723378214,0.5992885002785993,0.9756471983811318,0.43246419844731065,14331,0.2186737060546875,,0.9841653108596802,9.76749109999946
b4/b44ec23f.jpg,carpet,0.4283657086831301,0.5997983654733049,0.978513437849944,0.43243326838019236,14288,0.218017578125,0.7432215213775635,0.974902868270874,0.45181960000081745
b4/b44ec23f.jpg,rug,0.4283788338388945,0.5998112317130722,0.9785819276265136,0.43243326838019236,14287,0.2180023193359375,0.808517336845398,0.9760374426841736,0.24278419999973266
b4/b44ec23f.jpg,area_rug,0.4283788338388945,0.5998112317130722,0.9785819276265136,0.43243326838019236,14287,0.2180023193359375,0.7483078241348267,0.9747057557106018,0.2433798999991268
b5/b5269505.jpg,main_object,0.0,0.0,0.0,0.0,5352,0.15486111111111112,,0.9130240082740784,9.639232800000173
b5/b5269505.jpg,carpet,0.0006056935190793458,0.0012106537530266344,0.0019833399444664813,0.0008712319219376198,2521,0.07294560185185185,0.6905642151832581,0.9764592051506042,0.523844100000133
b5/b5269505.jpg,rug,0.000605766900896535,0.001210800339024095,0.001984126984126984,0.0008712319219376198,2520,0.07291666666666667,0.7000719308853149,0.9758421778678894,0.3295402000003378
b5/b5269505.jpg,area_rug,0.000604814322003145,0.0012088974854932303,0.0019739439399921043,0.0008712319219376198,2533,0.07329282407407407,0.71115642786026,0.9763475060462952,0.320891199999096
b5/b5514d9c.jpg,main_object,0.0,0.0,0.0,0.0,0,0.0,,0.8812055587768555,9.678385299999718
b5/b5514d9c.jpg,carpet,0.503387721238938,0.6696711887790296,0.9994509265614276,0.5035269709543568,14570,0.222320556640625,0.7008374929428101,0.9798743724822998,0.4338473999996495
b5/b5514d9c.jpg,rug,0.5034914269911505,0.669762950359828,0.9994510395937694,0.5036307053941909,14573,0.2223663330078125,0.7723122835159302,0.9791033267974854,0.25686270000005607
b5/b5514d9c.jpg,area_rug,0.5034914269911505,0.669762950359828,0.9994510395937694,0.5036307053941909,14573,0.2223663330078125,0.7375308275222778,0.9790281057357788,0.2522738000006939
b5/b5b256c0.jpg,main_object,0.00014580235033388739,0.0002915621902151729,0.0002437597503900156,0.00036268678369360223,20512,0.4108974358974359,,0.9865735769271851,9.888925799999924
b5/b5b256c0.jpg,carpet,0.9831049235008339,0.9914804928882226,0.9996313499963135,0.9834614826635717,13563,0.27169471153846153,0.3757525384426117,0.9935035109519958,0.5200344000004407
b5/b5b256c0.jpg,rug,0.2906476640242874,0.45039040804992,0.2906476640242874,1.0,47432,0.9501602564102564,0.432201087474823,0.9827430248260498,0.3056964000006701
b5/b5b256c0.jpg,area_rug,0.3017686717450311,0.46362872036320835,0.3017686717450311,1.0,45684,0.9151442307692308,0.37237632274627686,0.9773957133293152,0.3027646000009554
b8/b82adf94.jpg,main_object,0.5350670501403375,0.6971253146127019,0.5350670501403375,1.0,57718,0.880706787109375,,0.9969227313995361,10.003743599998415
b8/b82adf94.jpg,carpet,0.5044298190102519,0.6705926891852101,0.9567304807057553,0.5162063271055273,16663,0.2542572021484375,0.41260358691215515,0.9561418294906616,0.4700393000002805
b8/b82adf94.jpg,rug,0.5043508527671423,0.6705229060620084,0.9567801188546732,0.5161091862837159,16659,0.2541961669921875,0.46579331159591675,0.9566069841384888,0.25476589999925636
b8/b82adf94.jpg,area_rug,0.5043827726970666,0.6705511148506521,0.9568949990994777,0.5161091862837159,16657,0.2541656494140625,0.46067631244659424,0.957520604133606,0.2531653999994887
b8/b8ce6cbf.jpg,main_object,0.0,0.0,0.0,0.0,0,0.0,,0.912621021270752,10.094068699998388
b8/b8ce6cbf.jpg,carpet,0.0,0.0,0.0,0.0,33391,0.5095062255859375,0.43623587489128113,0.9652155637741089,0.46273479999945266
b8/b8ce6cbf.jpg,rug,0.0,0.0,0.0,0.0,33383,0.5093841552734375,0.607808530330658,0.9652183651924133,0.26362069999959203
b8/b8ce6cbf.jpg,area_rug,0.0,0.0,0.0,0.0,33414,0.509857177734375,0.5340977311134338,0.9660160541534424,0.2602311999999074
b9/b9e5f582.jpg,main_object,0.9894124263393403,0.9946780398471012,0.9994566022822704,0.9899449541284404,40486,0.9357895710059172,,1.0121502876281738,10.290758500001175
b9/b9e5f582.jpg,carpet,0.7336024464831804,0.8463329617137777,1.0,0.7336024464831804,29986,0.6930935650887574,0.4386861324310303,0.9972197413444519,0.5739115999986097
b9/b9e5f582.jpg,rug,0.7336024464831804,0.8463329617137777,1.0,0.7336024464831804,29986,0.6930935650887574,0.49749574065208435,0.9970702528953552,0.4535749000006035
b9/b9e5f582.jpg,area_rug,0.7336024464831804,0.8463329617137777,1.0,0.7336024464831804,29986,0.6930935650887574,0.5513912439346313,0.9971860647201538,0.4254669999991165
ba/ba64b33e.jpg,main_object,0.0,0.0,0.0,0.0,20848,0.318115234375,,0.9833182692527771,10.241989699999976
ba/ba64b33e.jpg,carpet,0.0,0.0,0.0,0.0,0,0.0,,,0.24822299999868846
ba/ba64b33e.jpg,rug,0.0,0.0,0.0,0.0,0,0.0,,,0.24455439999837836
ba/ba64b33e.jpg,area_rug,0.0,0.0,0.0,0.0,0,0.0,,,0.26572140000098443
ba/ba9fccc8.jpg,main_object,0.2389261744966443,0.3856988082340195,1.0,0.2389261744966443,3560,0.0543212890625,,0.9406719207763672,10.080427499999132
ba/ba9fccc8.jpg,carpet,0.0,0.0,0.0,0.0,9350,0.142669677734375,0.5634677410125732,0.9909522533416748,0.45525420000012673
ba/ba9fccc8.jpg,rug,0.0,0.0,0.0,0.0,9357,0.1427764892578125,0.5450019836425781,0.9911308288574219,0.2539575999999215
ba/ba9fccc8.jpg,area_rug,0.0,0.0,0.0,0.0,9355,0.1427459716796875,0.5929858684539795,0.9910773634910583,0.2532415999994555
ba/baf91bee.jpg,main_object,0.978369384359401,0.9890664423885618,1.0,0.978369384359401,1176,0.03328804347826087,,0.9810396432876587,9.89675090000128
ba/baf91bee.jpg,carpet,0.03759186864738077,0.07245983663381259,0.03759186864738077,1.0,31975,0.9050894474637681,0.41170287132263184,0.9794405698776245,0.5496455000011338
ba/baf91bee.jpg,rug,0.03759186864738077,0.07245983663381259,0.03759186864738077,1.0,31975,0.9050894474637681,0.46225205063819885,0.9794520139694214,0.35570499999994354
ba/baf91bee.jpg,area_rug,0.0376001001001001,0.07247512812782635,0.0376001001001001,1.0,31968,0.904891304347826,0.40535321831703186,0.9797083735466003,0.32418690000122297
bb/bb09f081.jpg,main_object,0.9883667061306429,0.9941493217355286,0.9992194004995837,0.9891304347826086,19216,0.2978670634920635,,0.9783504605293274,9.883117800000036
bb/bb09f081.jpg,carpet,0.0,0.0,0.0,0.0,2886,0.044735863095238096,0.5862510204315186,0.9336036443710327,0.4470861000008881
bb/bb09f081.jpg,rug,0.0,0.0,0.0,0.0,2889,0.04478236607142857,0.5711470246315002,0.9350403547286987,0.2535762000006798
bb/bb09f081.jpg,area_rug,0.0,0.0,0.0,0.0,2906,0.045045882936507936,0.6155379414558411,0.9368948340415955,0.2529095000008965
bc/bc80fc9f.jpg,main_object,0.0,0.0,0.0,0.0,0,0.0,,0.9546725749969482,10.196515699999509
bc/bc80fc9f.jpg,carpet,0.0,0.0,0.0,0.0,48635,0.7421112060546875,0.6821354627609253,0.9797176122665405,0.43247770000016317
bc/bc80fc9f.jpg,rug,0.0,0.0,0.0,0.0,48638,0.742156982421875,0.7328446507453918,0.9782155752182007,0.24878399999943213
bc/bc80fc9f.jpg,area_rug,0.0,0.0,0.0,0.0,48796,0.74456787109375,0.7276996970176697,0.9821595549583435,0.2512458000001061
bc/bcb7af0e.jpg,main_object,0.0,0.0,0.0,0.0,0,0.0,,0.8956854343414307,9.800843499999246
bc/bcb7af0e.jpg,carpet,0.0,0.0,0.0,0.0,2069,0.03169424019607843,0.3395693302154541,0.8394914269447327,0.43760889999975916
bc/bcb7af0e.jpg,rug,0.0,0.0,0.0,0.0,0,0.0,,,0.24206309999863151
bc/bcb7af0e.jpg,area_rug,0.0,0.0,0.0,0.0,39639,0.6072150735294117,0.3063746392726898,0.9468396902084351,0.2560068000002502
bc/bce574bc.jpg,main_object,0.9917687343605953,0.9958673587463219,0.999336474022958,0.992422245651028,15071,0.2308670343137255,,0.9305585026741028,10.076703999999154
bc/bce574bc.jpg,carpet,0.0,0.0,0.0,0.0,12837,0.1966452205882353,0.6842958331108093,0.909331738948822,0.43888179999885324
bc/bce574bc.jpg,rug,0.0,0.0,0.0,0.0,12813,0.19627757352941178,0.6460123062133789,0.9075638651847839,0.251082700000552
bc/bce574bc.jpg,area_rug,0.0,0.0,0.0,0.0,13158,0.2015625,0.6642272472381592,0.9006786942481995,0.26604129999941506
bd/bd22a06a.jpg,main_object,0.34959753552618505,0.5180767248361682,0.9985807550383197,0.349771326307417,3523,0.0537567138671875,,0.9776955842971802,10.029307900000276
bd/bd22a06a.jpg,carpet,0.0,0.0,0.0,0.0,0,0.0,,,0.25046560000009777
bd/bd22a06a.jpg,rug,0.0,0.0,0.0,0.0,0,0.0,,,0.2449570999997377
bd/bd22a06a.jpg,area_rug,0.0,0.0,0.0,0.0,0,0.0,,,0.24254770000152348
bd/bd3c9e15.jpg,main_object,0.0,0.0,0.0,0.0,0,0.0,,0.9007773399353027,10.075568199999907
bd/bd3c9e15.jpg,carpet,0.7984386567063733,0.8879242600007484,0.9825258799171843,0.8099399235390496,48300,0.73699951171875,0.7764285206794739,0.9898087382316589,0.4434347999995225
bd/bd3c9e15.jpg,rug,0.7984322696765295,0.8879203105270542,0.9822651739337376,0.810110595303113,48323,0.7373504638671875,0.808138370513916,0.9897977709770203,0.24218199999995704
bd/bd3c9e15.jpg,area_rug,0.7985497737175928,0.8879929656514256,0.9824681238615665,0.8100935281267068,48312,0.7371826171875,0.7576054930686951,0.9892175793647766,0.2506267000007938
bd/bdd29338.jpg,main_object,0.0,0.0,0.0,0.0,11550,0.176239013671875,,0.921103298664093,10.022105599999122
bd/bdd29338.jpg,carpet,0.0,0.0,0.0,0.0,8384,0.1279296875,0.3684313893318176,0.9796679019927979,0.45565150000038557
bd/bdd29338.jpg,rug,0.0,0.0,0.0,0.0,8333,0.1271514892578125,0.3234899342060089,0.9788855314254761,0.24399330000051123
bd/bdd29338.jpg,area_rug,0.0,0.0,0.0,0.0,8482,0.129425048828125,0.468068927526474,0.9789714813232422,0.2491609000007884
be/be8260a5.jpg,main_object,0.9410476097750949,0.9696285707120106,0.9988116151699907,0.9421024416394561,19354,0.295318603515625,,0.9831897616386414,9.951620800000455
be/be8260a5.jpg,carpet,0.0,0.0,0.0,0.0,1057,0.0161285400390625,0.5593578219413757,0.9709663391113281,0.46924179999950866
be/be8260a5.jpg,rug,0.0,0.0,0.0,0.0,1058,0.016143798828125,0.5716047883033752,0.9706114530563354,0.2550557000013214
be/be8260a5.jpg,area_rug,0.0,0.0,0.0,0.0,1058,0.016143798828125,0.5753260850906372,0.9688889980316162,0.24198619999879156
bf/bfd81f8b.jpg,main_object,0.0,0.0,0.0,0.0,25006,0.381561279296875,,0.996196448802948,9.828484699999535
bf/bfd81f8b.jpg,carpet,0.0,0.0,0.0,0.0,0,0.0,,,0.24088130000018282
bf/bfd81f8b.jpg,rug,0.0,0.0,0.0,0.0,0,0.0,,,0.24365380000017467
bf/bfd81f8b.jpg,area_rug,0.0,0.0,0.0,0.0,0,0.0,,,0.23715860000083921
c0/c094b465.jpg,main_object,0.23148246829372268,0.3759411510168758,0.9824720117607146,0.23244241110843566,8843,0.1349334716796875,,0.9369593262672424,9.985489200000302
c0/c094b465.jpg,carpet,0.0,0.0,0.0,0.0,0,0.0,0.3584558069705963,0.9662032127380371,0.4442161999995733
c0/c094b465.jpg,rug,0.0,0.0,0.0,0.0,0,0.0,0.25401023030281067,0.9667866826057434,0.25050950000149896
c0/c094b465.jpg,area_rug,0.0,0.0,0.0,0.0,0,0.0,0.3063960373401642,0.9576694965362549,0.2524317000006704
c1/c12cd74a.jpg,main_object,0.0,0.0,0.0,0.0,0,0.0,,0.9080379009246826,9.832258599999477
c1/c12cd74a.jpg,carpet,0.004694835680751174,0.009345794392523364,0.05110602593440122,0.005143164197436094,2622,0.040008544921875,0.4769550859928131,0.9606723785400391,0.4444569000006595
c1/c12cd74a.jpg,rug,0.004695493727661364,0.009347098214285714,0.05118411000763942,0.005143164197436094,2618,0.039947509765625,0.4699289798736572,0.9642072319984436,0.2461896999993769
c1/c12cd74a.jpg,area_rug,0.004832778847837506,0.009619070853518279,0.05229253505115574,0.005296691486911798,2639,0.0402679443359375,0.4622437357902527,0.9596617817878723,0.24570550000134972
c2/c2764f4b.jpg,main_object,0.0,0.0,0.0,0.0,0,0.0,,0.9307897090911865,9.92447970000103
c2/c2764f4b.jpg,carpet,0.0,0.0,0.0,0.0,2421,0.0369415283203125,0.2818518280982971,1.0123332738876343,0.43861199999992095
c2/c2764f4b.jpg,rug,0.0,0.0,0.0,0.0,0,0.0,,,0.24001289999978326
c2/c2764f4b.jpg,area_rug,0.0,0.0,0.0,0.0,2422,0.036956787109375,0.2661999464035034,1.0129860639572144,0.25142760000017006
c3/c339ab63.jpg,main_object,0.16916368032468374,0.28937553085416745,0.9992348890589136,0.16918559461093358,3921,0.0598297119140625,,0.9818179607391357,10.027147400000104
c3/c339ab63.jpg,carpet,0.0,0.0,0.0,0.0,15185,0.2317047119140625,0.4734126031398773,0.9932459592819214,0.4409290999992663
c3/c339ab63.jpg,rug,0.0,0.0,0.0,0.0,15182,0.231658935546875,0.40073201060295105,0.9934275150299072,0.2437616999995953
c3/c339ab63.jpg,area_rug,0.0,0.0,0.0,0.0,15185,0.2317047119140625,0.5618457794189453,0.9931043386459351,0.2499337999997806
c7/c7a55c2e.jpg,main_object,0.0,0.0,0.0,0.0,0,0.0,,0.947069525718689,9.924740200000087
c7/c7a55c2e.jpg,carpet,0.0072316009104704095,0.014359360655351804,0.033162987930847015,0.009163562071866362,9197,0.1403350830078125,0.3095339238643646,0.9544430375099182,0.463479300000472
c7/c7a55c2e.jpg,rug,0.007255655142979087,0.01440677966101695,0.0332753371030883,0.00919360653767576,9196,0.14031982421875,0.3518069386482239,0.9545615315437317,0.2538347999998223
c7/c7a55c2e.jpg,area_rug,0.007253935141285796,0.01440338903271358,0.03323919183141429,0.00919360653767576,9206,0.140472412109375,0.47405511140823364,0.9554525017738342,0.24932070000068052
c8/c81d7d33.jpg,main_object,0.13872832369942195,0.2436548223350254,0.13872832369942195,1.0,61415,0.9371185302734375,,0.956771731376648,9.78380499999912
c8/c81d7d33.jpg,carpet,0.13816589637557772,0.24278692028211157,0.13816589637557772,1.0,61665,0.9409332275390625,0.3860645294189453,0.9430127143859863,0.43687710000085644
c8/c81d7d33.jpg,rug,0.13867864641828215,0.24357819803593636,0.13867864641828215,1.0,61437,0.9374542236328125,0.37039491534233093,0.9385619163513184,0.2557622000003903
c8/c81d7d33.jpg,area_rug,0.13819054724754273,0.24282497791204719,0.13819054724754273,1.0,61654,0.940765380859375,0.5520600080490112,0.9610400199890137,0.4165651999992406
c8/c8e096a3.jpg,main_object,0.0,0.0,0.0,0.0,0,0.0,,0.9520924091339111,9.860797100000127
c8/c8e096a3.jpg,carpet,0.0,0.0,0.0,0.0,0,0.0,,,0.32187730000077863
c8/c8e096a3.jpg,rug,0.0,0.0,0.0,0.0,0,0.0,,,0.3003690999994433
c8/c8e096a3.jpg,area_rug,0.0,0.0,0.0,0.0,0,0.0,,,0.30127400000128546
cb/cbc47d7c.jpg,main_object,0.0,0.0,0.0,0.0,21540,0.32867431640625,,0.996425986289978,10.076300500000798
cb/cbc47d7c.jpg,carpet,0.0,0.0,0.0,0.0,21497,0.3280181884765625,0.7351588606834412,0.990583062171936,0.44291379999958735
cb/cbc47d7c.jpg,rug,0.0,0.0,0.0,0.0,21494,0.327972412109375,0.7409836053848267,0.9899376630783081,0.25010459999975865
cb/cbc47d7c.jpg,area_rug,0.0,0.0,0.0,0.0,21495,0.3279876708984375,0.7429064512252808,0.9905502200126648,0.24688740000055986
cc/ccbf4a5b.jpg,main_object,0.9714957390537761,0.9855418095096139,0.9714957390537761,1.0,40836,0.9328399122807017,,0.96965491771698,9.697059899999658
cc/ccbf4a5b.jpg,carpet,0.9426860564585116,0.9704975781594012,0.9426860564585116,1.0,42084,0.9613486842105263,0.3691210448741913,0.9828082323074341,0.540267500000482
cc/ccbf4a5b.jpg,rug,0.4337977777217869,0.6051031525673919,0.9990135778113033,0.43398366606170596,17234,0.3936860380116959,0.48630616068840027,1.0082855224609375,0.35651989999860234
cc/ccbf4a5b.jpg,area_rug,0.43387336541611027,0.6051766855857598,0.9990137494923711,0.4340592861464005,17237,0.39375456871345027,0.4037565290927887,1.006362795829773,0.3507267999993928
d0/d09968ca.jpg,main_object,0.0,0.0,0.0,0.0,1130,0.023110274869109947,,0.9746031761169434,9.883122899998853
d0/d09968ca.jpg,carpet,0.0,0.0,0.0,0.0,0,0.0,,,0.306308799999897
d0/d09968ca.jpg,rug,0.0,0.0,0.0,0.0,0,0.0,,,0.30790199999864853
d0/d09968ca.jpg,area_rug,0.4246908127208481,0.5961866377305844,0.9741641337386018,0.429528702255975,3948,0.08074280104712042,0.34059759974479675,0.9503880739212036,0.5010934000001726
d1/d124f682.jpg,main_object,0.937612457329275,0.9678018468374644,0.9378490210590056,0.9997310478376246,59452,0.90716552734375,,0.9587914943695068,9.994371000000683
d1/d124f682.jpg,carpet,0.8747497101907472,0.9331909272323562,0.9772000392426174,0.8929749695187549,50965,0.7776641845703125,0.33164963126182556,0.949899435043335,0.44713659999979427
d1/d124f682.jpg,rug,0.9049993193574735,0.9501308584852572,0.9466723625424965,0.9536147170623251,56181,0.8572540283203125,0.36976689100265503,0.9361478090286255,0.2553711000000476
d1/d124f682.jpg,area_rug,0.8748375311764499,0.9332408986153529,0.9772022758485384,0.8930646202395467,50970,0.777740478515625,0.4323807656764984,0.958195686340332,0.25447320000057516
d2/d224d5b5.jpg,main_object,0.0039791666666666664,0.007926791309580627,0.004535201234714473,0.03143515470704411,42115,0.6426239013671875,,0.9951370358467102,10.159723000000668
d2/d224d5b5.jpg,carpet,0.0035998881588144836,0.0071739508967438624,0.004011372045020836,0.03390388413429888,51354,0.783599853515625,0.7305260300636292,0.9815878868103027,0.4441518999992695
d2/d224d5b5.jpg,rug,0.0034426716530066583,0.006861720654824103,0.0038368650669990652,0.032422646477946016,51344,0.783447265625,0.7753140330314636,0.9820506572723389,0.2624794000003021
d2/d224d5b5.jpg,area_rug,0.0037042214145932345,0.007381101594596476,0.004127083008877122,0.03489137590520079,51368,0.7838134765625,0.7612980008125305,0.975767970085144,0.24856160000126692
d5/d50c75a0.jpg,main_object,0.0,0.0,0.0,0.0,38185,0.5826568603515625,,1.0087921619415283,10.070506500000192
d5/d50c75a0.jpg,carpet,0.0,0.0,0.0,0.0,9999,0.1525726318359375,0.33977586030960083,0.998117983341217,0.4425389999996696
d5/d50c75a0.jpg,rug,0.9604029662795579,0.9798015844693455,0.9969498910675382,0.9632332304238002,6885,0.1050567626953125,0.3880993127822876,0.998543381690979,0.25246640000113985
d5/d50c75a0.jpg,area_rug,0.0,0.0,0.0,0.0,9999,0.1525726318359375,0.34409964084625244,0.9956210255622864,0.2483780000002298
d5/d584c562.jpg,main_object,0.0,0.0,0.0,0.0,0,0.0,,0.9334898591041565,10.07583280000108
d5/d584c562.jpg,carpet,0.06421833731606087,0.12068639500803631,0.09500948978452607,0.16538187471659002,26871,0.4100189208984375,0.6505657434463501,0.9814791679382324,0.44240720000016154
d5/d584c562.jpg,rug,0.06198565496413741,0.11673539030285796,0.09203691939763088,0.15955172637170434,26761,0.4083404541015625,0.7061305642127991,0.9815086126327515,0.24427250000007916
d5/d584c562.jpg,area_rug,0.060548247816045786,0.1141829199015338,0.08996307485733468,0.1562479756429358,26811,0.4091033935546875,0.6649088263511658,0.9815671443939209,0.2551242999998067
d7/d7f87110.jpg,main_object,0.8529036956125978,0.920613087050501,0.9980219111381619,0.8543479393528891,32860,0.50140380859375,,1.0004138946533203,9.908729899998434
d7/d7f87110.jpg,carpet,0.9187493545388826,0.9576543724854341,0.9903704322173054,0.9270306882717657,35931,0.5482635498046875,0.8505743741989136,0.9734208583831787,0.45123550000062096
d7/d7f87110.jpg,rug,0.9335171489679697,0.9656155876002879,0.9885123335516263,0.9437555358724535,36648,0.5592041015625,0.8516095876693726,0.9735559821128845,0.25251120000029914
d7/d7f87110.jpg,area_rug,0.9360972970187328,0.9669940642551039,0.9884904222899434,0.9464127546501329,36752,0.560791015625,0.8005532026290894,0.9736191034317017,0.24568309999995108
db/db84a9ff.jpg,main_object,0.0,0.0,0.0,0.0,46131,0.7066636029411765,,1.0091866254806519,9.971333700001196
db/db84a9ff.jpg,carpet,0.0024386745086788122,0.004865483686319404,0.0038553123936954305,0.006592980414969944,8819,0.13509497549019608,0.4469585418701172,0.9301010966300964,0.4427923999992345
db/db84a9ff.jpg,rug,0.9722707000193911,0.9859404188378724,1.0,0.9722707000193911,5014,0.07680759803921569,0.3698190152645111,1.0051202774047852,0.24383250000028056
db/db84a9ff.jpg,area_rug,0.0024311762602788702,0.004850559954347671,0.0038366057323403293,0.006592980414969944,8862,0.13575367647058822,0.4434204697608948,0.9303221702575684,0.2505043000001024
dc/dc134e63.jpg,main_object,0.8195099580712788,0.9008029381053542,1.0,0.8195099580712788,12509,0.2211008201357466,,0.9485205411911011,9.828533899999456
dc/dc134e63.jpg,carpet,0.0008365019011406844,0.00167160550110174,0.0019895098571170193,0.001441299790356394,11058,0.19545390271493213,0.4189176857471466,0.9900835752487183,0.46659360000012384
dc/dc134e63.jpg,rug,0.0,0.0,0.0,0.0,0,0.0,,,0.2758222000011301
dc/dc134e63.jpg,area_rug,0.0008366609621601065,0.0016719230915377894,0.001990409843481408,0.001441299790356394,11053,0.19536552601809956,0.4727229177951813,0.9901532530784607,0.281861100000242
dc/dceae0cd.jpg,main_object,0.0,0.0,0.0,0.0,1570,0.023956298828125,,0.9148446321487427,9.960844200000793
dc/dceae0cd.jpg,carpet,0.0040905515252163275,0.008147774160413656,0.00466804979253112,0.03200656544932294,50128,0.764892578125,0.7560141682624817,0.9828413724899292,0.44350719999965804
dc/dceae0cd.jpg,rug,0.004190284104739716,0.008345597783741667,0.004777575132820553,0.03296402680891807,50444,0.76971435546875,0.8103585243225098,0.983394980430603,0.2481311999999889
dc/dceae0cd.jpg,area_rug,0.004288519169163997,0.008540412615115501,0.0048823529411764705,0.034058268362741076,51000,0.7781982421875,0.7306238412857056,0.9830778241157532,0.24725949999992736
dd/dd06513d.jpg,main_object,0.9702402040671722,0.9848953463281306,0.9994161010145245,0.9707904998227579,13701,0.2090606689453125,,0.9907707571983337,10.057271200001196
dd/dd06513d.jpg,carpet,0.0,0.0,0.0,0.0,1106,0.016876220703125,0.5925840735435486,0.9771103262901306,0.4512360000007902
dd/dd06513d.jpg,rug,0.0,0.0,0.0,0.0,1107,0.0168914794921875,0.610093355178833,0.9772670865058899,0.24837420000039856
dd/dd06513d.jpg,area_rug,0.0,0.0,0.0,0.0,1112,0.0169677734375,0.6648039817810059,0.9766639471054077,0.2466547999993054
dd/dda4ed8d.jpg,main_object,0.5015665052691541,0.6680576631259484,0.9991489361702127,0.5017808804673031,14100,0.21514892578125,,0.9520983099937439,9.780760599998757
dd/dda4ed8d.jpg,carpet,0.0,0.0,0.0,0.0,4385,0.0669097900390625,0.3531457185745239,0.981999397277832,0.4433766000001924
dd/dda4ed8d.jpg,rug,0.0,0.0,0.0,0.0,4284,0.06536865234375,0.35115480422973633,0.9837356805801392,0.2542599999997037
dd/dda4ed8d.jpg,area_rug,0.0,0.0,0.0,0.0,4280,0.0653076171875,0.37372297048568726,0.9818326830863953,0.2492766000013944
e0/e0cfa227.jpg,main_object,0.0,0.0,0.0,0.0,0,0.0,,0.9043624401092529,9.985768300000927
e0/e0cfa227.jpg,carpet,0.2947336666092053,0.45528076423792563,0.9212015086206896,0.30235642601352847,7424,0.11328125,0.7236289381980896,0.8556598424911499,0.44362420000106795
e0/e0cfa227.jpg,rug,0.2969626369833463,0.4579355310867902,0.9248857833915614,0.3043016932667227,7442,0.113555908203125,0.7016197443008423,0.8462880253791809,0.26335260000087146
e0/e0cfa227.jpg,area_rug,0.2987623442149295,0.4600723843676329,0.9239797279274473,0.30629117113930765,7498,0.114410400390625,0.7242948412895203,0.819034993648529,0.2577495000005001
e5/e5722224.jpg,main_object,0.0,0.0,0.0,0.0,0,0.0,,0.9295499324798584,9.883492300001308
e5/e5722224.jpg,carpet,0.0,0.0,0.0,0.0,2076,0.03167724609375,0.6335796117782593,0.9935491681098938,0.44069259999923815
e5/e5722224.jpg,rug,0.0,0.0,0.0,0.0,2076,0.03167724609375,0.5710813403129578,0.9939252734184265,0.24993720000020403
e5/e5722224.jpg,area_rug,0.0,0.0,0.0,0.0,2077,0.0316925048828125,0.6550453901290894,0.9954574704170227,0.2455258000009053
e6/e63956e3.jpg,main_object,0.5570679073450802,0.7155345052290283,0.9895375417619131,0.5603684341548419,22748,0.34710693359375,,1.0105006694793701,10.049621200001638
e6/e63956e3.jpg,carpet,0.8450874290058584,0.9160405254738475,0.8925046049213621,0.9408513816280807,42346,0.646148681640625,0.81119704246521,0.9877097606658936,0.4488189000003331
e6/e63956e3.jpg,rug,0.8336650936011273,0.909288284442276,0.8914026067200765,0.9279063978093104,41815,0.6380462646484375,0.8330195546150208,0.9863709211349487,0.24973019999924873
e6/e63956e3.jpg,area_rug,0.8471881550193997,0.9172732650080276,0.8904122430804565,0.9458053273587255,42669,0.6510772705078125,0.7884061336517334,0.986983597278595,0.2522956000011618
e9/e9c4028d.jpg,main_object,0.0,0.0,0.0,0.0,0,0.0,,0.9163832664489746,10.004611500000465
e9/e9c4028d.jpg,carpet,0.6741373233795777,0.805354870195114,0.9952226663197975,0.6763259402121504,42283,0.6451873779296875,0.4631381332874298,1.0037117004394531,0.43887809999978344
e9/e9c4028d.jpg,rug,0.6740763280536827,0.8053113430465604,0.9947767719978257,0.6764705882352942,42311,0.6456146240234375,0.5475434064865112,1.0047743320465088,0.2435609000003751
e9/e9c4028d.jpg,area_rug,0.6741373233795777,0.805354870195114,0.9952226663197975,0.6763259402121504,42283,0.6451873779296875,0.43736734986305237,1.0035251379013062,0.24650070000097912
ea/ea1ff0a4.jpg,main_object,0.02058132944700834,0.04033256116523339,1.0,0.02058132944700834,1271,0.0193939208984375,,0.9308472871780396,10.159984699999768
ea/ea1ff0a4.jpg,carpet,0.9200961629709297,0.9583855024711697,0.9753374130270769,0.9420127924864383,59645,0.9101104736328125,0.805371105670929,0.9516561031341553,0.4448928000001615
ea/ea1ff0a4.jpg,rug,0.9232170335709575,0.9600757662350387,0.968201953002783,0.9520848514290341,60727,0.9266204833984375,0.8361079692840576,0.9511810541152954,0.25336479999896255
ea/ea1ff0a4.jpg,area_rug,0.9235328242838552,0.9602464929369666,0.9667793716968125,0.9538013116346854,60926,0.929656982421875,0.7611637115478516,0.9510127305984497,0.24135690000002796
eb/ebdd8b5e.jpg,main_object,0.0,0.0,0.0,0.0,2899,0.048811287715517244,,0.9454691410064697,10.043693100000382
eb/ebdd8b5e.jpg,carpet,0.19135704034444267,0.32124213626020615,0.9463722397476341,0.1934547799451878,3804,0.0640490301724138,0.6353926658630371,0.9880813956260681,0.471621700000469
eb/ebdd8b5e.jpg,rug,0.1913672124176058,0.3212564697483491,0.9466210886142519,0.1934547799451878,3803,0.06403219288793104,0.5944961905479431,0.9879606366157532,0.26541419999921345
eb/ebdd8b5e.jpg,area_rug,0.19134686935260975,0.3212278040510395,0.9461235216819974,0.1934547799451878,3805,0.06406586745689655,0.6645710468292236,0.986812174320221,0.2707892999987962
ef/efe63626.jpg,main_object,0.0,0.0,0.0,0.0,28783,0.4391937255859375,,1.0034006834030151,9.999755000000732
ef/efe63626.jpg,carpet,0.0,0.0,0.0,0.0,42832,0.653564453125,0.8105579614639282,0.9778687953948975,0.4479606999993848
ef/efe63626.jpg,rug,0.0,0.0,0.0,0.0,42284,0.64520263671875,0.8044295310974121,0.9822403788566589,0.24293779999970866
ef/efe63626.jpg,area_rug,0.0,0.0,0.0,0.0,40573,0.6190948486328125,0.7848293781280518,0.9651448130607605,0.24865539999882458
ef/effd7df5.jpg,main_object,0.0,0.0,0.0,0.0,0,0.0,,0.8916199207305908,10.044448800001192
ef/effd7df5.jpg,carpet,0.6801874887326482,0.809656652360515,0.8121546961325967,0.8071739285459603,41811,0.6379852294921875,0.7676355838775635,0.9833763837814331,0.4461838000006537
ef/effd7df5.jpg,rug,0.680173864273696,0.8096469999165484,0.8121352721706687,0.8071739285459603,41812,0.63800048828125,0.8462300300598145,0.9830458164215088,0.41968660000020463
ef/effd7df5.jpg,area_rug,0.6798334300987007,0.8094057635925918,0.8116499749025982,0.8071739285459603,41837,0.6383819580078125,0.6944025754928589,0.9846670627593994,0.24418809999951918
f1/f10cbde6.jpg,main_object,0.0,0.0,0.0,0.0,18740,0.28594970703125,,0.9650272130966187,9.826241499999014
f1/f10cbde6.jpg,carpet,0.0,0.0,0.0,0.0,0,0.0,,,0.24447959999997693
f1/f10cbde6.jpg,rug,0.0,0.0,0.0,0.0,0,0.0,,,0.24396060000071884
f1/f10cbde6.jpg,area_rug,0.0,0.0,0.0,0.0,0,0.0,,,0.2396631999999954
f1/f12d8c6f.jpg,main_object,0.505767148439339,0.6717733866933466,0.9833409610983982,0.5101381831995822,10925,0.1667022705078125,,1.0127639770507812,9.9763980000007
f1/f12d8c6f.jpg,carpet,0.0,0.0,0.0,0.0,0,0.0,,,0.23957420000078855
f1/f12d8c6f.jpg,rug,0.0,0.0,0.0,0.0,0,0.0,,,0.24109909999970114
f1/f12d8c6f.jpg,area_rug,0.0,0.0,0.0,0.0,0,0.0,,,0.23677459999998973
f2/f2a70afe.jpg,main_object,0.0,0.0,0.0,0.0,23682,0.361358642578125,,0.9777823090553284,9.929497299999639
f2/f2a70afe.jpg,carpet,0.0,0.0,0.0,0.0,33201,0.5066070556640625,0.5801727771759033,0.9760995507240295,0.43563869999888993
f2/f2a70afe.jpg,rug,0.0,0.0,0.0,0.0,32941,0.5026397705078125,0.6429420709609985,0.9760162830352783,0.24705770000036864
f2/f2a70afe.jpg,area_rug,0.0,0.0,0.0,0.0,31883,0.4864959716796875,0.646906852722168,0.9773610830307007,0.2547692999996798
f4/f4094c37.jpg,main_object,0.0,0.0,0.0,0.0,0,0.0,,0.9388236999511719,9.887789000000339
f4/f4094c37.jpg,carpet,0.0,0.0,0.0,0.0,0,0.0,,,0.24448860000120476
f4/f4094c37.jpg,rug,0.0,0.0,0.0,0.0,0,0.0,,,0.24277389999951993
f4/f4094c37.jpg,area_rug,0.017032947835505397,0.03349537076798873,0.9908536585365854,0.01703562629951252,984,0.0150146484375,0.3356875777244568,0.9732392430305481,0.44070490000012796
f4/f42db37d.jpg,main_object,0.04329436038514443,0.0829954843600646,0.6165523996082273,0.04449234901226278,2042,0.031158447265625,,0.9421082735061646,10.233722099999795
f4/f42db37d.jpg,carpet,0.5669968077269378,0.7236732135394902,0.5739141241533586,0.9791850726225395,48279,0.7366790771484375,0.6939241886138916,0.9817160367965698,0.44379510000180744
f4/f42db37d.jpg,rug,0.5670432220039293,0.7237110170819621,0.5739616778871052,0.9791850726225395,48275,0.7366180419921875,0.8174676895141602,0.9817500114440918,0.2555618999995204
f4/f42db37d.jpg,area_rug,0.5672035858286089,0.7238416131222901,0.5740652511651994,0.9793617697989186,48275,0.7366180419921875,0.6995988488197327,0.9695602059364319,0.2534049000005325
f5/f54cda07.jpg,main_object,0.33676452821070435,0.5038501861827122,0.533514527427937,0.4773108668105072,26123,0.3986053466796875,,0.9708413481712341,9.972729099999924
f5/f54cda07.jpg,carpet,0.4923019406586684,0.6597886489933498,0.9847712284995581,0.49607863282989145,14709,0.2244415283203125,0.7519188523292542,0.992724597454071,0.43743170000016107
f5/f54cda07.jpg,rug,0.4922679536417089,0.6597581251281117,0.9847701930921947,0.49604438508168086,14708,0.22442626953125,0.8055719137191772,0.9928480982780457,0.2464641999995365
f5/f54cda07.jpg,area_rug,0.4923019406586684,0.6597886489933498,0.9847712284995581,0.49607863282989145,14709,0.2244415283203125,0.779715895652771,0.9935535788536072,0.2532485000010638
f5/f55fd10e.jpg,main_object,0.0,0.0,0.0,0.0,21381,0.3262481689453125,,1.0064598321914673,10.112028899999132
f5/f55fd10e.jpg,carpet,0.0,0.0,0.0,0.0,21361,0.3259429931640625,0.7289323210716248,0.9986059069633484,0.433438500000193
f5/f55fd10e.jpg,rug,0.0,0.0,0.0,0.0,21357,0.3258819580078125,0.759016215801239,0.9997313618659973,0.2419423999999708
f5/f55fd10e.jpg,area_rug,0.0,0.0,0.0,0.0,21358,0.325897216796875,0.745928168296814,0.9984739422798157,0.24113580000084767
f5/f5e5e60c.jpg,main_object,0.9894992322551884,0.9947219040979933,0.9985504348695391,0.990922619047619,20006,0.305267333984375,,0.9843622446060181,10.05708290000075
f5/f5e5e60c.jpg,carpet,0.990338403606996,0.9951457519105823,0.9988506321523162,0.991468253968254,20011,0.3053436279296875,0.7018132209777832,1.001121997833252,0.4538460000003397
f5/f5e5e60c.jpg,rug,0.990338403606996,0.9951457519105823,0.9988506321523162,0.991468253968254,20011,0.3053436279296875,0.7379546761512756,1.0011448860168457,0.24677080000037677
f5/f5e5e60c.jpg,area_rug,0.990338403606996,0.9951457519105823,0.9988506321523162,0.991468253968254,20011,0.3053436279296875,0.7210475206375122,1.0014967918395996,0.2433904999998049
f6/f6ac4355.jpg,main_object,0.0,0.0,0.0,0.0,0,0.0,,0.9471831321716309,9.832396700001482
f6/f6ac4355.jpg,carpet,0.0,0.0,0.0,0.0,1909,0.0291290283203125,0.2777581214904785,0.9559612274169922,0.44259840000086115
f6/f6ac4355.jpg,rug,0.0,0.0,0.0,0.0,2052,0.03131103515625,0.346180260181427,0.9981715083122253,0.27413200000046345
f6/f6ac4355.jpg,area_rug,0.0,0.0,0.0,0.0,1975,0.0301361083984375,0.30827656388282776,0.953845739364624,0.25085519999993267
f7/f7334160.jpg,main_object,0.10443654705949788,0.18912186007888726,0.9299081320176931,0.10526518507106267,2939,0.0448455810546875,,0.9101598262786865,10.008380700000998
f7/f7334160.jpg,carpet,0.0,0.0,0.0,0.0,3896,0.0594482421875,0.5660357475280762,0.9714031219482422,0.441609100000278
f7/f7334160.jpg,rug,0.0,0.0,0.0,0.0,3899,0.0594940185546875,0.6019322872161865,0.9721535444259644,0.24577879999924335
f7/f7334160.jpg,area_rug,0.0,0.0,0.0,0.0,3901,0.0595245361328125,0.6444639563560486,0.9730967879295349,0.27674060000026657
f8/f851c788.jpg,main_object,0.9124142206640016,0.9542014599192908,0.9124142206640016,1.0,46777,0.9370392628205129,,1.0051369667053223,9.751926900000399
f8/f851c788.jpg,carpet,0.9438092921430309,0.9710924790389188,0.9438092921430309,1.0,45221,0.905869391025641,0.4590361416339874,0.9968339204788208,0.4868566999994073
f8/f851c788.jpg,rug,0.9763683915561367,0.9880429131811522,0.9965678329678711,0.9796626054358013,41956,0.8404647435897435,0.3706492483615875,0.9811707735061646,0.2973199999996723
f8/f851c788.jpg,area_rug,0.9403366528597867,0.9692510332924559,0.9403366528597867,1.0,45388,0.9092147435897436,0.3648891746997833,0.9964720606803894,0.30699860000095214
f8/f863c15b.jpg,main_object,0.30556370392099347,0.46809466746554823,0.30669578231960154,0.9880641846494348,40757,0.9310352704678363,,1.011156678199768,10.129286699999284
f8/f863c15b.jpg,carpet,0.30582536148557726,0.46840162629044646,0.30695938313442367,0.9880641846494348,40722,0.9302357456140351,0.665859580039978,1.002025842666626,0.5375714000001608
f8/f863c15b.jpg,rug,0.30590567561614335,0.46849582068293416,0.30704792787481267,0.9879851395146628,40707,0.9298930921052632,0.6302978992462158,1.000167727470398,0.3462042000010115
f8/f863c15b.jpg,area_rug,0.3058233423048691,0.468399257996215,0.3069649786335282,0.9879851395146628,40718,0.9301443713450293,0.5781888365745544,1.0092015266418457,0.34667799999988347
f8/f8b05ebd.jpg,main_object,0.0,0.0,0.0,0.0,36687,0.5597991943359375,,0.9975596070289612,10.115001600001051
f8/f8b05ebd.jpg,carpet,0.0,0.0,0.0,0.0,42526,0.648895263671875,0.8104174733161926,0.9870916604995728,0.4471044999991136
f8/f8b05ebd.jpg,rug,0.0,0.0,0.0,0.0,42525,0.6488800048828125,0.8461965918540955,0.9869522452354431,0.2514527999992424
f8/f8b05ebd.jpg,area_rug,0.0,0.0,0.0,0.0,42539,0.6490936279296875,0.8220796585083008,0.9868910312652588,0.24420680000002903
f9/f943d2bb.jpg,main_object,0.0,0.0,0.0,0.0,0,0.0,,0.8803828954696655,9.829566300000806
f9/f943d2bb.jpg,carpet,0.0,0.0,0.0,0.0,11733,0.32972684352517984,0.45805463194847107,0.979141116142273,0.5295458000000508
f9/f943d2bb.jpg,rug,0.0,0.0,0.0,0.0,11754,0.3303169964028777,0.5426313281059265,0.97918701171875,0.3373691999986477
f9/f943d2bb.jpg,area_rug,0.0,0.0,0.0,0.0,11674,0.3280687949640288,0.48940882086753845,0.9792535901069641,0.32957249999890337
fb/fbeafab7.jpg,main_object,0.0,0.0,0.0,0.0,0,0.0,,0.8938549757003784,9.845721199999389
fb/fbeafab7.jpg,carpet,0.0,0.0,0.0,0.0,0,0.0,,,0.24321190000046045
fb/fbeafab7.jpg,rug,0.0,0.0,0.0,0.0,0,0.0,,,0.24643620000097144
fb/fbeafab7.jpg,area_rug,0.0,0.0,0.0,0.0,0,0.0,,,0.24263740000060352
fd/fd8fa433.jpg,main_object,0.0,0.0,0.0,0.0,16834,0.256866455078125,,0.9820247292518616,10.023563499999
fd/fd8fa433.jpg,carpet,0.0,0.0,0.0,0.0,13206,0.201507568359375,0.47232452034950256,0.992426872253418,0.44305549999990035
fd/fd8fa433.jpg,rug,0.0,0.0,0.0,0.0,13159,0.2007904052734375,0.38388684391975403,0.9903494715690613,0.24673620000066876
fd/fd8fa433.jpg,area_rug,0.0,0.0,0.0,0.0,13211,0.2015838623046875,0.4782849848270416,0.9932658076286316,0.2453549000001658
fd/fdcc6da8.jpg,main_object,0.0,0.0,0.0,0.0,37508,0.57232666015625,,0.9972291588783264,10.101201700001184
fd/fdcc6da8.jpg,carpet,0.0,0.0,0.0,0.0,42390,0.646820068359375,0.614691436290741,0.9765043258666992,0.44109340000068187
fd/fdcc6da8.jpg,rug,0.0,0.0,0.0,0.0,42390,0.646820068359375,0.6625199913978577,0.9765172600746155,0.24799910000001546
fd/fdcc6da8.jpg,area_rug,0.0,0.0,0.0,0.0,42407,0.6470794677734375,0.6713801622390747,0.9763799905776978,0.25182009999844013
fd/fdd2c1f3.jpg,main_object,0.5416397430537079,0.7026800463522276,0.9567611118571236,0.5552308591466978,14894,0.30946642287234044,,0.9948392510414124,10.005024699999922
fd/fdd2c1f3.jpg,carpet,0.5477321071743194,0.7077867088695459,0.5497757073844031,0.9932593025521138,46368,0.9634308510638298,0.4168476462364197,0.9889242053031921,0.5140914999992674
fd/fdd2c1f3.jpg,rug,0.5477321071743194,0.7077867088695459,0.5497757073844031,0.9932593025521138,46368,0.9634308510638298,0.39466819167137146,0.988714337348938,0.31545229999937874
fd/fdd2c1f3.jpg,area_rug,0.5477321071743194,0.7077867088695459,0.5497757073844031,0.9932593025521138,46368,0.9634308510638298,0.48852288722991943,0.9891810417175293,0.31866919999993115
