image_name,method,iou,dice,precision,recall,mask_area,area_ratio,dino_score,sam_score,inference_time
00/0004bef1.jpg,main_object,1.0,1.0,1.0,1.0,1615,0.0246429443359375,,0.9712631702423096,13.73452549999638
00/0004bef1.jpg,hint,0.1732089232089232,0.29527379102294543,0.1732089232089232,1.0,9324,0.14227294921875,0.850660502910614,0.9765067100524902,13.215466199995717
00/0004bef1.jpg,carpet,0.0,0.0,0.0,0.0,7354,0.112213134765625,0.6192629933357239,0.9794760942459106,0.2550303000025451
00/0004bef1.jpg,rug,0.0,0.0,0.0,0.0,7367,0.1124114990234375,0.5904645919799805,0.9787454605102539,0.2599513000022853
00/0004bef1.jpg,area_rug,0.0,0.0,0.0,0.0,7395,0.1128387451171875,0.6439247727394104,0.9788153171539307,0.26207020000583725
00/00a98975.jpg,main_object,1.0,1.0,1.0,1.0,24883,0.3796844482421875,,0.9736890196800232,10.092201400002523
00/00a98975.jpg,hint,0.0,0.0,0.0,0.0,10641,0.1623687744140625,0.45627081394195557,0.9521975517272949,0.48578850000194507
00/00a98975.jpg,carpet,0.9458542905044963,0.9721738108759082,0.9480216926367248,0.9975887151870755,26184,0.3995361328125,0.6223598718643188,0.992416262626648,0.25607339999987744
00/00a98975.jpg,rug,0.9459325585825872,0.9722151514558164,0.9479914464640293,0.9977092794277217,26188,0.39959716796875,0.6680665612220764,0.9914278388023376,0.26556600000185426
00/00a98975.jpg,area_rug,0.9458542905044963,0.9721738108759082,0.9480216926367248,0.9975887151870755,26184,0.3995361328125,0.6778730154037476,0.9926183819770813,0.25785679999535205
04/04351089.jpg,main_object,1.0,1.0,1.0,1.0,8079,0.1232757568359375,,0.9032492637634277,10.020827000000281
04/04351089.jpg,hint,0.0,0.0,0.0,0.0,5952,0.0908203125,0.5097083449363708,0.9921793341636658,0.5357689000011305
04/04351089.jpg,carpet,0.0,0.0,0.0,0.0,648,0.0098876953125,0.2920167148113251,0.9292102456092834,0.32743720000144094
04/04351089.jpg,rug,0.0,0.0,0.0,0.0,0,0.0,,,0.351088700001128
04/04351089.jpg,area_rug,0.0,0.0,0.0,0.0,651,0.0099334716796875,0.32702332735061646,0.9292207360267639,0.2637682999993558
04/048bd865.jpg,main_object,0.0,0.0,0.0,0.0,0,0.0,,0.9231725335121155,10.151148999997531
04/048bd865.jpg,hint,0.3488779036703268,0.5172861127326976,0.3488779036703268,1.0,45718,0.9301350911458334,0.4232710897922516,0.9821420311927795,0.5339727000027779
04/048bd865.jpg,carpet,0.0,0.0,0.0,0.0,0,0.0,0.320361852645874,0.9666225910186768,0.3379133999987971
04/048bd865.jpg,rug,0.0,0.0,0.0,0.0,0,0.0,,,0.32088800000201445
04/048bd865.jpg,area_rug,0.0,0.0,0.0,0.0,732,0.014892578125,0.26938873529434204,0.9736302495002747,0.334963000001153
07/07cd3c4b.jpg,main_object,0.0,0.0,0.0,0.0,0,0.0,,0.9462735652923584,10.177633699997386
07/07cd3c4b.jpg,hint,0.9270939301458121,0.9621678690832307,0.9880227155394941,0.9376316691979815,19370,0.295562744140625,0.6642513275146484,0.9346200227737427,0.4669510999956401
07/07cd3c4b.jpg,carpet,0.09171525158003038,0.16802046403087556,1.0,0.09171525158003038,1872,0.028564453125,0.25755634903907776,0.6816409230232239,0.2760673000011593
07/07cd3c4b.jpg,rug,0.9270939301458121,0.9621678690832307,0.9880227155394941,0.9376316691979815,19370,0.295562744140625,0.27797654271125793,0.9336392879486084,0.26937579999503214
07/07cd3c4b.jpg,area_rug,0.9270939301458121,0.9621678690832307,0.9880227155394941,0.9376316691979815,19370,0.295562744140625,0.2978578507900238,0.9334496855735779,0.24610779999784427
09/097bb159.jpg,main_object,0.0,0.0,0.0,0.0,0,0.0,,0.9233461022377014,9.809874900005525
09/097bb159.jpg,hint,0.7587468660357328,0.8628266872150517,0.7749377133893144,0.9732016108004752,43348,0.66143798828125,0.7827156782150269,0.990999162197113,0.4353276000038022
09/097bb159.jpg,carpet,0.0,0.0,0.0,0.0,586,0.008941650390625,0.5125885605812073,0.9686480164527893,0.2633015000028536
09/097bb159.jpg,rug,0.0,0.0,0.0,0.0,585,0.0089263916015625,0.43586885929107666,0.9695337414741516,0.2677114000034635
09/097bb159.jpg,area_rug,0.0,0.0,0.0,0.0,591,0.0090179443359375,0.46820443868637085,0.968524694442749,0.2947721000018646
0a/0adc8403.jpg,main_object,1.0,1.0,1.0,1.0,61262,0.9384497549019608,,0.9942734241485596,10.666142499998386
0a/0adc8403.jpg,hint,0.9828338574087147,0.9913426218101202,0.9828338574087147,1.0,62332,0.9548406862745098,0.5546641945838928,0.9799742698669434,0.4764175999953295
0a/0adc8403.jpg,carpet,0.9841601336589128,0.9920168407416403,0.9841601336589128,1.0,62248,0.9535539215686275,0.3473548889160156,0.9795693159103394,0.27436609999858774
0a/0adc8403.jpg,rug,0.990140936126196,0.9950460473955203,0.990140936126196,1.0,61872,0.9477941176470588,0.2983638346195221,0.9798405170440674,0.26742189999640686
0a/0adc8403.jpg,area_rug,0.9836860528597579,0.9917759430144083,0.9836860528597579,1.0,62278,0.9540134803921568,0.4200343191623688,0.98051518201828,0.28601920000073733
0b/0b802d13.jpg,main_object,1.0,1.0,1.0,1.0,37062,0.565521240234375,,0.9332318305969238,10.651253600000928
0b/0b802d13.jpg,hint,0.90878502836653,0.9522130725681935,0.9101037926115402,0.9984080729588257,40658,0.620391845703125,0.6534273028373718,0.9659596681594849,0.464991300003021
0b/0b802d13.jpg,carpet,0.9090752751572327,0.9523723731452765,0.9103948825193751,0.9984080729588257,40645,0.6201934814453125,0.6276181936264038,0.965949535369873,0.28045449999626726
0b/0b802d13.jpg,rug,0.90878502836653,0.9522130725681935,0.9101037926115402,0.9984080729588257,40658,0.620391845703125,0.6534273028373718,0.9659596681594849,0.26744699999835575
0b/0b802d13.jpg,area_rug,0.9048655256723717,0.9500571179196242,0.906039611232159,0.9985699638443689,40847,0.6232757568359375,0.6285189986228943,0.9659652709960938,0.2643385999981547
0c/0c789496.jpg,main_object,0.0,0.0,0.0,0.0,0,0.0,,0.9614385366439819,11.007913599998574
0c/0c789496.jpg,hint,0.6764548722432722,0.8070063601987744,0.9819829349129117,0.6849561004402253,28362,0.432769775390625,0.7308865785598755,0.9758767485618591,0.4887224999984028
0c/0c789496.jpg,carpet,0.0,0.0,0.0,0.0,4908,0.07489013671875,0.34383711218833923,0.9782524108886719,0.26484469999559224
0c/0c789496.jpg,rug,0.0,0.0,0.0,0.0,4910,0.074920654296875,0.27268901467323303,0.9780135750770569,0.3389087000032305
0c/0c789496.jpg,area_rug,0.0,0.0,0.0,0.0,4914,0.074981689453125,0.39357349276542664,0.9783373475074768,0.300992700002098
0c/0cbfca58.jpg,main_object,1.0,1.0,1.0,1.0,20256,0.5346283783783784,,0.9573966264724731,10.038899400002265
0c/0cbfca58.jpg,hint,0.6049817812556,0.7538799359857085,0.6049817812556,1.0,33482,0.8837098817567568,0.41469889879226685,1.0044530630111694,0.6874205999993137
0c/0cbfca58.jpg,carpet,0.6089466089466089,0.7569506726457399,0.6089466089466089,1.0,33264,0.877956081081081,0.42093491554260254,0.9994145631790161,0.3718416999981855
0c/0cbfca58.jpg,rug,0.6090198436560433,0.757007250168174,0.6090198436560433,1.0,33260,0.8778505067567568,0.4595184326171875,0.9988110065460205,0.37957629999436904
0c/0cbfca58.jpg,area_rug,0.6067577282530554,0.7552572706935123,0.6067577282530554,1.0,33384,0.8811233108108109,0.41146591305732727,1.0028021335601807,0.37929910000093514
0d/0dc8bb97.jpg,main_object,0.0,0.0,0.0,0.0,0,0.0,,0.9220874309539795,9.955891800003883
0d/0dc8bb97.jpg,hint,0.0,0.0,0.0,0.0,33129,0.5055084228515625,0.6794256567955017,0.9762154817581177,0.46158789999753935
0d/0dc8bb97.jpg,carpet,0.0,0.0,0.0,0.0,33068,0.50457763671875,0.5782372355461121,0.975627601146698,0.2629929000031552
0d/0dc8bb97.jpg,rug,0.0,0.0,0.0,0.0,33129,0.5055084228515625,0.6794256567955017,0.9762154817581177,0.26043599999684375
0d/0dc8bb97.jpg,area_rug,0.0,0.0,0.0,0.0,32132,0.49029541015625,0.6394401788711548,0.9740801453590393,0.256129500005045
0e/0eaddd3d.jpg,main_object,1.0,1.0,1.0,1.0,37319,0.5694427490234375,,1.001930594444275,10.00634859999991
0e/0eaddd3d.jpg,hint,0.8982614139857446,0.946404333320648,0.8986076315282328,0.999571263967416,41512,0.6334228515625,0.8669043779373169,0.9857832789421082,0.45686410000053
0e/0eaddd3d.jpg,carpet,0.8978290170405314,0.9461642845366578,0.89817490128094,0.999571263967416,41532,0.63372802734375,0.847622275352478,0.9858273863792419,0.25454029999673367
0e/0eaddd3d.jpg,rug,0.8982614139857446,0.946404333320648,0.8986076315282328,0.999571263967416,41512,0.6334228515625,0.8669043779373169,0.9857832789421082,0.26745300000038696
0e/0eaddd3d.jpg,area_rug,0.8981532757084728,0.9463443097062256,0.89849940988029,0.999571263967416,41517,0.6334991455078125,0.8115758895874023,0.9857029914855957,0.2503043000033358
11/115c92fe.jpg,main_object,1.0,1.0,1.0,1.0,600,0.0091552734375,,0.8894862532615662,9.943562000000384
11/115c92fe.jpg,hint,0.0,0.0,0.0,0.0,30792,0.4698486328125,0.4552828371524811,1.000483512878418,0.449547000003804
11/115c92fe.jpg,carpet,0.0,0.0,0.0,0.0,0,0.0,,,0.25632230000337586
11/115c92fe.jpg,rug,0.0,0.0,0.0,0.0,0,0.0,,,0.25377540000044974
11/115c92fe.jpg,area_rug,0.0,0.0,0.0,0.0,0,0.0,,,0.2643138999992516
11/1191417b.jpg,main_object,1.0,1.0,1.0,1.0,13295,0.2028656005859375,,1.0004994869232178,10.014181200000166
11/1191417b.jpg,hint,0.9897054403366397,0.9948260885985121,0.9990139563106796,0.9906731854080482,13184,0.201171875,0.7697471380233765,0.9844194054603577,0.5026663000026019
11/1191417b.jpg,carpet,0.9891051168382298,0.9945227212631738,0.9989376233115799,0.9901466716810832,13178,0.201080322265625,0.6657769083976746,0.9846221804618835,0.2959000999981072
11/1191417b.jpg,rug,0.9897054403366397,0.9948260885985121,0.9990139563106796,0.9906731854080482,13184,0.201171875,0.7697471380233765,0.9844194054603577,0.2565164999978151
11/1191417b.jpg,area_rug,0.9896302975653742,0.9947881259913891,0.9990138815140711,0.9905979691613388,13183,0.2011566162109375,0.7328317165374756,0.9843900203704834,0.28503350000391947
12/126f9fb9.jpg,main_object,1.0,1.0,1.0,1.0,3025,0.0461578369140625,,0.9348526000976562,9.524590299995907
12/126f9fb9.jpg,hint,0.0640536992334731,0.12039561401763149,0.0640536992334731,1.0,47226,0.720611572265625,0.7767117619514465,0.9629172086715698,0.4468788999947719
12/126f9fb9.jpg,carpet,0.0,0.0,0.0,0.0,0,0.0,,,0.24291880000237143
12/126f9fb9.jpg,rug,0.0,0.0,0.0,0.0,0,0.0,,,0.24449119999917457
12/126f9fb9.jpg,area_rug,0.06441926828229481,0.1210411539923574,0.06441926828229481,1.0,46958,0.716522216796875,0.31385236978530884,0.9637289047241211,0.2557116000025417
13/139d7518.jpg,main_object,1.0,1.0,1.0,1.0,2266,0.034576416015625,,0.9380074739456177,9.488056800000777
13/139d7518.jpg,hint,0.0,0.0,0.0,0.0,3167,0.0483245849609375,0.36754941940307617,0.9836719036102295,0.4489088999980595
13/139d7518.jpg,carpet,0.0,0.0,0.0,0.0,1992,0.0303955078125,0.2781990170478821,0.9597117304801941,0.2523707000000286
13/139d7518.jpg,rug,0.0,0.0,0.0,0.0,2034,0.031036376953125,0.2964708209037781,0.995135486125946,0.2520435000042198
13/139d7518.jpg,area_rug,0.0,0.0,0.0,0.0,1972,0.03009033203125,0.2967455983161926,0.9595832228660583,0.25661959999706596
13/13b61d5c.jpg,main_object,1.0,1.0,1.0,1.0,5239,0.10943766711229946,,1.000083565711975,9.702970799997274
13/13b61d5c.jpg,hint,0.14256946145263558,0.24955937693516886,0.14256946145263558,1.0,36747,0.7676094585561497,0.6253063082695007,0.9346702098846436,0.5203483999939635
13/13b61d5c.jpg,carpet,0.0,0.0,0.0,0.0,3500,0.07311163101604277,0.3437175750732422,0.9796543121337891,0.3193962000004831
13/13b61d5c.jpg,rug,0.13959127121579495,0.24498480243161094,0.13959127121579495,1.0,37531,0.7839864639037433,0.30529019236564636,0.9240947365760803,0.3141892000057851
13/13b61d5c.jpg,area_rug,0.0,0.0,0.0,0.0,3495,0.07300718582887701,0.3884582221508026,0.9801820516586304,0.31865380000090227
17/1788b0de.jpg,main_object,1.0,1.0,1.0,1.0,1497,0.022931985294117645,,0.8938159942626953,9.477657199997338
17/1788b0de.jpg,hint,0.02421781473452616,0.04729036028494259,0.02421781473452616,1.0,61814,0.946905637254902,0.7917070388793945,0.9556245803833008,0.4550223999976879
17/1788b0de.jpg,carpet,0.0,0.0,0.0,0.0,0,0.0,,,0.2525528999976814
17/1788b0de.jpg,rug,0.5737830586431583,0.729176814417925,0.5737830586431583,1.0,2609,0.03996629901960784,0.2642363905906677,0.9677717089653015,0.26412140000320505
17/1788b0de.jpg,area_rug,0.0242389896373057,0.04733073019586765,0.0242389896373057,1.0,61760,0.946078431372549,0.2749556005001068,0.9583028554916382,0.2619784999988042
18/18fd2995.jpg,main_object,1.0,1.0,1.0,1.0,59268,0.90435791015625,,0.9808950424194336,9.526312100002542
18/18fd2995.jpg,hint,0.9965865716063291,0.9982903679498732,0.9965865716063291,1.0,59471,0.9074554443359375,0.8733353614807129,0.9618752002716064,0.46088959999906365
18/18fd2995.jpg,carpet,0.0870452858203415,0.16015024756701382,1.0,0.0870452858203415,5159,0.0787200927734375,0.2878269553184509,0.9105669260025024,0.248707499995362
18/18fd2995.jpg,rug,0.021512451913342782,0.042118824637034834,1.0,0.021512451913342782,1275,0.0194549560546875,0.27098315954208374,0.9593982100486755,0.24300130000483477
18/18fd2995.jpg,area_rug,0.19163798339744886,0.32163792371081473,1.0,0.19163798339744886,11358,0.173309326171875,0.33652666211128235,0.9210203886032104,0.3088906000048155
1b/1beafe81.jpg,main_object,1.0,1.0,1.0,1.0,40118,0.9328031994047619,,1.0117697715759277,9.74048639999819
1b/1beafe81.jpg,hint,0.9871877960017947,0.9935525952685582,1.0,0.9871877960017947,39604,0.9208519345238095,0.5707133412361145,1.0216484069824219,0.555334299999231
1b/1beafe81.jpg,carpet,0.7463731990627649,0.8547694152238763,1.0,0.7463731990627649,29943,0.6962193080357143,0.38689878582954407,0.9925658106803894,0.35697320000326727
1b/1beafe81.jpg,rug,0.7463981255296874,0.8547857611829522,1.0,0.7463981255296874,29944,0.6962425595238095,0.39121145009994507,0.9909298419952393,0.3559871000034036
1b/1beafe81.jpg,area_rug,0.74642305199661,0.8548021066754207,1.0,0.74642305199661,29945,0.6962658110119048,0.4539000689983368,0.9895035028457642,0.3505206000045291
1d/1de38477.jpg,main_object,1.0,1.0,1.0,1.0,20950,0.319671630859375,,0.980679988861084,9.87018729999545
1d/1de38477.jpg,hint,0.0,0.0,0.0,0.0,15038,0.229461669921875,0.6446603536605835,0.9591008424758911,0.45321800000238
1d/1de38477.jpg,carpet,0.0,0.0,0.0,0.0,9387,0.1432342529296875,0.6282321214675903,0.9055424928665161,0.2518541999961599
1d/1de38477.jpg,rug,0.0,0.0,0.0,0.0,9338,0.142486572265625,0.6010340452194214,0.8997211456298828,0.2532208000047831
1d/1de38477.jpg,area_rug,0.0,0.0,0.0,0.0,9350,0.142669677734375,0.6437616348266602,0.9019274115562439,0.24966439999843715
1f/1f2efb1c.jpg,main_object,1.0,1.0,1.0,1.0,46519,0.9366744523195877,,0.9898315668106079,9.571830000000773
1f/1f2efb1c.jpg,hint,0.9916014750708759,0.9957830293689528,0.9916014750708759,1.0,46913,0.9446077641752577,0.8326051831245422,0.9789797067642212,0.5044237000038265
1f/1f2efb1c.jpg,carpet,0.993083278184574,0.9965296373256786,0.993083278184574,1.0,46843,0.9431982925257731,0.5510419607162476,0.9809538125991821,0.305704100006551
1f/1f2efb1c.jpg,rug,0.9918763326226013,0.9959216005309413,0.9918763326226013,1.0,46900,0.9443460051546392,0.5672339797019958,0.9796267747879028,0.3149122000031639
1f/1f2efb1c.jpg,area_rug,0.9918763326226013,0.9959216005309413,0.9918763326226013,1.0,46900,0.9443460051546392,0.591292679309845,0.9801158905029297,0.30578560000139987
1f/1f9d4b5e.jpg,main_object,1.0,1.0,1.0,1.0,3979,0.0607147216796875,,0.9223509430885315,9.793594299997494
1f/1f9d4b5e.jpg,hint,0.26907712099668224,0.4240516459478205,0.26916824708751014,0.9987434028650415,14764,0.22528076171875,0.921513557434082,1.0042376518249512,0.4445934000032139
1f/1f9d4b5e.jpg,carpet,0.0,0.0,0.0,0.0,0,0.0,0.3440367579460144,0.9661189317703247,0.2555819999979576
1f/1f9d4b5e.jpg,rug,0.0,0.0,0.0,0.0,0,0.0,0.34710490703582764,0.966985821723938,0.27507989999867277
1f/1f9d4b5e.jpg,area_rug,0.0,0.0,0.0,0.0,0,0.0,0.32572534680366516,0.9636343121528625,0.2654164999985369
1f/1fe12cbe.jpg,main_object,1.0,1.0,1.0,1.0,39399,0.6011810302734375,,0.9741236567497253,9.950051300002087
1f/1fe12cbe.jpg,hint,0.630353743020335,0.7732723597181606,0.630353743020335,1.0,62503,0.9537200927734375,0.8233605623245239,0.9612138867378235,0.441126699995948
1f/1fe12cbe.jpg,carpet,0.6303234889450613,0.7732495952112262,0.6303234889450613,1.0,62506,0.953765869140625,0.7463961839675903,0.9615073204040527,0.3449728999985382
1f/1fe12cbe.jpg,rug,0.630353743020335,0.7732723597181606,0.630353743020335,1.0,62503,0.9537200927734375,0.8233605623245239,0.9612138867378235,0.24685029999818653
1f/1fe12cbe.jpg,area_rug,0.6299405218726016,0.772961360760425,0.6299405218726016,1.0,62544,0.954345703125,0.779990017414093,0.9602808952331543,0.24624219999532215
20/204b09e4.jpg,main_object,1.0,1.0,1.0,1.0,24741,0.3775177001953125,,1.0143734216690063,10.342114900005981
20/204b09e4.jpg,hint,0.9974140369307851,0.998705344499737,0.9996760215445673,0.9977365506648882,24693,0.3767852783203125,0.7134174108505249,0.9875026345252991,0.44490419999783626
20/204b09e4.jpg,carpet,0.9974140369307851,0.998705344499737,0.9996760215445673,0.9977365506648882,24693,0.3767852783203125,0.6474795937538147,0.9876221418380737,0.25887430000148015
20/204b09e4.jpg,rug,0.9974140369307851,0.998705344499737,0.9996760215445673,0.9977365506648882,24693,0.3767852783203125,0.7134174108505249,0.9875026345252991,0.2517493999985163
20/204b09e4.jpg,area_rug,0.9974544426037416,0.998725599271771,0.9996760346642909,0.9977769694030152,24694,0.376800537109375,0.7067091464996338,0.9870738387107849,0.24806390000594547
20/20dc9925.jpg,main_object,1.0,1.0,1.0,1.0,61289,0.9351959228515625,,0.9803475141525269,10.212345200001437
20/20dc9925.jpg,hint,0.9968510360580846,0.9984230351262797,0.9999836328521392,0.996867300820702,61098,0.932281494140625,0.6935345530509949,0.9704766273498535,0.4585488999946392
20/20dc9925.jpg,carpet,0.9959372807518478,0.9979645055546926,1.0,0.9959372807518478,61040,0.931396484375,0.37436094880104065,0.9907248616218567,0.2567699999999604
20/20dc9925.jpg,rug,0.9967699309939804,0.9983823529411765,0.9998363633388424,0.9969325653869373,61111,0.9324798583984375,0.37710443139076233,0.9521781802177429,0.2513102000011713
20/20dc9925.jpg,area_rug,0.5745892411362561,0.7298274700792705,1.0,0.5745892411362561,35216,0.537353515625,0.40934091806411743,0.9575405716896057,0.2525822999959928
21/2156a065.jpg,main_object,0.0,0.0,0.0,0.0,0,0.0,,0.9536139965057373,10.270827699998335
21/2156a065.jpg,hint,0.9029012493993273,0.9489733108161429,0.907041998551774,0.9949693860665233,33144,0.5057373046875,0.858988881111145,0.9807694554328918,0.4490767000024789
21/2156a065.jpg,carpet,0.9050213739538804,0.9501430129106683,0.909181636726547,0.9949693860665233,33066,0.504547119140625,0.8566346168518066,0.9808877110481262,0.25329190000047674
21/2156a065.jpg,rug,0.9029012493993273,0.9489733108161429,0.907041998551774,0.9949693860665233,33144,0.5057373046875,0.858988881111145,0.9807694554328918,0.2594270999979926
21/2156a065.jpg,area_rug,0.9071514785757393,0.9513156021074949,0.9113313932339032,0.9949693860665233,32988,0.50335693359375,0.7836345434188843,0.9809554815292358,0.2923670000018319
22/22daf266.jpg,main_object,0.0,0.0,0.0,0.0,0,0.0,,0.9480270147323608,9.797317700002168
22/22daf266.jpg,hint,0.06849597689292346,0.12821007916586213,0.06852425180598555,0.9940119760479041,24225,0.44219115070093457,0.8244031071662903,0.9768282175064087,0.5032223000016529
22/22daf266.jpg,carpet,0.004872929005172801,0.00969859743360191,0.005539457985341742,0.038922155688622756,11734,0.2141866238317757,0.29913750290870667,0.9792306423187256,0.286168099999486
22/22daf266.jpg,rug,0.0,0.0,0.0,0.0,0,0.0,,,0.27270339999813586
22/22daf266.jpg,area_rug,0.0046718408560018085,0.009300232505812646,0.005315956443453657,0.037125748502994015,11663,0.212890625,0.3100624978542328,0.9832152128219604,0.3103352999969502
23/236fe5cb.jpg,main_object,1.0,1.0,1.0,1.0,20975,0.3200531005859375,,1.0112231969833374,10.108509400000912
23/236fe5cb.jpg,hint,0.9972840329727927,0.9986401698594842,0.9994269888262821,0.9978545887961859,20942,0.319549560546875,0.7446632385253906,1.0002626180648804,0.4723957000023802
23/236fe5cb.jpg,carpet,0.9972840329727927,0.9986401698594842,0.9994269888262821,0.9978545887961859,20942,0.319549560546875,0.7315691113471985,0.9997470378875732,0.2822537000029115
23/236fe5cb.jpg,rug,0.9972840329727927,0.9986401698594842,0.9994269888262821,0.9978545887961859,20942,0.319549560546875,0.7446632385253906,1.0002626180648804,0.2561395000011544
23/236fe5cb.jpg,area_rug,0.9972840329727927,0.9986401698594842,0.9994269888262821,0.9978545887961859,20942,0.319549560546875,0.745374321937561,0.9989414811134338,0.26006049999705283
23/237122ba.jpg,main_object,0.0,0.0,0.0,0.0,0,0.0,,0.9069185256958008,11.589917999997851
23/237122ba.jpg,hint,0.12210271802567951,0.21763197978972396,0.12350051651803597,0.9151695047648805,47433,0.7237701416015625,0.8029601573944092,0.967046856880188,0.45654739999736194
23/237122ba.jpg,carpet,0.0,0.0,0.0,0.0,0,0.0,,,0.25769040000159293
23/237122ba.jpg,rug,0.0,0.0,0.0,0.0,0,0.0,,,0.30785130000003846
23/237122ba.jpg,area_rug,0.0,0.0,0.0,0.0,0,0.0,,,0.28001109999604523
25/256d9dac.jpg,main_object,1.0,1.0,1.0,1.0,867,0.017279177295918366,,0.9002768993377686,9.944921300004353
25/256d9dac.jpg,hint,0.05840350286291681,0.11036150712830957,0.05840350286291681,1.0,14845,0.29585857780612246,0.7286624908447266,0.9736623764038086,0.5280150000035064
25/256d9dac.jpg,carpet,0.0,0.0,0.0,0.0,2740,0.054607780612244895,0.6962473392486572,0.9807613492012024,0.3660216999996919
25/256d9dac.jpg,rug,0.0,0.0,0.0,0.0,2740,0.054607780612244895,0.6774266362190247,0.9811911582946777,0.3253288000050816
25/256d9dac.jpg,area_rug,0.0,0.0,0.0,0.0,2699,0.053790656887755105,0.6758984327316284,0.9791272282600403,0.30605719999584835
26/26f44697.jpg,main_object,1.0,1.0,1.0,1.0,10644,0.16241455078125,,1.0078959465026855,10.113461200002348
26/26f44697.jpg,hint,0.0,0.0,0.0,0.0,0,0.0,,,0.25565540000388864
26/26f44697.jpg,carpet,0.0,0.0,0.0,0.0,0,0.0,,,0.2802871999956551
26/26f44697.jpg,rug,0.0,0.0,0.0,0.0,0,0.0,,,0.2828483999983291
26/26f44697.jpg,area_rug,0.0,0.0,0.0,0.0,0,0.0,,,0.2673395000019809
27/27df8881.jpg,main_object,1.0,1.0,1.0,1.0,15490,0.236358642578125,,0.9984498620033264,10.583726600001683
27/27df8881.jpg,hint,0.9963244776889347,0.9981588552601828,0.998836382442304,0.9974822466107166,15469,0.2360382080078125,0.5484627485275269,0.9935144782066345,0.46821120000095107
27/27df8881.jpg,carpet,0.0,0.0,0.0,0.0,0,0.0,,,0.24656580000009853
27/27df8881.jpg,rug,0.0,0.0,0.0,0.0,2326,0.035491943359375,0.2723976969718933,0.9645292162895203,0.258751300003496
27/27df8881.jpg,area_rug,0.0,0.0,0.0,0.0,0,0.0,,,0.2514028000005055
28/28215d4c.jpg,main_object,1.0,1.0,1.0,1.0,61445,0.9375762939453125,,0.9685269594192505,9.690424799999164
28/28215d4c.jpg,hint,0.9985678248840426,0.9992833992931711,1.0,0.9985678248840426,61357,0.9362335205078125,0.837057888507843,0.9764917492866516,0.45412129999749595
28/28215d4c.jpg,carpet,0.8109691594108552,0.8956189620310042,1.0,0.8109691594108552,49830,0.760345458984375,0.4704698324203491,0.9813836812973022,0.25535189999936847
28/28215d4c.jpg,rug,0.8077142159654976,0.8936304298897142,1.0,0.8077142159654976,49630,0.757293701171875,0.5145902037620544,0.9802007675170898,0.25041179999971064
28/28215d4c.jpg,area_rug,0.8127431035885752,0.896699705523235,1.0,0.8127431035885752,49939,0.7620086669921875,0.5635296106338501,0.9821510314941406,0.25963790000241715
2b/2b1a39bf.jpg,main_object,0.0,0.0,0.0,0.0,0,0.0,,0.8836237192153931,9.889798500000325
2b/2b1a39bf.jpg,hint,0.5700286849466388,0.7261379239908762,0.7667641278818962,0.6896001724323741,41726,0.636688232421875,0.8615856170654297,0.9617864489555359,0.4880690999998478
2b/2b1a39bf.jpg,carpet,0.5698179745663092,0.7259669385856431,0.7664095438865466,0.6895786183856019,41744,0.636962890625,0.8489238619804382,0.9613235592842102,0.2528343000012683
2b/2b1a39bf.jpg,rug,0.5700286849466388,0.7261379239908762,0.7667641278818962,0.6896001724323741,41726,0.636688232421875,0.8615856170654297,0.9617864489555359,0.2501014999943436
2b/2b1a39bf.jpg,area_rug,0.5700495137676771,0.7261548234867048,0.7664822664463443,0.6898588209936416,41757,0.6371612548828125,0.7940505146980286,0.9621903896331787,0.25071520000346936
2c/2cc8fc8f.jpg,main_object,1.0,1.0,1.0,1.0,22924,0.34979248046875,,0.9206782579421997,10.438941100001102
2c/2cc8fc8f.jpg,hint,0.8766615990332515,0.9342777616218686,0.8917836466016338,0.9810242540568836,25218,0.384796142578125,0.7537705302238464,0.9762953519821167,0.4611473999975715
2c/2cc8fc8f.jpg,carpet,0.8781145044130282,0.9351022020752324,0.8934318750745023,0.9808497644390158,25167,0.3840179443359375,0.7222666144371033,0.976157009601593,0.2590234000017517
2c/2cc8fc8f.jpg,rug,0.8766615990332515,0.9342777616218686,0.8917836466016338,0.9810242540568836,25218,0.384796142578125,0.7537705302238464,0.9762953519821167,0.25528570000460604
2c/2cc8fc8f.jpg,area_rug,0.8754768392370572,0.9336045329071626,0.8904858059151918,0.9811114988658175,25257,0.3853912353515625,0.7560096979141235,0.9762784838676453,0.260342399997171
2e/2e3b78ed.jpg,main_object,1.0,1.0,1.0,1.0,8672,0.13232421875,,0.9608498215675354,10.18687289999798
2e/2e3b78ed.jpg,hint,0.1365583270345175,0.2403014852582576,0.1365583270345175,1.0,63504,0.968994140625,0.4555570185184479,0.9829726219177246,0.46263960000214865
2e/2e3b78ed.jpg,carpet,0.1365583270345175,0.2403014852582576,0.1365583270345175,1.0,63504,0.968994140625,0.2780933082103729,0.9835279583930969,0.2559296999970684
2e/2e3b78ed.jpg,rug,0.1568457225538072,0.2711610018448454,0.1568457225538072,1.0,55290,0.843658447265625,0.3075815439224243,0.9704832434654236,0.2569165000022622
2e/2e3b78ed.jpg,area_rug,0.15798870468209145,0.2728674365186747,0.15798870468209145,1.0,54890,0.837554931640625,0.3389247953891754,0.9720293283462524,0.26065599999856204
2e/2e4dc35f.jpg,main_object,1.0,1.0,1.0,1.0,41059,0.6265106201171875,,1.010903239250183,10.18693109999731
2e/2e4dc35f.jpg,hint,0.9928649701692439,0.9964197123550472,0.9998528618372652,0.9930100586960228,40778,0.622222900390625,0.8135514855384827,0.9754806160926819,0.46677400000044145
2e/2e4dc35f.jpg,carpet,0.9933761932593026,0.996677091477717,0.9998774419687723,0.9934971626196449,40797,0.6225128173828125,0.7780656814575195,0.9765956997871399,0.2625980000011623
2e/2e4dc35f.jpg,rug,0.9928649701692439,0.9964197123550472,0.9998528618372652,0.9930100586960228,40778,0.622222900390625,0.8135514855384827,0.9754806160926819,0.24798310000187485
2e/2e4dc35f.jpg,area_rug,0.992791915256301,0.9963829215240609,0.9998528510116493,0.9929369931074795,40775,0.6221771240234375,0.7249463796615601,0.9747958779335022,0.2521160999967833
2e/2ef410af.jpg,main_object,1.0,1.0,1.0,1.0,612,0.00933837890625,,0.9552994966506958,9.941927300002135
2e/2ef410af.jpg,hint,0.0,0.0,0.0,0.0,6398,0.097625732421875,0.6702550649642944,0.9741159677505493,0.45654880000074627
2e/2ef410af.jpg,carpet,0.0,0.0,0.0,0.0,6394,0.097564697265625,0.7012733221054077,0.9745217561721802,0.25338579999515787
2e/2ef410af.jpg,rug,0.0,0.0,0.0,0.0,6398,0.097625732421875,0.6702550649642944,0.9741159677505493,0.24940360000618966
2e/2ef410af.jpg,area_rug,0.0,0.0,0.0,0.0,6408,0.0977783203125,0.7179023027420044,0.9736722111701965,0.2641088000018499
30/300958b4.jpg,main_object,1.0,1.0,1.0,1.0,61331,0.9358367919921875,,1.0056097507476807,9.682210400002077
30/300958b4.jpg,hint,0.9957281616476626,0.9978595089078612,0.9961812213591602,0.999543460892534,61538,0.938995361328125,0.7035162448883057,0.9590588212013245,0.45189319999917643
30/300958b4.jpg,carpet,0.5760056089090346,0.7309689834261003,1.0,0.5760056089090346,35327,0.5390472412109375,0.43286800384521484,0.9642856121063232,0.28490940000483533
30/300958b4.jpg,rug,0.571374997961879,0.7272293357129517,1.0,0.571374997961879,35043,0.5347137451171875,0.4552314877510071,0.9634886980056763,0.27404870000464143
30/300958b4.jpg,area_rug,0.5707880191094227,0.726753721273018,1.0,0.5707880191094227,35007,0.5341644287109375,0.4727400541305542,0.9627866744995117,0.25600609999673907
30/300f359a.jpg,main_object,1.0,1.0,1.0,1.0,36782,0.561248779296875,,0.9847120046615601,9.785504800005583
30/300f359a.jpg,hint,0.9659186462055918,0.9826639042972666,0.9665027739068703,0.9993746941438747,38033,0.5803375244140625,0.31610822677612305,0.992816686630249,0.44562969999969937
30/300f359a.jpg,carpet,0.0,0.0,0.0,0.0,0,0.0,,,0.24413690000073984
30/300f359a.jpg,rug,0.9665763799405686,0.9830041586991696,0.9672377042709402,0.999293132510467,38001,0.5798492431640625,0.25570598244667053,0.9922279119491577,0.256729799999448
30/300f359a.jpg,area_rug,0.0,0.0,0.0,0.0,0,0.0,,,0.2527031999998144
30/30366fa9.jpg,main_object,1.0,1.0,1.0,1.0,15755,0.2404022216796875,,1.00114905834198,9.823546999999962
30/30366fa9.jpg,hint,0.0,0.0,0.0,0.0,45156,0.68902587890625,0.8600155711174011,0.957897424697876,0.4410143999994034
30/30366fa9.jpg,carpet,0.0,0.0,0.0,0.0,44534,0.679534912109375,0.8444207906723022,0.9536087512969971,0.2604667999985395
30/30366fa9.jpg,rug,0.0,0.0,0.0,0.0,45156,0.68902587890625,0.8600155711174011,0.957897424697876,0.24691190000157803
30/30366fa9.jpg,area_rug,0.0,0.0,0.0,0.0,44538,0.679595947265625,0.7870169878005981,0.9565002918243408,0.2567722000021604
31/31347f65.jpg,main_object,0.0,0.0,0.0,0.0,0,0.0,,0.9142067432403564,10.038348300004145
31/31347f65.jpg,hint,0.9961089494163424,0.9980506822612085,0.9981134448497044,0.9979879275653923,7951,0.1213226318359375,0.7695155739784241,0.9483321309089661,0.4494233000004897
31/31347f65.jpg,carpet,0.0,0.0,0.0,0.0,14046,0.214324951171875,0.6129196882247925,0.9706929922103882,0.24904809999861754
31/31347f65.jpg,rug,0.0,0.0,0.0,0.0,13923,0.2124481201171875,0.599795401096344,0.9711623191833496,0.26013110000349116
31/31347f65.jpg,area_rug,0.0,0.0,0.0,0.0,14075,0.2147674560546875,0.6412050127983093,0.9707323312759399,0.2576942000014242
31/31a48655.jpg,main_object,0.0,0.0,0.0,0.0,0,0.0,,0.9249423742294312,9.910604899996542
31/31a48655.jpg,hint,0.16374844252082105,0.2814155302603404,0.16378872107705678,0.9985004498650405,60981,0.9304962158203125,0.6433536410331726,0.9415276050567627,0.4662889999963227
31/31a48655.jpg,carpet,0.0,0.0,0.0,0.0,525,0.0080108642578125,0.35291317105293274,0.992791473865509,0.253705600000103
31/31a48655.jpg,rug,0.0,0.0,0.0,0.0,0,0.0,,,0.25284670000110054
31/31a48655.jpg,area_rug,0.0,0.0,0.0,0.0,525,0.0080108642578125,0.36133530735969543,0.9938175082206726,0.26501969999662833
31/31be17e1.jpg,main_object,1.0,1.0,1.0,1.0,12926,0.197235107421875,,0.9924995303153992,10.954094200002146
31/31be17e1.jpg,hint,0.9964465044418694,0.9982200897693856,0.9985291840842235,0.9979111867553767,12918,0.197113037109375,0.8115262985229492,0.9952148795127869,0.46011710000311723
31/31be17e1.jpg,carpet,0.9962922910551522,0.9981427023680545,0.9984517727202353,0.9978338233018722,12918,0.197113037109375,0.7669385075569153,0.9962996244430542,0.261852399999043
31/31be17e1.jpg,rug,0.9964465044418694,0.9982200897693856,0.9985291840842235,0.9979111867553767,12918,0.197113037109375,0.8115262985229492,0.9952148795127869,0.26335589999507647
31/31be17e1.jpg,area_rug,0.9964465044418694,0.9982200897693856,0.9985291840842235,0.9979111867553767,12918,0.197113037109375,0.7771095037460327,0.995955765247345,0.25306970000383444
31/31c513f5.jpg,main_object,1.0,1.0,1.0,1.0,1035,0.0157928466796875,,0.9351685643196106,10.132742400004645
31/31c513f5.jpg,hint,0.05810363217874586,0.10982597623089983,0.05810363217874586,1.0,17813,0.2718048095703125,0.55414217710495,0.9824870228767395,0.4788034000011976
31/31c513f5.jpg,carpet,0.0,0.0,0.0,0.0,1148,0.01751708984375,0.5747619271278381,0.9742608666419983,0.26183100000343984
31/31c513f5.jpg,rug,0.0,0.0,0.0,0.0,1152,0.017578125,0.5596286058425903,0.9732502102851868,0.2645252000002074
31/31c513f5.jpg,area_rug,0.0,0.0,0.0,0.0,1090,0.016632080078125,0.5190430879592896,0.9706814289093018,0.2728930000012042
33/336f1651.jpg,main_object,1.0,1.0,1.0,1.0,36672,0.5595703125,,1.0003174543380737,10.277001399997971
33/336f1651.jpg,hint,0.7656589276766327,0.8672784031785072,0.7656589276766327,1.0,47896,0.7308349609375,0.8026829361915588,0.9748207330703735,0.44347019999986514
33/336f1651.jpg,carpet,0.7655470429826942,0.8672066213420041,0.7655470429826942,1.0,47903,0.7309417724609375,0.7600980401039124,0.9748461246490479,0.3649327000021003
33/336f1651.jpg,rug,0.7656589276766327,0.8672784031785072,0.7656589276766327,1.0,47896,0.7308349609375,0.8026829361915588,0.9748207330703735,0.2814818999977433
33/336f1651.jpg,area_rug,0.7659307838509576,0.8674527799789477,0.7659307838509576,1.0,47879,0.7305755615234375,0.7737259268760681,0.9769234657287598,0.32420920000004116
34/3489b1a0.jpg,main_object,1.0,1.0,1.0,1.0,30899,0.8810161952554745,,0.924423336982727,10.62995729999966
34/3489b1a0.jpg,hint,0.9947841205447696,0.9973852411388727,0.9948481823743439,0.9999352729861808,31057,0.8855212135036497,0.7267171740531921,0.9656813740730286,0.5400517000016407
34/3489b1a0.jpg,carpet,0.994816150428231,0.9974013396820273,0.9948802163833076,0.9999352729861808,31056,0.885492700729927,0.3887685239315033,0.9656105041503906,0.35523100000136765
34/3489b1a0.jpg,rug,0.994816150428231,0.9974013396820273,0.9948802163833076,0.9999352729861808,31056,0.885492700729927,0.42300453782081604,0.9655748605728149,0.33746850000170525
34/3489b1a0.jpg,area_rug,0.994816150428231,0.9974013396820273,0.9948802163833076,0.9999352729861808,31056,0.885492700729927,0.3740476667881012,0.9659186005592346,0.3371966999984579
34/348b756e.jpg,main_object,1.0,1.0,1.0,1.0,614,0.009368896484375,,0.9550726413726807,10.029582199997094
34/348b756e.jpg,hint,0.0,0.0,0.0,0.0,9584,0.146240234375,0.7027285099029541,0.9649870991706848,0.4581294999952661
34/348b756e.jpg,carpet,0.0,0.0,0.0,0.0,9583,0.1462249755859375,0.7560939788818359,0.9642145037651062,0.25560500000574393
34/348b756e.jpg,rug,0.0,0.0,0.0,0.0,9584,0.146240234375,0.7027285099029541,0.9649870991706848,0.2543742999987444
34/348b756e.jpg,area_rug,0.0,0.0,0.0,0.0,15203,0.2319793701171875,0.7848552465438843,0.9587008953094482,0.2510885000010603
38/385b4be9.jpg,main_object,0.0,0.0,0.0,0.0,0,0.0,,0.8963941335678101,9.61596269999427
38/385b4be9.jpg,hint,0.03212572143800849,0.062251566394933636,0.032216824341600614,0.9190981432360743,43021,0.6564483642578125,0.6991950273513794,0.9687596559524536,0.4688819000002695
38/385b4be9.jpg,carpet,0.0,0.0,0.0,0.0,0,0.0,,,0.2559849999961443
38/385b4be9.jpg,rug,0.0,0.0,0.0,0.0,0,0.0,,,0.25061220000497997
38/385b4be9.jpg,area_rug,0.03222499242724328,0.06243792325056433,0.032319125070106564,0.9171087533156499,42792,0.6529541015625,0.36429888010025024,0.9702077507972717,0.24834389999887208
38/3860a41b.jpg,main_object,1.0,1.0,1.0,1.0,908,0.01385498046875,,0.9279042482376099,9.88949020000291
38/3860a41b.jpg,hint,0.03480250481695568,0.0672640521354591,0.034859876965140126,0.9548458149779736,24871,0.3795013427734375,0.49530696868896484,0.9284822344779968,0.46004030000040075
38/3860a41b.jpg,carpet,0.0,0.0,0.0,0.0,2720,0.04150390625,0.39415445923805237,0.962946891784668,0.2581404000011389
38/3860a41b.jpg,rug,0.0,0.0,0.0,0.0,1203,0.0183563232421875,0.366474449634552,0.9539168477058411,0.26022760000341805
38/3860a41b.jpg,area_rug,0.0,0.0,0.0,0.0,2721,0.0415191650390625,0.3743334114551544,0.9630053043365479,0.2596737999992911
39/390f58df.jpg,main_object,1.0,1.0,1.0,1.0,745,0.0113677978515625,,0.936660885810852,9.803286399997887
39/390f58df.jpg,hint,0.03561866513673743,0.06878722127325608,0.03561866513673743,1.0,20916,0.31915283203125,0.645960807800293,0.9991074204444885,0.4547457999942708
39/390f58df.jpg,carpet,0.0,0.0,0.0,0.0,5232,0.079833984375,0.6976919770240784,0.9659387469291687,0.2583082999990438
39/390f58df.jpg,rug,0.0,0.0,0.0,0.0,5229,0.0797882080078125,0.6567778587341309,0.9658501744270325,0.2509983999989345
39/390f58df.jpg,area_rug,0.0,0.0,0.0,0.0,5233,0.0798492431640625,0.6870057582855225,0.964924693107605,0.25183690000267234
39/39a52159.jpg,main_object,0.0,0.0,0.0,0.0,0,0.0,,0.898105263710022,9.790190300001996
39/39a52159.jpg,hint,0.36752328582650656,0.5375020515345479,0.9968799939121833,0.3679465213605595,13141,0.2005157470703125,0.7959926128387451,0.9648785591125488,0.4606860999992932
39/39a52159.jpg,carpet,0.367326899337897,0.5372919958142685,0.9968783310491853,0.3677499087155577,13134,0.200408935546875,0.7355859875679016,0.9649815559387207,0.25286639999831095
39/39a52159.jpg,rug,0.36752328582650656,0.5375020515345479,0.9968799939121833,0.3679465213605595,13141,0.2005157470703125,0.7959926128387451,0.9648785591125488,0.2544181999983266
39/39a52159.jpg,area_rug,0.36757939625182356,0.5375620563738563,0.9968804686905577,0.36800269640198857,13143,0.2005462646484375,0.7467937469482422,0.9645349383354187,0.25874689999909606
3a/3a076e29.jpg,main_object,1.0,1.0,1.0,1.0,20010,0.305328369140625,,0.9804854989051819,9.983282300003339
3a/3a076e29.jpg,hint,0.0,0.0,0.0,0.0,20160,0.3076171875,0.5696500539779663,0.9470351934432983,0.46830830000544665
3a/3a076e29.jpg,carpet,0.9979525593008739,0.9989752305731211,0.9992499624981249,0.9987006496751624,19999,0.3051605224609375,0.700355589389801,1.0005730390548706,0.2582756000047084
3a/3a076e29.jpg,rug,0.9979525593008739,0.9989752305731211,0.9992499624981249,0.9987006496751624,19999,0.3051605224609375,0.742727518081665,1.000174880027771,0.25416759999643546
3a/3a076e29.jpg,area_rug,0.9979525593008739,0.9989752305731211,0.9992499624981249,0.9987006496751624,19999,0.3051605224609375,0.70939040184021,1.0003297328948975,0.2618637999985367
3c/3ca993cf.jpg,main_object,1.0,1.0,1.0,1.0,11974,0.26277212078651685,,0.9433343410491943,10.013451700004225
3c/3ca993cf.jpg,hint,0.9948406424232338,0.997413649257467,0.9964160693448908,0.9984132286621012,11998,0.2632988061797753,0.5610669255256653,0.9892333745956421,0.5465302999946289
3c/3ca993cf.jpg,carpet,0.0,0.0,0.0,0.0,816,0.017907303370786515,0.36735859513282776,0.9633323550224304,0.33204359999945154
3c/3ca993cf.jpg,rug,0.0,0.0,0.0,0.0,0,0.0,,,0.3205586000040057
3c/3ca993cf.jpg,area_rug,0.0,0.0,0.0,0.0,818,0.01795119382022472,0.39180606603622437,0.9646160006523132,0.3345733000023756
3d/3d172f30.jpg,main_object,1.0,1.0,1.0,1.0,29084,0.44378662109375,,1.00972318649292,10.159478699999454
3d/3d172f30.jpg,hint,0.6623613710008671,0.7968921590160334,0.6632391920299789,0.9980057763718884,43764,0.66778564453125,0.8342627882957458,0.9746197462081909,0.4639379999935045
3d/3d172f30.jpg,carpet,0.6624823115899028,0.7969796814936848,0.6633604534235304,0.9980057763718884,43756,0.66766357421875,0.8144403696060181,0.9733801484107971,0.27641790000052424
3d/3d172f30.jpg,rug,0.6623613710008671,0.7968921590160334,0.6632391920299789,0.9980057763718884,43764,0.66778564453125,0.8342627882957458,0.9746197462081909,0.2562924999947427
3d/3d172f30.jpg,area_rug,0.6633299051536967,0.7975927121834595,0.6642407598123355,0.9979370100398844,43695,0.6667327880859375,0.7829199433326721,0.9746263027191162,0.2633425999956671
3d/3d68d6f3.jpg,main_object,1.0,1.0,1.0,1.0,5259,0.0802459716796875,,0.8846800327301025,9.833426700002747
3d/3d68d6f3.jpg,hint,0.30191610564474364,0.4638027048528242,0.30212471929521506,0.9977181973759269,17367,0.2649993896484375,0.8630177974700928,0.9609792232513428,0.46015419999457663
3d/3d68d6f3.jpg,carpet,0.0,0.0,0.0,0.0,8716,0.13299560546875,0.6687328219413757,0.949235200881958,0.25824529999954393
3d/3d68d6f3.jpg,rug,0.0,0.0,0.0,0.0,8712,0.1329345703125,0.6161936521530151,0.9484424591064453,0.2573956999985967
3d/3d68d6f3.jpg,area_rug,0.0,0.0,0.0,0.0,8712,0.1329345703125,0.6603882908821106,0.9486693739891052,0.2515233000012813
41/4141f557.jpg,main_object,1.0,1.0,1.0,1.0,17581,0.2682647705078125,,0.9989492297172546,10.143219099998532
41/4141f557.jpg,hint,0.0,0.0,0.0,0.0,6285,0.0959014892578125,0.6754427552223206,0.9579516053199768,0.45255270000052406
41/4141f557.jpg,carpet,0.0,0.0,0.0,0.0,0,0.0,,,0.29733950000081677
41/4141f557.jpg,rug,0.0,0.0,0.0,0.0,0,0.0,,,0.2740484999958426
41/4141f557.jpg,area_rug,0.0,0.0,0.0,0.0,0,0.0,,,0.2795089999999618
41/41c3d695.jpg,main_object,1.0,1.0,1.0,1.0,39562,0.603668212890625,,1.0349349975585938,10.121265200003108
41/41c3d695.jpg,hint,0.9179951270449008,0.9572444831591173,0.9180164292012809,0.9999747232192508,43094,0.657562255859375,0.8357036709785461,0.9841006994247437,0.4565121999985422
41/41c3d695.jpg,carpet,0.9179951270449008,0.9572444831591173,0.9180164292012809,0.9999747232192508,43094,0.657562255859375,0.8150215744972229,0.9842347502708435,0.2587012000003597
41/41c3d695.jpg,rug,0.9179951270449008,0.9572444831591173,0.9180164292012809,0.9999747232192508,43094,0.657562255859375,0.8357036709785461,0.9841006994247437,0.25737640000443207
41/41c3d695.jpg,area_rug,0.9179951270449008,0.9572444831591173,0.9180164292012809,0.9999747232192508,43094,0.657562255859375,0.7826456427574158,0.9840843677520752,0.2693481999958749
43/432bf992.jpg,main_object,1.0,1.0,1.0,1.0,51923,0.7922821044921875,,1.0090903043746948,10.156987700000172
43/432bf992.jpg,hint,0.0,0.0,0.0,0.0,10678,0.162933349609375,0.37697887420654297,0.9485465288162231,0.45002190000377595
43/432bf992.jpg,carpet,0.07158125830492808,0.13359930989864136,0.998925020155872,0.07158677272114478,3721,0.0567779541015625,0.27835971117019653,0.7939271330833435,0.26149420000001555
43/432bf992.jpg,rug,0.0,0.0,0.0,0.0,0,0.0,,,0.26235109999834094
43/432bf992.jpg,area_rug,0.04566025381785969,0.08733286677225681,0.9983157894736842,0.04566377135373534,2375,0.0362396240234375,0.2756793797016144,0.7777509093284607,0.26506700000027195
45/4514df74.jpg,main_object,0.0,0.0,0.0,0.0,0,0.0,,0.8963941335678101,9.782508100004634
45/4514df74.jpg,hint,0.032138385196865,0.06227534148094896,0.032229560040926426,0.9190981432360743,43004,0.65618896484375,0.6985297203063965,0.9687439203262329,0.46142890000191983
45/4514df74.jpg,carpet,0.0,0.0,0.0,0.0,0,0.0,,,0.2550965000045835
45/4514df74.jpg,rug,0.0,0.0,0.0,0.0,0,0.0,,,0.25896579999971436
45/4514df74.jpg,area_rug,0.03222499242724328,0.06243792325056433,0.032319125070106564,0.9171087533156499,42792,0.6529541015625,0.3624825179576874,0.970187783241272,0.251085999996576
45/457c5eb9.jpg,main_object,1.0,1.0,1.0,1.0,1926,0.029388427734375,,0.9556854963302612,10.842956099993899
45/457c5eb9.jpg,hint,0.030328798185941044,0.05887207702888583,0.030328798185941044,1.0,63504,0.968994140625,0.7856451272964478,1.0232452154159546,0.602250500000082
45/457c5eb9.jpg,carpet,0.030328798185941044,0.05887207702888583,0.030328798185941044,1.0,63504,0.968994140625,0.8446040153503418,1.0232081413269043,0.29928340000333264
45/457c5eb9.jpg,rug,0.030328798185941044,0.05887207702888583,0.030328798185941044,1.0,63504,0.968994140625,0.8783637285232544,1.023223638534546,0.2792690000060247
45/457c5eb9.jpg,area_rug,0.030328798185941044,0.05887207702888583,0.030328798185941044,1.0,63504,0.968994140625,0.7672911286354065,1.02324378490448,0.3051878000042052
45/4595acf0.jpg,main_object,0.0,0.0,0.0,0.0,0,0.0,,0.8986033797264099,10.177406500006327
45/4595acf0.jpg,hint,0.0,0.0,0.0,0.0,11958,0.2432861328125,0.4345362186431885,0.9557506442070007,0.5188328000003821
45/4595acf0.jpg,carpet,0.0,0.0,0.0,0.0,9376,0.19075520833333334,0.6655788421630859,0.9883237481117249,0.3122693000041181
45/4595acf0.jpg,rug,0.0,0.0,0.0,0.0,9376,0.19075520833333334,0.6561580300331116,0.9883323907852173,0.31540189999941504
45/4595acf0.jpg,area_rug,0.0,0.0,0.0,0.0,9380,0.19083658854166666,0.6539126038551331,0.988269031047821,0.32798539999930654
49/495ccaba.jpg,main_object,1.0,1.0,1.0,1.0,1742,0.026580810546875,,0.9366415143013,9.823086799995508
49/495ccaba.jpg,hint,0.0,0.0,0.0,0.0,13950,0.212860107421875,0.7404357194900513,0.9491032361984253,0.45050159999664174
49/495ccaba.jpg,carpet,0.0,0.0,0.0,0.0,13971,0.2131805419921875,0.7633256316184998,0.950788140296936,0.2591173000037088
49/495ccaba.jpg,rug,0.0,0.0,0.0,0.0,13950,0.212860107421875,0.7404357194900513,0.9491032361984253,0.2604771000042092
49/495ccaba.jpg,area_rug,0.0,0.0,0.0,0.0,14002,0.213653564453125,0.7272200584411621,0.9509842395782471,0.2543816000033985
4a/4a03d9a1.jpg,main_object,1.0,1.0,1.0,1.0,11068,0.16888427734375,,1.0118505954742432,10.003487800000585
4a/4a03d9a1.jpg,hint,0.9927243330638642,0.9963488843813387,0.9941530988576055,0.9985543910372244,11117,0.1696319580078125,0.8403599858283997,0.964306116104126,0.4535923000003095
4a/4a03d9a1.jpg,carpet,0.0,0.0,0.0,0.0,20072,0.3062744140625,0.3669591248035431,0.9920192360877991,0.25180489999911515
4a/4a03d9a1.jpg,rug,0.9922793787593142,0.9961247296322999,0.9936174038115786,0.9986447415973979,11124,0.16973876953125,0.378761887550354,0.9640530347824097,0.25055730000167387
4a/4a03d9a1.jpg,area_rug,0.0,0.0,0.0,0.0,20073,0.3062896728515625,0.3864184021949768,0.992637574672699,0.25033540000003995
4a/4a9e8983.jpg,main_object,0.0,0.0,0.0,0.0,0,0.0,,0.9092549085617065,9.79213449999952
4a/4a9e8983.jpg,hint,0.057343293588086,0.10846674667693214,0.057343293588086,1.0,41766,0.9269797585227273,0.6245936155319214,0.9785745143890381,0.5540156999995816
4a/4a9e8983.jpg,carpet,0.05734054778778012,0.10846183456739805,0.05734054778778012,1.0,41768,0.9270241477272727,0.6150172352790833,0.982596755027771,0.35147500000311993
4a/4a9e8983.jpg,rug,0.05734054778778012,0.10846183456739805,0.05734054778778012,1.0,41768,0.9270241477272727,0.6670314073562622,0.9814826250076294,0.34650279999914346
4a/4a9e8983.jpg,area_rug,0.05734054778778012,0.10846183456739805,0.05734054778778012,1.0,41768,0.9270241477272727,0.6624449491500854,0.9812132120132446,0.3367545000000973
4a/4afb9a74.jpg,main_object,1.0,1.0,1.0,1.0,19996,0.30511474609375,,0.9994252920150757,9.85071710000193
4a/4afb9a74.jpg,hint,0.9975008746938572,0.998748873986588,0.9994491185897436,0.9980496099219844,19968,0.3046875,0.763225257396698,1.0060675144195557,0.4546612999984063
4a/4afb9a74.jpg,carpet,0.9975008746938572,0.998748873986588,0.9994491185897436,0.9980496099219844,19968,0.3046875,0.6840481758117676,1.0059090852737427,0.26235060000180965
4a/4afb9a74.jpg,rug,0.9975008746938572,0.998748873986588,0.9994491185897436,0.9980496099219844,19968,0.3046875,0.763225257396698,1.0060675144195557,0.2607224000021233
4a/4afb9a74.jpg,area_rug,0.9975008746938572,0.998748873986588,0.9994491185897436,0.9980496099219844,19968,0.3046875,0.716045081615448,1.0060597658157349,0.24797369999578223
4b/4b867235.jpg,main_object,1.0,1.0,1.0,1.0,60766,0.9308517156862746,,0.9956339597702026,9.926843299996108
4b/4b867235.jpg,hint,0.9964140608293718,0.998203809900468,0.9995544701495,0.9968567949182109,60602,0.9283394607843137,0.576155960559845,0.9696741104125977,0.45585239999491023
4b/4b867235.jpg,carpet,0.9963641747828376,0.9981787765663758,0.9997028771396973,0.9966593160649048,60581,0.9280177696078431,0.4420735836029053,0.9698742628097534,0.2650281000023824
4b/4b867235.jpg,rug,0.9969394806989831,0.9984673950660009,0.999867978084362,0.9970707303426258,60596,0.9282475490196078,0.4540882408618927,0.9704391360282898,0.25398040000436595
4b/4b867235.jpg,area_rug,0.5268900371918507,0.6901479796945561,1.0,0.5268900371918507,32017,0.49045649509803924,0.43299952149391174,0.9766446352005005,0.3347829999984242
4e/4e931073.jpg,main_object,1.0,1.0,1.0,1.0,13598,0.207489013671875,,1.0014547109603882,9.92842479999672
4e/4e931073.jpg,hint,0.9945604234048809,0.9972727942802389,0.9995567375886525,0.9949992645977349,13536,0.20654296875,0.7999299764633179,0.9931955933570862,0.4510311999983969
4e/4e931073.jpg,carpet,0.9941928844457513,0.9970879870249548,0.9995565737935111,0.9946315634652154,13531,0.2064666748046875,0.7594602108001709,0.9943327307701111,0.24923069999931613
4e/4e931073.jpg,rug,0.9945604234048809,0.9972727942802389,0.9995567375886525,0.9949992645977349,13536,0.20654296875,0.7999299764633179,0.9931955933570862,0.2591954999952577
4e/4e931073.jpg,area_rug,0.9944877260032339,0.9972362457161809,0.9994091144102223,0.9950728048242389,13539,0.2065887451171875,0.7701966762542725,0.9929934740066528,0.26290549999976065
4f/4f4b1fd2.jpg,main_object,1.0,1.0,1.0,1.0,614,0.009368896484375,,0.9555778503417969,9.940414299999247
4f/4f4b1fd2.jpg,hint,0.0,0.0,0.0,0.0,7362,0.112335205078125,0.7033693790435791,0.9791410565376282,0.43891440000152215
4f/4f4b1fd2.jpg,carpet,0.0,0.0,0.0,0.0,7362,0.112335205078125,0.7265861630439758,0.9793196320533752,0.245752499999071
4f/4f4b1fd2.jpg,rug,0.0,0.0,0.0,0.0,7362,0.112335205078125,0.7033693790435791,0.9791410565376282,0.25439129999722354
4f/4f4b1fd2.jpg,area_rug,0.0,0.0,0.0,0.0,7376,0.112548828125,0.7408966422080994,0.977457582950592,0.25668640000367304
4f/4f6c66b2.jpg,main_object,1.0,1.0,1.0,1.0,12240,0.186767578125,,0.9999340176582336,9.976386900001671
4f/4f6c66b2.jpg,hint,0.9961660820621584,0.9980793592415512,0.9984465701904995,0.9977124183006536,12231,0.1866302490234375,0.849090576171875,0.988207995891571,0.45372130000032485
4f/4f6c66b2.jpg,carpet,0.0,0.0,0.0,0.0,9051,0.1381072998046875,0.6813369989395142,0.9540501236915588,0.25954839999758406
4f/4f6c66b2.jpg,rug,0.0,0.0,0.0,0.0,9037,0.1378936767578125,0.6334614157676697,0.9542860984802246,0.25485659999685595
4f/4f6c66b2.jpg,area_rug,0.0,0.0,0.0,0.0,9107,0.1389617919921875,0.6611973643302917,0.9557385444641113,0.25480009999591857
4f/4fc37199.jpg,main_object,1.0,1.0,1.0,1.0,13013,0.1985626220703125,,1.005703091621399,10.055451000000176
4f/4fc37199.jpg,hint,0.9967774111869869,0.9983861051337227,0.9984628391361156,0.9983093829247676,13011,0.1985321044921875,0.7259888052940369,0.9961528182029724,0.4529973000026075
4f/4fc37199.jpg,carpet,0.9968543808500844,0.998424712798248,0.9983863531581374,0.9984630753861523,13014,0.198577880859375,0.7504051327705383,0.996392548084259,0.2505901999975322
4f/4fc37199.jpg,rug,0.9967774111869869,0.9983861051337227,0.9984628391361156,0.9983093829247676,13011,0.1985321044921875,0.7259888052940369,0.9961528182029724,0.2724554000014905
4f/4fc37199.jpg,area_rug,0.996853898096992,0.9984244706605695,0.9985395849346657,0.9983093829247676,13010,0.198516845703125,0.758223295211792,0.9958280920982361,0.2674524000030942
51/51b9a3f7.jpg,main_object,0.0,0.0,0.0,0.0,0,0.0,,0.937401533126831,9.87076689999958
51/51b9a3f7.jpg,hint,0.0,0.0,0.0,0.0,47596,0.72625732421875,0.8440994620323181,0.9691272974014282,0.45003349999751663
51/51b9a3f7.jpg,carpet,0.0,0.0,0.0,0.0,47605,0.7263946533203125,0.825289249420166,0.9705000519752502,0.2573580000025686
51/51b9a3f7.jpg,rug,0.0,0.0,0.0,0.0,47596,0.72625732421875,0.8440994620323181,0.9691272974014282,0.2481443000069703
51/51b9a3f7.jpg,area_rug,0.0002531300504312947,0.0005061319836480436,0.00028179394359785834,0.0024823372159633377,46133,0.7039337158203125,0.808519184589386,0.9684018492698669,0.25858599999628495
52/526208f0.jpg,main_object,0.0,0.0,0.0,0.0,0,0.0,,0.9701281785964966,9.89539479999803
52/526208f0.jpg,hint,0.894219087972977,0.9441559254160931,0.9294711879023068,0.9593121205378429,32469,0.4954376220703125,0.8462981581687927,0.9775855541229248,0.45979909999732627
52/526208f0.jpg,carpet,0.8945244101498738,0.9443260855943355,0.9309386292738673,0.9581041991163102,32377,0.4940338134765625,0.8291715383529663,0.9775776267051697,0.2660290000058012
52/526208f0.jpg,rug,0.894219087972977,0.9441559254160931,0.9294711879023068,0.9593121205378429,32469,0.4954376220703125,0.8462981581687927,0.9775855541229248,0.25911460000497755
52/526208f0.jpg,area_rug,0.8997517719891138,0.9472308806397783,0.9383089542463275,0.9563241043898407,32063,0.4892425537109375,0.7583193182945251,0.9780985116958618,0.2564076000053319
52/52f369b0.jpg,main_object,0.0,0.0,0.0,0.0,0,0.0,,0.919182538986206,9.769537400003173
52/52f369b0.jpg,hint,0.9463331789408677,0.9724267038964336,0.9741112152948842,0.9707480084255872,62923,0.9601287841796875,0.7924968600273132,0.9667948484420776,0.4556016999995336
52/52f369b0.jpg,carpet,0.9465523897768512,0.9725424239779769,0.974343485725186,0.9707480084255872,62908,0.95989990234375,0.7243240475654602,0.966639518737793,0.24458639999647858
52/52f369b0.jpg,rug,0.9463331789408677,0.9724267038964336,0.9741112152948842,0.9707480084255872,62923,0.9601287841796875,0.7924968600273132,0.9667948484420776,0.25491869999677874
52/52f369b0.jpg,area_rug,0.9466108631526926,0.9725732873180214,0.9744054432150578,0.9707480084255872,62904,0.9598388671875,0.7538610100746155,0.970412015914917,0.2554887000005692
53/532dbe40.jpg,main_object,0.0,0.0,0.0,0.0,0,0.0,,0.8902291059494019,10.096831300004851
53/532dbe40.jpg,hint,0.9911217823440728,0.9955410976191144,0.9918971779826767,0.999211889214141,17895,0.2730560302734375,0.6041823625564575,0.9794878959655762,0.4712465000047814
53/532dbe40.jpg,carpet,0.0,0.0,0.0,0.0,7562,0.115386962890625,0.71766597032547,0.9732447266578674,0.2472810999970534
53/532dbe40.jpg,rug,0.0,0.0,0.0,0.0,7565,0.1154327392578125,0.717954158782959,0.9733403921127319,0.2612479999952484
53/532dbe40.jpg,area_rug,0.0,0.0,0.0,0.0,7575,0.1155853271484375,0.7446856498718262,0.9746879935264587,0.2587935000046855
53/53a28fe3.jpg,main_object,1.0,1.0,1.0,1.0,17348,0.26470947265625,,0.9779552817344666,9.880460200001835
53/53a28fe3.jpg,hint,0.9919267105639851,0.9959469947397166,0.9932916690556735,0.998616555222504,17441,0.2661285400390625,0.4895961284637451,0.9884077310562134,0.4539285999999265
53/53a28fe3.jpg,carpet,0.0,0.0,0.0,0.0,1126,0.017181396484375,0.4473811686038971,0.9773143529891968,0.2599737999989884
53/53a28fe3.jpg,rug,0.0,0.0,0.0,0.0,1126,0.017181396484375,0.4589370787143707,0.9772035479545593,0.2509261000013794
53/53a28fe3.jpg,area_rug,0.0,0.0,0.0,0.0,1072,0.016357421875,0.3975106179714203,0.9711384773254395,0.2503852000008919
53/53ef1692.jpg,main_object,1.0,1.0,1.0,1.0,4327,0.0660247802734375,,0.9501136541366577,9.764333999999508
53/53ef1692.jpg,hint,0.0,0.0,0.0,0.0,31743,0.4843597412109375,0.7327111959457397,0.9700106382369995,0.4517878999977256
53/53ef1692.jpg,carpet,0.0,0.0,0.0,0.0,31801,0.4852447509765625,0.5953131914138794,0.9704259634017944,0.24787329999526264
53/53ef1692.jpg,rug,0.0,0.0,0.0,0.0,31743,0.4843597412109375,0.7327111959457397,0.9700106382369995,0.29269080000085523
53/53ef1692.jpg,area_rug,0.0,0.0,0.0,0.0,31455,0.4799652099609375,0.6356796622276306,0.9707199335098267,0.2480546000006143
53/53f1e699.jpg,main_object,1.0,1.0,1.0,1.0,5293,0.17229817708333334,,0.9301817417144775,9.641153100004885
53/53f1e699.jpg,hint,0.1822505600551439,0.3083112264233449,0.18228197173388486,0.9990553561307387,29010,0.9443359375,0.8415005207061768,0.9983763098716736,0.5176082000034512
53/53f1e699.jpg,carpet,0.18223171824384865,0.3082842651431236,0.1822631234274291,0.9990553561307387,29013,0.94443359375,0.32678428292274475,0.9967384338378906,0.30097940000268864
53/53f1e699.jpg,rug,0.18223171824384865,0.3082842651431236,0.1822631234274291,0.9990553561307387,29013,0.94443359375,0.46306154131889343,0.996050238609314,0.3078520999988541
53/53f1e699.jpg,area_rug,0.0,0.0,0.0,0.0,1683,0.05478515625,0.2796758711338043,0.9779082536697388,0.312538999998651
53/53ff91f5.jpg,main_object,1.0,1.0,1.0,1.0,59087,0.9015960693359375,,0.9864981174468994,9.707217800001672
53/53ff91f5.jpg,hint,0.9800447872605126,0.989921837693835,0.9801260783012608,0.9999153790173811,60280,0.9197998046875,0.7068510055541992,0.9869458675384521,0.459244799996668
53/53ff91f5.jpg,carpet,0.22999983075803476,0.37398351610550795,1.0,0.22999983075803476,13590,0.207366943359375,0.41077733039855957,0.9974329471588135,0.26080329999967944
53/53ff91f5.jpg,rug,0.229982906561511,0.3739611426055369,1.0,0.229982906561511,13589,0.2073516845703125,0.4450671672821045,0.9974762201309204,0.25770100000227103
53/53ff91f5.jpg,area_rug,0.23006752754412985,0.3740730039487624,1.0,0.23006752754412985,13594,0.207427978515625,0.4581320285797119,0.9974607825279236,0.2561492000022554
54/540e2795.jpg,main_object,1.0,1.0,1.0,1.0,40663,0.9398807322485208,,0.9883633852005005,9.821177899997565
54/540e2795.jpg,hint,0.9922563939712241,0.996113147859779,0.9932997505746565,0.998942527604948,40894,0.9452200443786982,0.841206431388855,1.0040258169174194,0.543080600000394
54/540e2795.jpg,carpet,0.31497921943781815,0.4790634175534402,1.0,0.31497921943781815,12808,0.29604289940828404,0.2845315635204315,0.9786102175712585,0.3451491000014357
54/540e2795.jpg,rug,0.9857686619632943,0.9928333353681614,0.985840364659102,0.9999262228561592,41244,0.9533099112426036,0.302812784910202,0.9963207244873047,0.3509237000034773
54/540e2795.jpg,area_rug,0.32811155104148737,0.49410239792611793,1.0,0.32811155104148737,13342,0.308385724852071,0.40312495827674866,0.9774479866027832,0.3512007999961497
54/54e4b681.jpg,main_object,0.0,0.0,0.0,0.0,0,0.0,,0.9482569694519043,10.084535199996026
54/54e4b681.jpg,hint,0.8891155471368206,0.9413035094485153,0.9508787117998442,0.931919226200577,57755,0.8812713623046875,0.8473856449127197,0.939591646194458,0.450293399997463
54/54e4b681.jpg,carpet,0.8803555671753979,0.9363713784173662,0.9596038757480764,0.9142372306125912,56144,0.856689453125,0.8334962725639343,0.9391467571258545,0.2511969999977737
54/54e4b681.jpg,rug,0.8891155471368206,0.9413035094485153,0.9508787117998442,0.931919226200577,57755,0.8812713623046875,0.8473856449127197,0.939591646194458,0.2543260000020382
54/54e4b681.jpg,area_rug,0.8857156532699395,0.93939470856495,0.9367712323450499,0.9420329204140506,59261,0.9042510986328125,0.7854812145233154,0.9415299892425537,0.28181059999769786
55/559b24ac.jpg,main_object,1.0,1.0,1.0,1.0,9800,0.1495361328125,,0.9803541302680969,9.828924199995527
55/559b24ac.jpg,hint,0.996942519364044,0.9984689190568541,0.9987747600571779,0.9981632653061224,9794,0.149444580078125,0.7603598237037659,1.0045242309570312,0.4463169000009657
55/559b24ac.jpg,carpet,0.996942519364044,0.9984689190568541,0.9987747600571779,0.9981632653061224,9794,0.149444580078125,0.6984253525733948,1.0045223236083984,0.2588063000002876
55/559b24ac.jpg,rug,0.996942519364044,0.9984689190568541,0.9987747600571779,0.9981632653061224,9794,0.149444580078125,0.7603598237037659,1.0045242309570312,0.2546753999995417
55/559b24ac.jpg,area_rug,0.996942519364044,0.9984689190568541,0.9987747600571779,0.9981632653061224,9794,0.149444580078125,0.7312708497047424,1.004366159439087,0.25383359999977984
57/5732943c.jpg,main_object,1.0,1.0,1.0,1.0,16560,0.6280339805825242,,0.9661858677864075,9.82436030000099
57/5732943c.jpg,hint,0.7047395388556789,0.8268002504696306,0.7063984592338969,0.9966787439613527,23365,0.8861119538834952,0.5100070834159851,0.9901284575462341,0.46658839999872725
57/5732943c.jpg,carpet,0.7062764005632121,0.8278569642410603,0.7064874093043108,0.9995772946859903,23430,0.8885770631067961,0.48800063133239746,0.988235354423523,0.2733668000000762
57/5732943c.jpg,rug,0.7054336245471979,0.8272777250237393,0.7056441299343508,0.9995772946859903,23458,0.8896389563106796,0.5323472023010254,0.9880576133728027,0.2633663000015076
57/5732943c.jpg,area_rug,0.7064874093043108,0.8280019008078433,0.7066985441659906,0.9995772946859903,23423,0.8883115898058253,0.49136680364608765,0.9891616106033325,0.27095989999361336
57/57a4d0bc.jpg,main_object,1.0,1.0,1.0,1.0,7025,0.13386051829268292,,0.9977332353591919,9.831483399997524
57/57a4d0bc.jpg,hint,0.138691463318329,0.24359796799417446,0.138691463318329,1.0,50652,0.9651676829268293,0.8122814893722534,0.9579586982727051,0.509027200001583
57/57a4d0bc.jpg,carpet,0.0,0.0,0.0,0.0,29800,0.5678353658536586,0.3584013283252716,0.9874621033668518,0.3054928000055952
57/57a4d0bc.jpg,rug,0.0,0.0,0.0,0.0,0,0.0,,,0.3000973000016529
57/57a4d0bc.jpg,area_rug,0.0,0.0,0.0,0.0,29801,0.5678544207317073,0.49095481634140015,0.9875151515007019,0.31780190000426956
58/5804e80e.jpg,main_object,1.0,1.0,1.0,1.0,34542,0.527069091796875,,0.9631426334381104,9.773920899999212
58/5804e80e.jpg,hint,0.0,0.0,0.0,0.0,11781,0.1797637939453125,0.5104963183403015,0.9910663366317749,0.47551820000080625
58/5804e80e.jpg,carpet,0.0,0.0,0.0,0.0,13591,0.2073822021484375,0.4652542173862457,0.9763567447662354,0.25816240000131074
58/5804e80e.jpg,rug,0.0,0.0,0.0,0.0,13592,0.2073974609375,0.3056791126728058,0.9762017726898193,0.25319990000571124
58/5804e80e.jpg,area_rug,0.0,0.0,0.0,0.0,13587,0.2073211669921875,0.4916667640209198,0.9763733148574829,0.2537261999968905
5a/5a3584c9.jpg,main_object,1.0,1.0,1.0,1.0,6115,0.0933074951171875,,0.9969599843025208,9.71195070000249
5a/5a3584c9.jpg,hint,0.09864176022712608,0.17957038189907057,0.09864176022712608,1.0,61992,0.9459228515625,0.7775657773017883,0.9689921140670776,0.45488270000350894
5a/5a3584c9.jpg,carpet,0.09845752560056675,0.17926505723876113,0.09845752560056675,1.0,62108,0.94769287109375,0.4346362352371216,0.9680279493331909,0.2573929999998654
5a/5a3584c9.jpg,rug,0.09809583393490222,0.17866534213755625,0.09809583393490222,1.0,62337,0.9511871337890625,0.46083566546440125,0.9649624824523926,0.253402800000913
5a/5a3584c9.jpg,area_rug,0.09856067566042906,0.17943601631503273,0.09856067566042906,1.0,62043,0.9467010498046875,0.4388250708580017,0.967566728591919,0.2587050000001909
5a/5a377982.jpg,main_object,1.0,1.0,1.0,1.0,29030,0.442962646484375,,1.0047959089279175,10.01325459999498
5a/5a377982.jpg,hint,0.9964293071482524,0.9982114604113641,0.996703070265815,0.9997244230106787,29118,0.444305419921875,0.7893224358558655,0.9689643979072571,0.4522904000041308
5a/5a377982.jpg,carpet,0.9963948497854077,0.9981941697480436,0.99673707710802,0.9996555287633483,29115,0.4442596435546875,0.7417925000190735,0.9707984328269958,0.2527663000000757
5a/5a377982.jpg,rug,0.9964293071482524,0.9982114604113641,0.996703070265815,0.9997244230106787,29118,0.444305419921875,0.7893224358558655,0.9689643979072571,0.2649174000034691
5a/5a377982.jpg,area_rug,0.9963607649260137,0.998177065419275,0.9966687272477506,0.9996899758870135,29118,0.444305419921875,0.7441381812095642,0.9700445532798767,0.2556890000050771
5a/5ac117ff.jpg,main_object,1.0,1.0,1.0,1.0,617,0.0094146728515625,,0.954069972038269,9.927255700000387
5a/5ac117ff.jpg,hint,0.0,0.0,0.0,0.0,15218,0.232208251953125,0.6629866361618042,0.9436048269271851,0.45003970000107074
5a/5ac117ff.jpg,carpet,0.0,0.0,0.0,0.0,15208,0.2320556640625,0.7167611122131348,0.9427629113197327,0.2542652999982238
5a/5ac117ff.jpg,rug,0.0,0.0,0.0,0.0,15218,0.232208251953125,0.6629866361618042,0.9436048269271851,0.25664230000256794
5a/5ac117ff.jpg,area_rug,0.0,0.0,0.0,0.0,15454,0.235809326171875,0.7053518295288086,0.9421175718307495,0.255577900003118
5b/5be2fcea.jpg,main_object,1.0,1.0,1.0,1.0,20287,0.3095550537109375,,1.0101503133773804,9.997701000000234
5b/5be2fcea.jpg,hint,0.9978328325863173,0.998915240865835,0.9992108508014796,0.9986198057869572,20275,0.3093719482421875,0.7439518570899963,0.9998403787612915,0.45421450000139885
5b/5be2fcea.jpg,carpet,0.9977836879432624,0.9988906145995119,0.9991615703294535,0.9986198057869572,20276,0.30938720703125,0.6978223919868469,1.0004050731658936,0.25921540000126697
5b/5be2fcea.jpg,rug,0.9978328325863173,0.998915240865835,0.9992108508014796,0.9986198057869572,20275,0.3093719482421875,0.7439518570899963,0.9998403787612915,0.2632597999981954
5b/5be2fcea.jpg,area_rug,0.9977835787814608,0.9988905598974385,0.9992108118772812,0.9985705131364914,20274,0.309356689453125,0.7292313575744629,0.9991429448127747,0.25832610000361456
5d/5d00c75b.jpg,main_object,1.0,1.0,1.0,1.0,14652,0.22357177734375,,0.9971776604652405,9.894146999999066
5d/5d00c75b.jpg,hint,0.994550779919624,0.9972679461785398,0.9980177717019822,0.9965192465192465,14630,0.223236083984375,0.7646083235740662,0.988218367099762,0.45333479999681003
5d/5d00c75b.jpg,carpet,0.99441492984607,0.9971996448330032,0.9979494190020506,0.9964509964509964,14630,0.223236083984375,0.7815122008323669,0.9891406893730164,0.26751999999396503
5d/5d00c75b.jpg,rug,0.994550779919624,0.9972679461785398,0.9980177717019822,0.9965192465192465,14630,0.223236083984375,0.7646083235740662,0.988218367099762,0.25804320000315784
5d/5d00c75b.jpg,area_rug,0.9946870104216334,0.9973364294495287,0.9980180426462548,0.9966557466557466,14632,0.2232666015625,0.8013542294502258,0.9869217276573181,0.25326700000005076
5d/5dfc4822.jpg,main_object,1.0,1.0,1.0,1.0,7464,0.1138916015625,,1.001699686050415,9.810967500001425
5d/5dfc4822.jpg,hint,0.9899571505088377,0.9949532332952022,0.9994592402325267,0.9904876741693462,7397,0.1128692626953125,0.6227647662162781,0.9925292134284973,0.45321800000238
5d/5dfc4822.jpg,carpet,0.0,0.0,0.0,0.0,5170,0.078887939453125,0.502047598361969,0.9751176238059998,0.25226950000069337
5d/5dfc4822.jpg,rug,0.0,0.0,0.0,0.0,5180,0.07904052734375,0.42836087942123413,0.9730504751205444,0.26328909999574535
5d/5dfc4822.jpg,area_rug,0.0,0.0,0.0,0.0,5178,0.079010009765625,0.49000972509384155,0.9718910455703735,0.26339480000024196
5e/5e23eace.jpg,main_object,1.0,1.0,1.0,1.0,3821,0.0583038330078125,,0.9757946729660034,9.924280400002317
5e/5e23eace.jpg,hint,0.2793718353269245,0.43673282092463006,0.2796591493425402,0.9963360376864695,13613,0.2077178955078125,0.8276973366737366,0.9662869572639465,0.4533755000011297
5e/5e23eace.jpg,carpet,0.0,0.0,0.0,0.0,18412,0.28094482421875,0.3216054141521454,0.9849458932876587,0.25609979999717325
5e/5e23eace.jpg,rug,0.2744108957267421,0.43064744133446425,0.27466820542412,0.9965977492802931,13864,0.2115478515625,0.27993226051330566,0.964561402797699,0.2734115999992355
5e/5e23eace.jpg,area_rug,0.0,0.0,0.0,0.0,18415,0.2809906005859375,0.3412201404571533,0.9848443269729614,0.2674858000027598
5f/5f491e9a.jpg,main_object,1.0,1.0,1.0,1.0,11791,0.1799163818359375,,0.9874889254570007,9.914876199996797
5f/5f491e9a.jpg,hint,0.26668023702899535,0.4210695473618427,0.26668023702899535,1.0,44214,0.674652099609375,0.7639466524124146,0.9810934662818909,0.4561180999953649
5f/5f491e9a.jpg,carpet,0.2666199348769899,0.42099437650629296,0.2666199348769899,1.0,44224,0.6748046875,0.7205522060394287,0.9857896566390991,0.2545430000027409
5f/5f491e9a.jpg,rug,0.26668023702899535,0.4210695473618427,0.26668023702899535,1.0,44214,0.674652099609375,0.7639466524124146,0.9810934662818909,0.26501640000060434
5f/5f491e9a.jpg,area_rug,0.2666018495489181,0.42097183048305903,0.2666018495489181,1.0,44227,0.6748504638671875,0.7727555632591248,0.9857584238052368,0.25958750000427244
60/600ead9b.jpg,main_object,0.0,0.0,0.0,0.0,0,0.0,,0.9080288410186768,9.921287799996207
60/600ead9b.jpg,hint,0.8872865712967236,0.9402775230759827,0.9470508558059352,0.933600388443797,8121,0.1239166259765625,0.8377630114555359,0.9580084681510925,0.46577609999803826
60/600ead9b.jpg,carpet,0.0019571173835515156,0.003906589113638337,0.0030405405405405407,0.005462490895848507,14800,0.225830078125,0.6218550801277161,0.9689960479736328,0.25764499999786494
60/600ead9b.jpg,rug,0.0017839272505765131,0.003561501042390549,0.002772893277424591,0.004976936149550862,14786,0.225616455078125,0.6100772023200989,0.9690331220626831,0.25305459999799496
60/600ead9b.jpg,area_rug,0.0019571173835515156,0.003906589113638337,0.0030405405405405407,0.005462490895848507,14800,0.225830078125,0.6379050016403198,0.9690398573875427,0.25548719999642344
60/60ab5605.jpg,main_object,1.0,1.0,1.0,1.0,2909,0.0443878173828125,,0.9088051915168762,9.820887599998969
60/60ab5605.jpg,hint,0.11232093903239507,0.20195778950291585,0.11232093903239507,1.0,25899,0.3951873779296875,0.8157579898834229,0.9454336166381836,0.4498122999939369
60/60ab5605.jpg,carpet,0.0,0.0,0.0,0.0,9365,0.1428985595703125,0.6541326642036438,0.9860604405403137,0.25303770000027725
60/60ab5605.jpg,rug,0.0,0.0,0.0,0.0,9364,0.14288330078125,0.6001874208450317,0.9864582419395447,0.2552655999970739
60/60ab5605.jpg,area_rug,0.0,0.0,0.0,0.0,9367,0.1429290771484375,0.6645029783248901,0.9857533574104309,0.2557597999984864
61/61c044c8.jpg,main_object,1.0,1.0,1.0,1.0,63504,0.968994140625,,1.0044268369674683,10.006178300005558
61/61c044c8.jpg,hint,1.0,1.0,1.0,1.0,63504,0.968994140625,0.6939859390258789,1.0213721990585327,0.4516951000041445
61/61c044c8.jpg,carpet,1.0,1.0,1.0,1.0,63504,0.968994140625,0.47520318627357483,1.0213923454284668,0.25116930000513094
61/61c044c8.jpg,rug,1.0,1.0,1.0,1.0,63504,0.968994140625,0.49648648500442505,1.0213325023651123,0.2505795999968541
61/61c044c8.jpg,area_rug,1.0,1.0,1.0,1.0,63504,0.968994140625,0.5876780152320862,1.0213388204574585,0.2556003000063356
63/635dadab.jpg,main_object,1.0,1.0,1.0,1.0,2692,0.048236811926605505,,0.9065289497375488,9.987224800002878
63/635dadab.jpg,hint,0.10886004286465284,0.1963458663068451,0.10886004286465284,1.0,24729,0.44310851490825687,0.2744564712047577,0.9874478578567505,0.47023889999400126
63/635dadab.jpg,carpet,0.0,0.0,0.0,0.0,7199,0.12899584288990826,0.3362864851951599,0.9981110692024231,0.29255389999889303
63/635dadab.jpg,rug,0.0,0.0,0.0,0.0,0,0.0,,,0.27693449999787845
63/635dadab.jpg,area_rug,0.0,0.0,0.0,0.0,7210,0.1291929472477064,0.3721678853034973,0.9977900385856628,0.2858096999989357
63/63e02681.jpg,main_object,0.0,0.0,0.0,0.0,0,0.0,,0.8811813592910767,9.976088900002651
63/63e02681.jpg,hint,0.35040339565175127,0.5189610701217683,0.35040339565175127,1.0,61726,0.941864013671875,0.4671862721443176,0.9726169109344482,0.4526964999968186
63/63e02681.jpg,carpet,0.3489862124898621,0.5174051584200084,0.34963273530941236,0.9947292986268436,61536,0.93896484375,0.29249945282936096,0.9739540219306946,0.2594191000025603
63/63e02681.jpg,rug,0.3496871859703718,0.518175158814982,0.34999351112841476,0.9975033519811365,61644,0.94061279296875,0.315826416015625,0.951931357383728,0.2594150999939302
63/63e02681.jpg,area_rug,0.3199682413656213,0.48481203007518797,0.33253683106702653,0.894354801424014,58171,0.8876190185546875,0.32320404052734375,0.9408354759216309,0.2583080999975209
66/66505074.jpg,main_object,0.0,0.0,0.0,0.0,0,0.0,,0.8874797821044922,9.807597799997893
66/66505074.jpg,hint,0.429667876081496,0.6010736944851147,0.9550248138957816,0.43854151830223614,6448,0.098388671875,0.5596347451210022,0.9572196006774902,0.452052000000549
66/66505074.jpg,carpet,0.3035281443576623,0.46570247933884296,0.8476871004136893,0.32103688933200397,5318,0.081146240234375,0.6510711908340454,0.95954430103302,0.266039299996919
66/66505074.jpg,rug,0.3035077088803609,0.4656784257011518,0.8475277307764617,0.32103688933200397,5319,0.0811614990234375,0.5911141633987427,0.9570870399475098,0.24871129999519326
66/66505074.jpg,area_rug,0.30380939561179165,0.46603345034069793,0.8469043151969982,0.32146417889189577,5330,0.081329345703125,0.6540924906730652,0.9588338732719421,0.247856200003298
67/67017248.jpg,main_object,1.0,1.0,1.0,1.0,27859,0.4250946044921875,,0.9999935030937195,9.969193099997938
67/67017248.jpg,hint,0.0,0.0,0.0,0.0,33731,0.5146942138671875,0.6110650300979614,0.9983730316162109,0.492579099998693
67/67017248.jpg,carpet,0.0,0.0,0.0,0.0,0,0.0,,,0.24454300000070361
67/67017248.jpg,rug,0.0,0.0,0.0,0.0,0,0.0,,,0.2491031999961706
67/67017248.jpg,area_rug,0.0,0.0,0.0,0.0,28354,0.432647705078125,0.3026988208293915,1.0025205612182617,0.2522580999939237
67/670a016a.jpg,main_object,0.0,0.0,0.0,0.0,0,0.0,,0.9371542930603027,9.844979499997862
67/670a016a.jpg,hint,0.09723112128146454,0.1772299735135248,0.09752123020426899,0.9703128568166248,43570,0.664825439453125,0.7610238790512085,0.9628883600234985,0.45321980000153417
67/670a016a.jpg,carpet,0.0,0.0,0.0,0.0,0,0.0,,,0.2540363000007346
67/670a016a.jpg,rug,0.0,0.0,0.0,0.0,0,0.0,,,0.2569960000037099
67/670a016a.jpg,area_rug,0.0,0.0,0.0,0.0,0,0.0,,,0.24549970000225585
67/67aa53dd.jpg,main_object,1.0,1.0,1.0,1.0,10037,0.1531524658203125,,0.9731785655021667,9.681199200000265
67/67aa53dd.jpg,hint,0.9888339920948617,0.9943856511154171,0.9917740336967295,0.9970110590813989,10090,0.153961181640625,0.571303129196167,0.9742990732192993,0.457811699998274
67/67aa53dd.jpg,carpet,0.9891272116239992,0.9945338898827271,0.9920689997025874,0.9970110590813989,10087,0.1539154052734375,0.5281468033790588,0.9741727113723755,0.2566905999992741
67/67aa53dd.jpg,rug,0.9885398142659554,0.9942368839427663,0.9915766524625904,0.9969114277174455,10091,0.1539764404296875,0.6848453283309937,0.974290132522583,0.2562346999984584
67/67aa53dd.jpg,area_rug,0.9885398142659554,0.9942368839427663,0.9915766524625904,0.9969114277174455,10091,0.1539764404296875,0.552620530128479,0.9745975732803345,0.2528383999961079
6a/6ae4b0c3.jpg,main_object,1.0,1.0,1.0,1.0,43840,0.8353658536585366,,0.9926379323005676,9.806273400005011
6a/6ae4b0c3.jpg,hint,0.9175187302165646,0.9569854163697686,0.998191457734615,0.9190465328467153,40364,0.7691310975609756,0.6213250160217285,0.988102376461029,0.5164520000034827
6a/6ae4b0c3.jpg,carpet,0.9170138651731439,0.9567107279010938,0.9979435593766259,0.91875,40361,0.7690739329268292,0.3099370300769806,0.9906479716300964,0.3011071999935666
6a/6ae4b0c3.jpg,rug,0.9170821665186805,0.956747897962092,0.9979437122188088,0.9188184306569344,40364,0.7691310975609756,0.46182531118392944,0.9915847778320312,0.3006180000011227
6a/6ae4b0c3.jpg,area_rug,0.9162724046947502,0.9563070495091813,0.9969312247877843,0.9188640510948906,40407,0.7699504573170731,0.5134716033935547,0.9891980290412903,0.29559669999434846
6b/6b8442fb.jpg,main_object,1.0,1.0,1.0,1.0,1436,0.02191162109375,,0.9367165565490723,9.964508999997634
6b/6b8442fb.jpg,hint,0.0,0.0,0.0,0.0,14054,0.214447021484375,0.5850731134414673,0.9702619314193726,0.4464824000024237
6b/6b8442fb.jpg,carpet,0.0,0.0,0.0,0.0,14071,0.2147064208984375,0.5661352276802063,0.9685499668121338,0.2572902999963844
6b/6b8442fb.jpg,rug,0.0,0.0,0.0,0.0,14054,0.214447021484375,0.5850731134414673,0.9702619314193726,0.2479728000034811
6b/6b8442fb.jpg,area_rug,0.0,0.0,0.0,0.0,14071,0.2147064208984375,0.6483975052833557,0.9696064591407776,0.2525141000005533
6c/6cac28b0.jpg,main_object,1.0,1.0,1.0,1.0,2234,0.034088134765625,,0.9809437990188599,9.961103500005265
6c/6cac28b0.jpg,hint,0.12933479997684247,0.22904598349310504,0.12933479997684247,1.0,17273,0.2635650634765625,0.9222952127456665,1.0079008340835571,0.46011100000032457
6c/6cac28b0.jpg,carpet,0.0,0.0,0.0,0.0,9486,0.144744873046875,0.6545357704162598,0.9690690040588379,0.24804150000272784
6c/6cac28b0.jpg,rug,0.0,0.0,0.0,0.0,9484,0.14471435546875,0.6117877960205078,0.9684609174728394,0.24840209999820217
6c/6cac28b0.jpg,area_rug,0.0,0.0,0.0,0.0,9485,0.1447296142578125,0.63224196434021,0.9707624316215515,0.26684380000369856
71/71d43e9a.jpg,main_object,1.0,1.0,1.0,1.0,1471,0.0224456787109375,,0.9426127672195435,9.894768300000578
71/71d43e9a.jpg,hint,0.17871461547807072,0.30323644609358896,0.17871461547807072,1.0,8231,0.1255950927734375,0.8452858924865723,0.9325531721115112,0.4551939000011771
71/71d43e9a.jpg,carpet,0.0,0.0,0.0,0.0,14670,0.223846435546875,0.39207085967063904,0.9605490565299988,0.25552739999693586
71/71d43e9a.jpg,rug,0.0,0.0,0.0,0.0,14640,0.223388671875,0.26140928268432617,0.9621157646179199,0.25131649999821093
71/71d43e9a.jpg,area_rug,0.0,0.0,0.0,0.0,14670,0.223846435546875,0.48716408014297485,0.9619929194450378,0.25002730000414886
74/74946bc6.jpg,main_object,1.0,1.0,1.0,1.0,27284,0.4911434331797235,,1.0008106231689453,9.855864799996198
74/74946bc6.jpg,hint,0.0,0.0,0.0,0.0,1720,0.030961981566820278,0.403615802526474,0.9557740688323975,0.4928568000032101
74/74946bc6.jpg,carpet,0.0,0.0,0.0,0.0,11404,0.20528513824884792,0.6497150659561157,0.9896187782287598,0.2891375000035623
74/74946bc6.jpg,rug,0.0,0.0,0.0,0.0,11404,0.20528513824884792,0.6247966289520264,0.9898399114608765,0.27995039999950677
74/74946bc6.jpg,area_rug,0.0,0.0,0.0,0.0,11435,0.20584317396313365,0.6499102115631104,0.9901001453399658,0.2915431000001263
76/76798de2.jpg,main_object,1.0,1.0,1.0,1.0,41531,0.9323590158045977,,0.9750313758850098,9.938427299995965
76/76798de2.jpg,hint,0.998797238459503,0.9993982573532951,0.9990375592502586,0.9997592160073199,41561,0.9330325071839081,0.8678512573242188,0.987586259841919,0.5449808999983361
76/76798de2.jpg,carpet,0.9991335948593295,0.9995666096838658,0.9995184783917178,0.9996147456117117,41535,0.9324488146551724,0.5450953841209412,1.0034003257751465,0.3514989000032074
76/76798de2.jpg,rug,0.9988212653355786,0.9994102851090972,0.9990615976900866,0.9997592160073199,41560,0.9330100574712644,0.6951824426651001,0.9863142371177673,0.35292240000126185
76/76798de2.jpg,area_rug,0.9981963349526237,0.9990973534402869,0.9987727994609943,0.9994221184175676,41558,0.932965158045977,0.5031543970108032,1.0062966346740723,0.3395332000000053
77/7749d6d2.jpg,main_object,1.0,1.0,1.0,1.0,7583,0.1550842604712042,,0.976223349571228,9.979713000000629
77/7749d6d2.jpg,hint,0.9959205158573496,0.9979560888771676,0.9978902953586498,0.998021891072135,7584,0.1551047120418848,0.6815071105957031,0.9311423301696777,0.5210311999981059
77/7749d6d2.jpg,carpet,0.9959205158573496,0.9979560888771676,0.9978902953586498,0.998021891072135,7584,0.1551047120418848,0.4126344621181488,0.9277327060699463,0.3185047000006307
77/7749d6d2.jpg,rug,0.9959205158573496,0.9979560888771676,0.9978902953586498,0.998021891072135,7584,0.1551047120418848,0.40736863017082214,0.9286223649978638,0.31596259999787435
77/7749d6d2.jpg,area_rug,0.9959205158573496,0.9979560888771676,0.9978902953586498,0.998021891072135,7584,0.1551047120418848,0.3925502896308899,0.9282681941986084,0.3170959000053699
7c/7ce8cda2.jpg,main_object,1.0,1.0,1.0,1.0,22640,0.345458984375,,0.9848172664642334,9.970705200001248
7c/7ce8cda2.jpg,hint,0.5245400194651713,0.6881288949688402,0.5245886442641947,0.9998233215547703,43150,0.658416748046875,0.7462592720985413,0.986388623714447,0.4644260999994003
7c/7ce8cda2.jpg,carpet,0.0,0.0,0.0,0.0,668,0.01019287109375,0.5816767811775208,0.9817379117012024,0.2693116000009468
7c/7ce8cda2.jpg,rug,0.0,0.0,0.0,0.0,668,0.01019287109375,0.5069152116775513,0.9807645678520203,0.26460190000216244
7c/7ce8cda2.jpg,area_rug,0.0,0.0,0.0,0.0,668,0.01019287109375,0.5431169271469116,0.9818168878555298,0.2540846000047168
7d/7dce32c8.jpg,main_object,0.0,0.0,0.0,0.0,0,0.0,,0.9136155843734741,10.008605899995018
7d/7dce32c8.jpg,hint,0.707218686971341,0.828503919701077,0.9833047107671572,0.7158139608488551,46001,0.7019195556640625,0.7507008910179138,0.9763652086257935,0.45451630000025034
7d/7dce32c8.jpg,carpet,0.7180962506644986,0.8359208634402927,0.9835742584859193,0.7268123625199792,46695,0.7125091552734375,0.7361230254173279,0.9781706929206848,0.2572762999989209
7d/7dce32c8.jpg,rug,0.707218686971341,0.828503919701077,0.9833047107671572,0.7158139608488551,46001,0.7019195556640625,0.7507008910179138,0.9763652086257935,0.25807050000003073
7d/7dce32c8.jpg,area_rug,0.7169548766377936,0.8351470226658047,0.9835485393162027,0.7256571347185516,46622,0.711395263671875,0.7546559572219849,0.9778479933738708,0.25518999999621883
7f/7fed406b.jpg,main_object,0.0,0.0,0.0,0.0,0,0.0,,0.9332289695739746,9.763716500005103
7f/7fed406b.jpg,hint,0.822581991154135,0.9026556776556777,0.83996591393268,0.9754576942107868,35205,0.5371856689453125,0.8240970969200134,0.9893811345100403,0.45360149999760324
7f/7fed406b.jpg,carpet,0.0,0.0,0.0,0.0,0,0.0,,,0.2624260999946273
7f/7fed406b.jpg,rug,0.0,0.0,0.0,0.0,0,0.0,,,0.25645259999873815
7f/7fed406b.jpg,area_rug,0.822787979966611,0.902779685854284,0.84018070235254,0.9754576942107868,35196,0.53704833984375,0.2644376754760742,0.9899437427520752,0.2560468000010587
80/803370c5.jpg,main_object,1.0,1.0,1.0,1.0,32475,0.4955291748046875,,0.9904037117958069,10.004845199997362
80/803370c5.jpg,hint,0.96788347312181,0.9836796602457152,0.9692721566283067,0.9985219399538107,33455,0.5104827880859375,0.7856897115707397,0.9842113852500916,0.46534280000196304
80/803370c5.jpg,carpet,0.9929566681978258,0.9964658881376767,0.9944793743290906,0.9984603541185527,32605,0.4975128173828125,0.7558332085609436,0.9838603138923645,0.25746439999784343
80/803370c5.jpg,rug,0.96788347312181,0.9836796602457152,0.9692721566283067,0.9985219399538107,33455,0.5104827880859375,0.7856897115707397,0.9842113852500916,0.2616780000025756
80/803370c5.jpg,area_rug,0.9746641420971959,0.9871695356376421,0.9759841097869267,0.9986143187066975,33228,0.50701904296875,0.7610421180725098,0.9831161499023438,0.2575362999996287
80/80c2ac19.jpg,main_object,1.0,1.0,1.0,1.0,2649,0.0404205322265625,,0.978591799736023,9.73240480000095
80/80c2ac19.jpg,hint,0.04285991651295991,0.08219688154526414,0.04285991651295991,1.0,61806,0.943084716796875,0.7824315428733826,0.9584115743637085,0.46519329999864567
80/80c2ac19.jpg,carpet,0.0,0.0,0.0,0.0,0,0.0,,,0.25002820000372594
80/80c2ac19.jpg,rug,0.9879969992498124,0.9939622641509434,0.993587325537533,0.9943374858437146,2651,0.0404510498046875,0.2755182683467865,0.9728029370307922,0.253353000000061
80/80c2ac19.jpg,area_rug,0.04342267027292845,0.0832312187765105,0.04342267027292845,1.0,61005,0.9308624267578125,0.2886978089809418,0.9583108425140381,0.2600453000050038
82/825d0f45.jpg,main_object,0.0,0.0,0.0,0.0,0,0.0,,0.9539904594421387,10.20724280000286
82/825d0f45.jpg,hint,0.014657106623744025,0.02889075832231703,0.014657106623744025,1.0,41004,0.9205280172413793,0.8782457113265991,1.0031658411026,0.5533032999956049
82/825d0f45.jpg,carpet,0.01466103968970312,0.028898398807520317,0.01466103968970312,1.0,40993,0.9202810704022989,0.49263739585876465,1.0019513368606567,0.3515642999991542
82/825d0f45.jpg,rug,0.014712362301101591,0.028998094135244023,0.014712362301101591,1.0,40850,0.9170707614942529,0.527653157711029,1.005429744720459,0.3600676000060048
82/825d0f45.jpg,area_rug,0.014700127189120438,0.028974328070386888,0.014700127189120438,1.0,40884,0.9178340517241379,0.700323760509491,1.0024749040603638,0.3670743000038783
83/8328b6ae.jpg,main_object,0.0,0.0,0.0,0.0,0,0.0,,0.8953967094421387,10.155222900000808
83/8328b6ae.jpg,hint,0.0,0.0,0.0,0.0,0,0.0,,,0.24927569999999832
83/8328b6ae.jpg,carpet,0.3824089155593656,0.5532500713142914,0.3824089155593656,1.0,58325,0.8899688720703125,0.44058850407600403,0.971622884273529,0.4594317000010051
83/8328b6ae.jpg,rug,0.9934415990006246,0.9967100109666301,0.9950842382803772,0.9983411047345767,22377,0.3414459228515625,0.553337037563324,1.0121228694915771,0.2597966000030283
83/8328b6ae.jpg,area_rug,0.38236958049750563,0.5532089043219446,0.38236958049750563,1.0,58331,0.8900604248046875,0.42569318413734436,0.9695761203765869,0.25387440000486095
83/835c08ac.jpg,main_object,1.0,1.0,1.0,1.0,7540,0.11505126953125,,0.8996866941452026,9.844047899998259
83/835c08ac.jpg,hint,0.4027502809139066,0.5742294781812634,0.40303062754337116,0.9982758620689656,18676,0.28497314453125,0.3791498839855194,0.9880782961845398,0.5000351999988197
83/835c08ac.jpg,carpet,0.0,0.0,0.0,0.0,3310,0.050506591796875,0.6753079891204834,0.97334223985672,0.2697753000029479
83/835c08ac.jpg,rug,0.0,0.0,0.0,0.0,3310,0.050506591796875,0.6641741394996643,0.974940299987793,0.2519742000004044
83/835c08ac.jpg,area_rug,0.0,0.0,0.0,0.0,3310,0.050506591796875,0.6937745809555054,0.9730632305145264,0.24947350000002189
84/84009590.jpg,main_object,1.0,1.0,1.0,1.0,41349,0.6309356689453125,,0.9922299981117249,9.957940500004042
84/84009590.jpg,hint,0.0,0.0,0.0,0.0,10068,0.15362548828125,0.5886977314949036,0.918178141117096,0.4580077000064193
84/84009590.jpg,carpet,0.31962078889453194,0.48441308531109684,1.0,0.31962078889453194,13216,0.20166015625,0.7096076011657715,1.000368595123291,0.2577305999948294
84/84009590.jpg,rug,0.3196449732762582,0.4844408606091705,1.0,0.3196449732762582,13217,0.2016754150390625,0.7604947090148926,1.0008665323257446,0.2544127999935881
84/84009590.jpg,area_rug,0.31962078889453194,0.48441308531109684,1.0,0.31962078889453194,13216,0.20166015625,0.7452335953712463,0.9998632669448853,0.2592021000018576
84/84b21542.jpg,main_object,1.0,1.0,1.0,1.0,520,0.0079345703125,,0.918624997138977,10.000614300006418
84/84b21542.jpg,hint,0.0,0.0,0.0,0.0,25786,0.393463134765625,0.7294145822525024,0.9294481873512268,0.4552780000012717
84/84b21542.jpg,carpet,0.0,0.0,0.0,0.0,25786,0.393463134765625,0.7080239057540894,0.9303916096687317,0.25368280000111554
84/84b21542.jpg,rug,0.0,0.0,0.0,0.0,25786,0.393463134765625,0.7294145822525024,0.9294481873512268,0.2525000000023283
84/84b21542.jpg,area_rug,0.0,0.0,0.0,0.0,25781,0.3933868408203125,0.7393757104873657,0.9289498329162598,0.2539427999945474
84/84d46503.jpg,main_object,0.0,0.0,0.0,0.0,0,0.0,,0.9012047052383423,10.176936200005002
84/84d46503.jpg,hint,0.8873061209732818,0.9402885002203023,0.9086768980135883,0.9741788230624193,54017,0.8242340087890625,0.7245674133300781,0.9843391180038452,0.4489936999962083
84/84d46503.jpg,carpet,0.8873061209732818,0.9402885002203023,0.9086768980135883,0.9741788230624193,54017,0.8242340087890625,0.7903773188591003,0.9844956994056702,0.2683709999982966
84/84d46503.jpg,rug,0.8873061209732818,0.9402885002203023,0.9086768980135883,0.9741788230624193,54017,0.8242340087890625,0.7245674133300781,0.9843391180038452,0.25130829999397974
84/84d46503.jpg,area_rug,0.8891404764061226,0.9413174801035574,0.9105834338187552,0.9741986702391585,53905,0.8225250244140625,0.7401388883590698,0.9837867617607117,0.29188889999932144
85/851a6e6d.jpg,main_object,0.0,0.0,0.0,0.0,0,0.0,,0.9355506300926208,10.055112900001404
85/851a6e6d.jpg,hint,0.32706780325997786,0.4929179993012068,0.4558900295806508,0.5364926137194675,40229,0.6138458251953125,0.8375517725944519,0.9559378027915955,0.44200809999892954
85/851a6e6d.jpg,carpet,0.32697902721999106,0.4928171742171527,0.4561617570158619,0.5358783091999415,40159,0.6127777099609375,0.8125615119934082,0.9574799537658691,0.25536429999920074
85/851a6e6d.jpg,rug,0.32706780325997786,0.4929179993012068,0.4558900295806508,0.5364926137194675,40229,0.6138458251953125,0.8375517725944519,0.9559378027915955,0.2601947000002838
85/851a6e6d.jpg,area_rug,0.3269673550252557,0.49280391682134883,0.45613904036254077,0.5358783091999415,40161,0.6128082275390625,0.7483131289482117,0.9566773176193237,0.24845729999651667
85/8593e7dc.jpg,main_object,1.0,1.0,1.0,1.0,1526,0.024631973140495866,,0.9517657160758972,9.887148499998148
85/8593e7dc.jpg,hint,0.02546984010414928,0.04967447916666667,0.02546984010414928,1.0,59914,0.9671035640495868,0.48440757393836975,0.974816620349884,0.46007190000091214
85/8593e7dc.jpg,carpet,0.0,0.0,0.0,0.0,2369,0.03823928202479339,0.35080835223197937,0.9854306578636169,0.27165640000021085
85/8593e7dc.jpg,rug,0.0,0.0,0.0,0.0,2395,0.038658961776859506,0.28432103991508484,0.9866570830345154,0.25896769999963
85/8593e7dc.jpg,area_rug,0.0,0.0,0.0,0.0,2395,0.038658961776859506,0.30995649099349976,0.9825226664543152,0.2516217000011238
85/859bc76b.jpg,main_object,1.0,1.0,1.0,1.0,29894,0.456146240234375,,1.0062874555587769,9.987437099996896
85/859bc76b.jpg,hint,0.47074200050390524,0.6401421871988694,0.47074200050390524,1.0,63504,0.968994140625,0.5261520147323608,1.001676082611084,0.4573030999963521
85/859bc76b.jpg,carpet,0.47074200050390524,0.6401421871988694,0.47074200050390524,1.0,63504,0.968994140625,0.6847971081733704,1.0019822120666504,0.26942110000527464
85/859bc76b.jpg,rug,0.47074200050390524,0.6401421871988694,0.47074200050390524,1.0,63504,0.968994140625,0.7016339302062988,1.0021251440048218,0.25540560000081314
85/859bc76b.jpg,area_rug,0.47074200050390524,0.6401421871988694,0.47074200050390524,1.0,63504,0.968994140625,0.7026562094688416,1.0019848346710205,0.25955859999521635
86/864071d3.jpg,main_object,0.0,0.0,0.0,0.0,0,0.0,,0.9582469463348389,10.221816900004342
86/864071d3.jpg,hint,0.0,0.0,0.0,0.0,17152,0.26171875,0.8007455468177795,0.9687420129776001,0.52726850000181
86/864071d3.jpg,carpet,0.0,0.0,0.0,0.0,17245,0.2631378173828125,0.7195242643356323,0.969562292098999,0.24965560000418918
86/864071d3.jpg,rug,0.0,0.0,0.0,0.0,17152,0.26171875,0.8007455468177795,0.9687420129776001,0.24894969999877503
86/864071d3.jpg,area_rug,0.0,0.0,0.0,0.0,17236,0.26300048828125,0.6393241286277771,0.96934974193573,0.25363170000491664
87/87d53cae.jpg,main_object,0.0,0.0,0.0,0.0,0,0.0,,0.8897093534469604,9.940322000002197
87/87d53cae.jpg,hint,0.7533894855496759,0.8593521197185614,0.7580416496014618,0.9919198581852661,31741,0.4979449046184739,0.7994034290313721,0.919593334197998,0.46462789999350207
87/87d53cae.jpg,carpet,0.0016860175499099513,0.0033663593588615583,0.02335456475583864,0.0018139093869810777,1884,0.029555722891566265,0.2645673453807831,0.9316341876983643,0.261256300000241
87/87d53cae.jpg,rug,0.0,0.0,0.0,0.0,0,0.0,,,0.2529371999989962
87/87d53cae.jpg,area_rug,0.7564219462348687,0.8613214471116839,0.7611845852053407,0.9917961825452447,31606,0.4958270582329317,0.2840108573436737,0.9181196093559265,0.2604141999981948
87/87e4547c.jpg,main_object,1.0,1.0,1.0,1.0,24587,0.3751678466796875,,0.9987856149673462,9.908708499999193
87/87e4547c.jpg,hint,0.9930780440414507,0.9965270020513028,0.9952535496957403,0.9978037174116403,24650,0.376129150390625,0.8459659814834595,1.0073572397232056,0.47114090000104625
87/87e4547c.jpg,carpet,0.9930378465897591,0.9965067630691742,0.9952131759360675,0.9978037174116403,24651,0.3761444091796875,0.8420604467391968,1.0073102712631226,0.26612980000209063
87/87e4547c.jpg,rug,0.9930780440414507,0.9965270020513028,0.9952535496957403,0.9978037174116403,24650,0.376129150390625,0.8459659814834595,1.0073572397232056,0.2536949999994249
87/87e4547c.jpg,area_rug,0.9931581717339379,0.9965673430422683,0.9953745029619411,0.9977630455118559,24646,0.376068115234375,0.8017727732658386,1.007357120513916,0.25213459999940824
88/8858684e.jpg,main_object,1.0,1.0,1.0,1.0,40976,0.9360380116959064,,0.9785057306289673,9.763909900000726
88/8858684e.jpg,hint,0.9893866198214024,0.9946649987122411,0.9997534577549864,0.9896280749707146,40561,0.9265579312865497,0.740947961807251,1.0004723072052002,0.5509676000001491
88/8858684e.jpg,carpet,0.9893134240960328,0.9946280079476046,0.999753439518714,0.9895548613822726,40558,0.9264894005847953,0.48831629753112793,0.9985225200653076,0.3575723000030848
88/8858684e.jpg,rug,0.9894842141218952,0.994714315497725,0.9997534820658203,0.9897256930886372,40565,0.9266493055555556,0.5188515782356262,0.996635913848877,0.3552736999990884
88/8858684e.jpg,area_rug,0.9891670326452935,0.9945540182513983,0.9997534030380746,0.9894084342053885,40552,0.9263523391812866,0.5302539467811584,1.00096595287323,0.35160999999789055
88/88b19c9c.jpg,main_object,0.0,0.0,0.0,0.0,0,0.0,,0.9388920068740845,10.04633720000129
88/88b19c9c.jpg,hint,0.00015108022359873092,0.00030211480362537764,0.0002181976871045167,0.0004909180166912126,4583,0.07367219650205761,0.5008823275566101,0.871881365776062,0.4520771000024979
88/88b19c9c.jpg,carpet,0.0,0.0,0.0,0.0,7607,0.12228330761316872,0.7230901718139648,0.8508273363113403,0.266617999994196
88/88b19c9c.jpg,rug,0.0,0.0,0.0,0.0,7655,0.12305491255144033,0.6756946444511414,0.8563823103904724,0.2763046000036411
88/88b19c9c.jpg,area_rug,0.0,0.0,0.0,0.0,7645,0.12289416152263374,0.7048383355140686,0.8552961945533752,0.26750589999574004
88/88bc7d39.jpg,main_object,1.0,1.0,1.0,1.0,29681,0.4528961181640625,,0.9878295660018921,9.855746100001852
88/88bc7d39.jpg,hint,0.7098998994204704,0.8303408868098933,0.7105294695716785,0.998753411273205,41721,0.6366119384765625,0.7935551404953003,0.9775954484939575,0.46372480000718497
88/88bc7d39.jpg,carpet,0.7097608274078863,0.8302457466918715,0.710356064599607,0.9988207944476264,41734,0.636810302734375,0.749300479888916,0.9770404100418091,0.265833700002986
88/88bc7d39.jpg,rug,0.7098998994204704,0.8303408868098933,0.7105294695716785,0.998753411273205,41721,0.6366119384765625,0.7935551404953003,0.9775954484939575,0.2594033999994281
88/88bc7d39.jpg,area_rug,0.7087866108786611,0.8295788442703232,0.7093972097920506,0.9987871028604157,41789,0.6376495361328125,0.7756251692771912,0.9782089591026306,0.25077170000440674
89/89d183a2.jpg,main_object,0.0,0.0,0.0,0.0,0,0.0,,0.9775075912475586,10.001935599997523
89/89d183a2.jpg,hint,0.6652675760755509,0.7989918084436043,0.722538791969843,0.8935385949696444,22814,0.443369092039801,0.3704073429107666,0.8046183586120605,0.5223009999972419
89/89d183a2.jpg,carpet,0.0004255862450525599,0.0008508103969030502,0.0019766752322593396,0.0005420641803989592,5059,0.09831700870646766,0.3899902403354645,0.9354594349861145,0.3061581000001752
89/89d183a2.jpg,rug,0.001513940872198158,0.0030233046399328156,0.006707657909446618,0.0019514310494362533,5367,0.10430270522388059,0.38860926032066345,0.948055624961853,0.31069160000333795
89/89d183a2.jpg,area_rug,0.02716801602537351,0.05289887457847479,0.10559610705596106,0.035288378143972246,6165,0.11981110074626866,0.3940219581127167,0.9358470439910889,0.3078127000044333
8a/8ac9fb4f.jpg,main_object,0.0,0.0,0.0,0.0,0,0.0,,0.9522150754928589,9.984509800000524
8a/8ac9fb4f.jpg,hint,0.0,0.0,0.0,0.0,7194,0.109771728515625,0.6017307639122009,0.9525943398475647,0.45901669999875594
8a/8ac9fb4f.jpg,carpet,0.0,0.0,0.0,0.0,7209,0.1100006103515625,0.5956358909606934,0.9542474150657654,0.25017519999528304
8a/8ac9fb4f.jpg,rug,0.0,0.0,0.0,0.0,7194,0.109771728515625,0.6017307639122009,0.9525943398475647,0.2568105000027572
8a/8ac9fb4f.jpg,area_rug,0.0,0.0,0.0,0.0,7802,0.119049072265625,0.6567294597625732,0.9515150189399719,0.27024010000604903
8d/8d6b4b99.jpg,main_object,1.0,1.0,1.0,1.0,2467,0.0376434326171875,,0.9398388862609863,9.79043780000211
8d/8d6b4b99.jpg,hint,0.0,0.0,0.0,0.0,3685,0.0562286376953125,0.609264075756073,0.9815441966056824,0.4646078000005218
8d/8d6b4b99.jpg,carpet,0.0,0.0,0.0,0.0,3681,0.0561676025390625,0.4449089467525482,0.9815621972084045,0.2639902000009897
8d/8d6b4b99.jpg,rug,0.0,0.0,0.0,0.0,0,0.0,0.3633093535900116,0.9402234554290771,0.24916859999939334
8d/8d6b4b99.jpg,area_rug,0.0,0.0,0.0,0.0,3684,0.05621337890625,0.4679844379425049,0.9815040230751038,0.25660429999697953
8d/8d6bf2d4.jpg,main_object,1.0,1.0,1.0,1.0,38862,0.592987060546875,,0.9959173798561096,10.256353899996611
8d/8d6bf2d4.jpg,hint,0.8091984669221797,0.8945380860274478,0.8094345126474143,0.9996397509134888,47994,0.732330322265625,0.8317945599555969,0.9570130705833435,0.4454875000010361
8d/8d6bf2d4.jpg,carpet,0.8114713008605564,0.8959250974332956,0.8116747451111482,0.9996912150687046,47864,0.7303466796875,0.8076502680778503,0.9569900035858154,0.2585525000031339
8d/8d6bf2d4.jpg,rug,0.8091984669221797,0.8945380860274478,0.8094345126474143,0.9996397509134888,47994,0.732330322265625,0.8317945599555969,0.9570130705833435,0.2607235999967088
8d/8d6bf2d4.jpg,area_rug,0.8094474079013169,0.8946901737698499,0.8097004814807095,0.9996140188358809,47977,0.7320709228515625,0.7881371378898621,0.9532471895217896,0.25564800000574905
8f/8f80ecaa.jpg,main_object,1.0,1.0,1.0,1.0,25708,0.39227294921875,,0.988808274269104,9.941495700004452
8f/8f80ecaa.jpg,hint,0.0,0.0,0.0,0.0,15005,0.2289581298828125,0.7878300547599792,0.994970977306366,0.4494101999953273
8f/8f80ecaa.jpg,carpet,0.0,0.0,0.0,0.0,15004,0.22894287109375,0.7442079782485962,0.9949661493301392,0.2538769000020693
8f/8f80ecaa.jpg,rug,0.0,0.0,0.0,0.0,15005,0.2289581298828125,0.7878300547599792,0.994970977306366,0.2513256000020192
8f/8f80ecaa.jpg,area_rug,0.0,0.0,0.0,0.0,15002,0.228912353515625,0.7599570155143738,0.9958128333091736,0.30940719999489374
91/911bac33.jpg,main_object,0.0,0.0,0.0,0.0,0,0.0,,0.9225537776947021,10.032471699996677
91/911bac33.jpg,hint,0.758016331408086,0.8623541407046562,0.7656407161536914,0.9870331950207469,29826,0.455108642578125,0.5783981084823608,0.982811450958252,0.4511493000027258
91/911bac33.jpg,carpet,0.0,0.0,0.0,0.0,7093,0.1082305908203125,0.550011396408081,0.9856017827987671,0.25507199999992736
91/911bac33.jpg,rug,0.0,0.0,0.0,0.0,7092,0.10821533203125,0.4774952530860901,0.9855822324752808,0.2500586000023759
91/911bac33.jpg,area_rug,0.0,0.0,0.0,0.0,7107,0.1084442138671875,0.5885977745056152,0.9856911897659302,0.2574330999996164
92/92eb000d.jpg,main_object,1.0,1.0,1.0,1.0,22060,0.33660888671875,,0.9694792628288269,9.992982499999925
92/92eb000d.jpg,hint,0.9758850460087938,0.9877953659096123,0.9999535531816071,0.9759292837715322,21530,0.328521728515625,0.7748655676841736,0.9818385243415833,0.48252729999512667
92/92eb000d.jpg,carpet,0.9768369520873941,0.9882827726949622,0.9999535984409076,0.9768812330009066,21551,0.3288421630859375,0.7637214660644531,0.9836015105247498,0.25185960000089835
92/92eb000d.jpg,rug,0.9758850460087938,0.9877953659096123,0.9999535531816071,0.9759292837715322,21530,0.328521728515625,0.7748655676841736,0.9818385243415833,0.255516199998965
92/92eb000d.jpg,area_rug,0.9774262272789085,0.9885842655419035,0.9999536264143943,0.9774705349048051,21564,0.32904052734375,0.7545286417007446,0.9845988154411316,0.2579392999978154
94/946e88ab.jpg,main_object,1.0,1.0,1.0,1.0,1528,0.0233154296875,,0.9506953954696655,9.990817199999583
94/946e88ab.jpg,hint,0.0,0.0,0.0,0.0,6519,0.0994720458984375,0.6766068935394287,0.9713138341903687,0.4436984999993001
94/946e88ab.jpg,carpet,0.0,0.0,0.0,0.0,0,0.0,,,0.24451879999833182
94/946e88ab.jpg,rug,0.0,0.0,0.0,0.0,0,0.0,,,0.25245839999843156
94/946e88ab.jpg,area_rug,0.0,0.0,0.0,0.0,0,0.0,,,0.25844119999965187
95/95f8c680.jpg,main_object,1.0,1.0,1.0,1.0,63504,0.968994140625,,1.0061595439910889,10.097462099998666
95/95f8c680.jpg,hint,1.0,1.0,1.0,1.0,63504,0.968994140625,0.5088800191879272,1.0210405588150024,0.46498549999523675
95/95f8c680.jpg,carpet,1.0,1.0,1.0,1.0,63504,0.968994140625,0.7573016881942749,1.021026372909546,0.2491264999989653
95/95f8c680.jpg,rug,1.0,1.0,1.0,1.0,63504,0.968994140625,0.808530867099762,1.0210262537002563,0.2633519999944838
95/95f8c680.jpg,area_rug,1.0,1.0,1.0,1.0,63504,0.968994140625,0.7204371690750122,1.0210254192352295,0.26845870000397554
97/97fe7082.jpg,main_object,1.0,1.0,1.0,1.0,33955,0.5181121826171875,,0.9702878594398499,9.807485299999826
97/97fe7082.jpg,hint,0.23345604220412186,0.37853970342866544,0.9367294719702256,0.23719628920630245,8598,0.131195068359375,0.35283687710762024,0.9829069375991821,0.4471997000000556
97/97fe7082.jpg,carpet,0.0,0.0,0.0,0.0,14273,0.2177886962890625,0.46411141753196716,0.980906069278717,0.2527639000036288
97/97fe7082.jpg,rug,0.0,0.0,0.0,0.0,3151,0.0480804443359375,0.3276095390319824,0.947582483291626,0.24880639999901177
97/97fe7082.jpg,area_rug,0.0,0.0,0.0,0.0,14272,0.2177734375,0.4219079315662384,0.981234073638916,0.25090179999824613
98/981c0c34.jpg,main_object,0.0,0.0,0.0,0.0,0,0.0,,0.9333187937736511,9.888390699998126
98/981c0c34.jpg,hint,0.0,0.0,0.0,0.0,1829,0.0279083251953125,0.5690909624099731,0.9732511639595032,0.4656628999946406
98/981c0c34.jpg,carpet,0.0,0.0,0.0,0.0,5095,0.0777435302734375,0.317514568567276,0.9907838702201843,0.2854829999996582
98/981c0c34.jpg,rug,0.9961587708066582,0.9980756895445798,0.9993577392421323,0.9967969250480462,1557,0.0237579345703125,0.4570441246032715,0.9867912530899048,0.2545361999946181
98/981c0c34.jpg,area_rug,0.0,0.0,0.0,0.0,5095,0.0777435302734375,0.38045525550842285,0.9905458688735962,0.2512457999982871
99/99f8d9dd.jpg,main_object,1.0,1.0,1.0,1.0,4416,0.0673828125,,0.9577649831771851,9.843762999997125
99/99f8d9dd.jpg,hint,0.22318884818884818,0.36492950131015267,0.22351862230600703,0.9934329710144928,19627,0.2994842529296875,0.5225019454956055,0.955615222454071,0.4588495999996667
99/99f8d9dd.jpg,carpet,0.0,0.0,0.0,0.0,32897,0.5019683837890625,0.6138657331466675,0.9742600321769714,0.2516914000007091
99/99f8d9dd.jpg,rug,0.0,0.0,0.0,0.0,32792,0.5003662109375,0.6627341508865356,0.9745205640792847,0.2538021000000299
99/99f8d9dd.jpg,area_rug,0.0,0.0,0.0,0.0,31495,0.4805755615234375,0.6355074048042297,0.9786987900733948,0.2562556000048062
9d/9daa134c.jpg,main_object,1.0,1.0,1.0,1.0,2316,0.03533935546875,,0.9860682487487793,9.86348359999829
9d/9daa134c.jpg,hint,0.03999585535177702,0.07691541297200359,0.03999585535177702,1.0,57906,0.883575439453125,0.8029786348342896,0.9387025833129883,0.45447129999956815
9d/9daa134c.jpg,carpet,0.0,0.0,0.0,0.0,2246,0.034271240234375,0.5892926454544067,0.9870039820671082,0.2609278000018094
9d/9daa134c.jpg,rug,0.07903639159405433,0.14649439483184495,0.07904449456633177,0.9987046632124352,29262,0.446502685546875,0.3587333559989929,0.966419517993927,0.2558444999958738
9d/9daa134c.jpg,area_rug,0.0,0.0,0.0,0.0,2248,0.0343017578125,0.49245601892471313,0.9873548150062561,0.2995262000040384
9f/9f36c4be.jpg,main_object,1.0,1.0,1.0,1.0,20956,0.31976318359375,,0.9874616265296936,9.96517809999932
9f/9f36c4be.jpg,hint,0.0,0.0,0.0,0.0,20310,0.309906005859375,0.5681279301643372,0.95634925365448,0.45885969999653753
9f/9f36c4be.jpg,carpet,0.9552259242355089,0.9771003057961204,0.9564045149202577,0.9987115861805688,21883,0.3339080810546875,0.7137985825538635,0.9838120341300964,0.2541114999985439
9f/9f36c4be.jpg,rug,0.9590378006872852,0.9790906539433062,0.9601376146788991,0.9988070242412674,21800,0.3326416015625,0.7370537519454956,0.9841238856315613,0.257901100005256
9f/9f36c4be.jpg,area_rug,0.9620352070597968,0.980650299850075,0.9631419105466593,0.9988070242412674,21732,0.33160400390625,0.7328701019287109,0.9840508699417114,0.2668975999986287
9f/9f6cf147.jpg,main_object,0.0,0.0,0.0,0.0,0,0.0,,0.9182164669036865,10.052121599997918
9f/9f6cf147.jpg,hint,0.0,0.0,0.0,0.0,15935,0.2637546345338983,0.7959704399108887,0.8422470092773438,0.47354530000302475
9f/9f6cf147.jpg,carpet,0.0,0.0,0.0,0.0,2572,0.04257150423728814,0.4371984601020813,1.0070663690567017,0.26357809999899473
9f/9f6cf147.jpg,rug,0.0,0.0,0.0,0.0,2572,0.04257150423728814,0.3735692501068115,1.0071063041687012,0.285984299996926
9f/9f6cf147.jpg,area_rug,0.0,0.0,0.0,0.0,2573,0.0425880561440678,0.43198660016059875,1.0067343711853027,0.26973569999972824
9f/9fcee137.jpg,main_object,1.0,1.0,1.0,1.0,63504,0.968994140625,,0.9994555115699768,10.03813039999659
9f/9fcee137.jpg,hint,1.0,1.0,1.0,1.0,63504,0.968994140625,0.7156506180763245,1.0146070718765259,0.46673200000077486
9f/9fcee137.jpg,carpet,1.0,1.0,1.0,1.0,63504,0.968994140625,0.863314151763916,1.0146030187606812,0.2634766999981366
9f/9fcee137.jpg,rug,1.0,1.0,1.0,1.0,63504,0.968994140625,0.8840150237083435,1.0146070718765259,0.26017010000214214
9f/9fcee137.jpg,area_rug,1.0,1.0,1.0,1.0,63504,0.968994140625,0.7716326117515564,1.0146043300628662,0.25251050000224495
a0/a0a83e62.jpg,main_object,1.0,1.0,1.0,1.0,3824,0.058349609375,,0.9038930535316467,10.474451699999918
a0/a0a83e62.jpg,hint,0.0,0.0,0.0,0.0,23424,0.357421875,0.7209393978118896,0.9882451295852661,0.44920279999496415
a0/a0a83e62.jpg,carpet,0.0,0.0,0.0,0.0,23154,0.353302001953125,0.7037631869316101,0.9897068738937378,0.25150090000533964
a0/a0a83e62.jpg,rug,0.0,0.0,0.0,0.0,23424,0.357421875,0.7209393978118896,0.9882451295852661,0.2572935999996844
a0/a0a83e62.jpg,area_rug,0.0,0.0,0.0,0.0,23488,0.3583984375,0.700531005859375,0.9859156012535095,0.2780595000003814
a2/a2c10d4f.jpg,main_object,0.0,0.0,0.0,0.0,0,0.0,,0.9255855679512024,10.077990300000238
a2/a2c10d4f.jpg,hint,0.9783369214208827,0.9890498537713391,0.9852303523035231,0.992899085074423,7380,0.11260986328125,0.737725555896759,0.9869289994239807,0.43833700000686804
a2/a2c10d4f.jpg,carpet,0.0005372011818426001,0.0010738255033557046,0.000798562587342783,0.0016386726751331422,15027,0.2292938232421875,0.6977752447128296,0.9759983420372009,0.25455490000604186
a2/a2c10d4f.jpg,rug,0.00017917133258678612,0.00035827847194231716,0.0002665600426496068,0.0005462242250443807,15006,0.228973388671875,0.6755653023719788,0.9671452045440674,0.259513800003333
a2/a2c10d4f.jpg,area_rug,0.0005372252316783811,0.0010738735513893239,0.0007986157327299348,0.0016386726751331422,15026,0.229278564453125,0.6943532824516296,0.975014865398407,0.2487018000028911
a3/a354be65.jpg,main_object,1.0,1.0,1.0,1.0,21120,0.322265625,,1.0115164518356323,9.820431699998153
a3/a354be65.jpg,hint,0.0,0.0,0.0,0.0,7823,0.1193695068359375,0.4607343077659607,0.9788376092910767,0.4536136999959126
a3/a354be65.jpg,carpet,0.0,0.0,0.0,0.0,18843,0.2875213623046875,0.452134370803833,0.9894257187843323,0.2539474000004702
a3/a354be65.jpg,rug,0.0,0.0,0.0,0.0,18842,0.287506103515625,0.4395339787006378,0.9896238446235657,0.2547322999962489
a3/a354be65.jpg,area_rug,0.0,0.0,0.0,0.0,18839,0.2874603271484375,0.47251829504966736,0.9899068474769592,0.25353460000042105
a3/a355c9b0.jpg,main_object,0.0,0.0,0.0,0.0,0,0.0,,0.9054795503616333,9.800426800000423
a3/a355c9b0.jpg,hint,0.0701727730508769,0.13114288611702668,0.07719306623370421,0.43553819210561767,41882,0.8520914713541666,0.40451952815055847,0.9827737212181091,0.5095016999985091
a3/a355c9b0.jpg,carpet,0.0,0.0,0.0,0.0,1637,0.033304850260416664,0.27863436937332153,0.9725455641746521,0.3284379999968223
a3/a355c9b0.jpg,rug,0.0,0.0,0.0,0.0,0,0.0,0.35990390181541443,0.9839105010032654,0.33578030000353465
a3/a355c9b0.jpg,area_rug,0.0,0.0,0.0,0.0,0,0.0,,,0.3074874000012642
a5/a51dd9b7.jpg,main_object,1.0,1.0,1.0,1.0,915,0.0139617919921875,,0.8954643607139587,9.961540399999649
a5/a51dd9b7.jpg,hint,0.0,0.0,0.0,0.0,8641,0.1318511962890625,0.5249438285827637,0.9485609531402588,0.4935516000041389
a5/a51dd9b7.jpg,carpet,0.0,0.0,0.0,0.0,8642,0.131866455078125,0.5648791193962097,0.9486411809921265,0.2525708000030136
a5/a51dd9b7.jpg,rug,0.0,0.0,0.0,0.0,8641,0.1318511962890625,0.5249438285827637,0.9485609531402588,0.2541830000045593
a5/a51dd9b7.jpg,area_rug,0.0,0.0,0.0,0.0,8641,0.1318511962890625,0.641081690788269,0.9481098651885986,0.26030420000461163
aa/aa95b8aa.jpg,main_object,1.0,1.0,1.0,1.0,61056,0.931640625,,1.015562891960144,9.77482020000025
aa/aa95b8aa.jpg,hint,0.9942027097446586,0.9970929283031194,0.9942674744316331,0.9999344863731656,61404,0.93695068359375,0.40295469760894775,0.9574417471885681,0.4435873000038555
aa/aa95b8aa.jpg,carpet,0.23054245283018868,0.3747005270723527,1.0,0.23054245283018868,14076,0.21478271484375,0.4059753119945526,0.9931302666664124,0.24696679999760818
aa/aa95b8aa.jpg,rug,0.23054245283018868,0.3747005270723527,1.0,0.23054245283018868,14076,0.21478271484375,0.48069465160369873,0.9932848215103149,0.25706129999889527
aa/aa95b8aa.jpg,area_rug,0.23059158805031446,0.37476542223996806,1.0,0.23059158805031446,14079,0.2148284912109375,0.49616700410842896,0.9927338361740112,0.2694666000024881
ab/ab14547f.jpg,main_object,0.0,0.0,0.0,0.0,0,0.0,,0.8938066959381104,10.003749300005438
ab/ab14547f.jpg,hint,0.6223654515549095,0.767232131278956,0.624803194961791,0.9937700412276683,52082,0.7978247549019608,0.7689617276191711,0.9656120538711548,0.44878199999948265
ab/ab14547f.jpg,carpet,0.6223527386122324,0.7672224711681328,0.6249111550800085,0.9934646510917697,52057,0.7974417892156863,0.34254735708236694,0.9635224342346191,0.26139030000194907
ab/ab14547f.jpg,rug,0.6222885343739241,0.7671736823487796,0.6248343416882742,0.9934951901053596,52065,0.7975643382352942,0.34576401114463806,0.9623574614524841,0.2621062000034726
ab/ab14547f.jpg,area_rug,0.6221945852865206,0.7671022834497075,0.6248967120813236,0.9930981829286915,52039,0.7971660539215686,0.3711286783218384,0.9688116312026978,0.28065710000373656
ab/ab784771.jpg,main_object,0.0,0.0,0.0,0.0,0,0.0,,0.9519718885421753,9.826877999999851
ab/ab784771.jpg,hint,0.009144513292024785,0.018123297846001484,0.733957219251337,0.009174925213496665,748,0.01141357421875,0.4139280617237091,0.9642118215560913,0.46651420000125654
ab/ab784771.jpg,carpet,0.13516671603963004,0.23814425516491483,0.8987743488728387,0.13725621271119876,9138,0.139434814453125,0.3605000376701355,0.9544501900672913,0.36209190000226954
ab/ab784771.jpg,rug,0.13797472520239584,0.24249172173460387,0.8996781115879828,0.14013068837007203,9320,0.1422119140625,0.41614583134651184,0.9549839496612549,0.2506303999980446
ab/ab784771.jpg,area_rug,0.890573267933783,0.9421198141737135,0.9149187452758881,0.970987850326721,63504,0.968994140625,0.42136573791503906,0.9804210662841797,0.25662759999977425
ae/ae216eed.jpg,main_object,1.0,1.0,1.0,1.0,31253,0.4768829345703125,,1.0032110214233398,9.96013849999872
ae/ae216eed.jpg,hint,0.762,0.8649262202043133,0.7622044938886042,0.9996480337887563,40989,0.6254425048828125,0.7266977429389954,0.9869609475135803,0.4577981999973417
ae/ae216eed.jpg,carpet,0.7624731497754345,0.8652309396856174,0.7627710490330143,0.9994880491472818,40952,0.6248779296875,0.6943869590759277,0.9864791631698608,0.25597340000240365
ae/ae216eed.jpg,rug,0.762,0.8649262202043133,0.7622044938886042,0.9996480337887563,40989,0.6254425048828125,0.7266977429389954,0.9869609475135803,0.25467270000081044
ae/ae216eed.jpg,area_rug,0.7642338088130949,0.8663634094250132,0.7645705333757619,0.9994240552906921,40853,0.6233673095703125,0.6787057518959045,0.9890449643135071,0.2569117000020924
b4/b44ec23f.jpg,main_object,1.0,1.0,1.0,1.0,14331,0.2186737060546875,,0.9841653108596802,9.882023399994068
b4/b44ec23f.jpg,hint,0.9959548054121914,0.9979733035152701,0.9995100440960314,0.99644128113879,14287,0.2180023193359375,0.808517336845398,0.9760374426841736,0.4574711000022944
b4/b44ec23f.jpg,carpet,0.996024550146464,0.9980083161536043,0.999510078387458,0.9965110599399902,14288,0.218017578125,0.7432215213775635,0.974902868270874,0.2577806999979657
b4/b44ec23f.jpg,rug,0.9959548054121914,0.9979733035152701,0.9995100440960314,0.99644128113879,14287,0.2180023193359375,0.808517336845398,0.9760374426841736,0.2510813000044436
b4/b44ec23f.jpg,area_rug,0.9959548054121914,0.9979733035152701,0.9995100440960314,0.99644128113879,14287,0.2180023193359375,0.7483078241348267,0.9747057557106018,0.25496389999898383
b5/b5269505.jpg,main_object,1.0,1.0,1.0,1.0,5352,0.15486111111111112,,0.9130240082740784,9.88966619999701
b5/b5269505.jpg,hint,0.0,0.0,0.0,0.0,0,0.0,,,0.3293118000001414
b5/b5269505.jpg,carpet,0.0,0.0,0.0,0.0,2521,0.07294560185185185,0.6905642151832581,0.9764592051506042,0.5367076999973506
b5/b5269505.jpg,rug,0.0,0.0,0.0,0.0,2520,0.07291666666666667,0.7000719308853149,0.9758421778678894,0.33704349999607075
b5/b5269505.jpg,area_rug,0.0,0.0,0.0,0.0,2533,0.07329282407407407,0.71115642786026,0.9763475060462952,0.3458528000046499
b5/b5514d9c.jpg,main_object,0.0,0.0,0.0,0.0,0,0.0,,0.8812055587768555,9.863875399998506
b5/b5514d9c.jpg,hint,0.5034914269911505,0.669762950359828,0.9994510395937694,0.5036307053941909,14573,0.2223663330078125,0.7723122835159302,0.9791033267974854,0.47678300000552554
b5/b5514d9c.jpg,carpet,0.503387721238938,0.6696711887790296,0.9994509265614276,0.5035269709543568,14570,0.222320556640625,0.7008374929428101,0.9798743724822998,0.2627345000000787
b5/b5514d9c.jpg,rug,0.5034914269911505,0.669762950359828,0.9994510395937694,0.5036307053941909,14573,0.2223663330078125,0.7723122835159302,0.9791033267974854,0.26213080000161426
b5/b5514d9c.jpg,area_rug,0.5034914269911505,0.669762950359828,0.9994510395937694,0.5036307053941909,14573,0.2223663330078125,0.7375308275222778,0.9790281057357788,0.257624300000316
b5/b5b256c0.jpg,main_object,1.0,1.0,1.0,1.0,20512,0.4108974358974359,,0.9865735769271851,10.044422099999792
b5/b5b256c0.jpg,hint,0.44223098980229825,0.61325958591823,0.44223098980229825,1.0,46383,0.9291466346153846,0.8352670669555664,0.9828919172286987,0.520616699999664
b5/b5b256c0.jpg,carpet,0.0,0.0,0.0,0.0,13563,0.27169471153846153,0.3757525384426117,0.9935035109519958,0.32880309999745805
b5/b5b256c0.jpg,rug,0.4324506662169,0.6037913575886024,0.4324506662169,1.0,47432,0.9501602564102564,0.432201087474823,0.9827430248260498,0.3284385000006296
b5/b5b256c0.jpg,area_rug,0.4489974608177918,0.6197353314399662,0.4489974608177918,1.0,45684,0.9151442307692308,0.37237632274627686,0.9773957133293152,0.3102854999960982
b8/b82adf94.jpg,main_object,1.0,1.0,1.0,1.0,57718,0.880706787109375,,0.9969227313995361,9.789646100005484
b8/b82adf94.jpg,hint,0.99525804838515,0.997623389306116,0.99525804838515,1.0,57993,0.8849029541015625,0.8146128058433533,0.9597734212875366,0.46427020000555785
b8/b82adf94.jpg,carpet,0.28869676703974495,0.4480445275003025,1.0,0.28869676703974495,16663,0.2542572021484375,0.41260358691215515,0.9561418294906616,0.25154810000094585
b8/b82adf94.jpg,rug,0.28862746456911187,0.4479610632319131,1.0,0.28862746456911187,16659,0.2541961669921875,0.46579331159591675,0.9566069841384888,0.2558506999994279
b8/b82adf94.jpg,area_rug,0.28859281333379533,0.44791932773109244,1.0,0.28859281333379533,16657,0.2541656494140625,0.46067631244659424,0.957520604133606,0.26040089999878546
b8/b8ce6cbf.jpg,main_object,0.0,0.0,0.0,0.0,0,0.0,,0.912621021270752,9.817172100003518
b8/b8ce6cbf.jpg,hint,0.0,0.0,0.0,0.0,33383,0.5093841552734375,0.607808530330658,0.9652183651924133,0.45498719999886816
b8/b8ce6cbf.jpg,carpet,0.0,0.0,0.0,0.0,33391,0.5095062255859375,0.43623587489128113,0.9652155637741089,0.25974829999904614
b8/b8ce6cbf.jpg,rug,0.0,0.0,0.0,0.0,33383,0.5093841552734375,0.607808530330658,0.9652183651924133,0.26844460000575054
b8/b8ce6cbf.jpg,area_rug,0.0,0.0,0.0,0.0,33414,0.509857177734375,0.5340977311134338,0.9660160541534424,0.2553616000004695
b9/b9e5f582.jpg,main_object,1.0,1.0,1.0,1.0,40486,0.9357895710059172,,1.0121502876281738,9.885230399995635
b9/b9e5f582.jpg,hint,0.9952130678313224,0.9976007914914667,0.9989844949720117,0.9962209158721533,40374,0.9332008136094675,0.5501621961593628,1.0172892808914185,0.5548220999990008
b9/b9e5f582.jpg,carpet,0.7406510892654251,0.8510046543307981,1.0,0.7406510892654251,29986,0.6930935650887574,0.4386861324310303,0.9972197413444519,0.3547919999982696
b9/b9e5f582.jpg,rug,0.7406510892654251,0.8510046543307981,1.0,0.7406510892654251,29986,0.6930935650887574,0.49749574065208435,0.9970702528953552,0.361602099997981
b9/b9e5f582.jpg,area_rug,0.7406510892654251,0.8510046543307981,1.0,0.7406510892654251,29986,0.6930935650887574,0.5513912439346313,0.9971860647201538,0.3652823000011267
ba/ba64b33e.jpg,main_object,1.0,1.0,1.0,1.0,20848,0.318115234375,,0.9833182692527771,9.916563300001144
ba/ba64b33e.jpg,hint,0.0,0.0,0.0,0.0,4468,0.06817626953125,0.6268211007118225,0.9897574186325073,0.44750370000110706
ba/ba64b33e.jpg,carpet,0.0,0.0,0.0,0.0,0,0.0,,,0.2457189000051585
ba/ba64b33e.jpg,rug,0.0,0.0,0.0,0.0,0,0.0,,,0.2596607000014046
ba/ba64b33e.jpg,area_rug,0.0,0.0,0.0,0.0,0,0.0,,,0.24452949999977136
ba/ba9fccc8.jpg,main_object,1.0,1.0,1.0,1.0,3560,0.0543212890625,,0.9406719207763672,9.919018299995514
ba/ba9fccc8.jpg,hint,0.23891014025904303,0.38567791560587183,0.23891014025904303,1.0,14901,0.2273712158203125,0.8945260643959045,1.0066009759902954,0.4574528000011924
ba/ba9fccc8.jpg,carpet,0.0,0.0,0.0,0.0,9350,0.142669677734375,0.5634677410125732,0.9909522533416748,0.404146299995773
ba/ba9fccc8.jpg,rug,0.0,0.0,0.0,0.0,9357,0.1427764892578125,0.5450019836425781,0.9911308288574219,0.24684420000266982
ba/ba9fccc8.jpg,area_rug,0.0,0.0,0.0,0.0,9355,0.1427459716796875,0.5929858684539795,0.9910773634910583,0.2560243999978411
ba/baf91bee.jpg,main_object,1.0,1.0,1.0,1.0,1176,0.03328804347826087,,0.9810396432876587,9.852047100001073
ba/baf91bee.jpg,hint,0.036774133024797526,0.07093952646659629,0.036774133024797526,1.0,31979,0.9052026721014492,0.753332793712616,0.9795721769332886,0.5570224000039161
ba/baf91bee.jpg,carpet,0.03677873338545739,0.07094808603058732,0.03677873338545739,1.0,31975,0.9050894474637681,0.41170287132263184,0.9794405698776245,0.33975729999656323
ba/baf91bee.jpg,rug,0.03677873338545739,0.07094808603058732,0.03677873338545739,1.0,31975,0.9050894474637681,0.46225205063819885,0.9794520139694214,0.35676979999698233
ba/baf91bee.jpg,area_rug,0.03678678678678678,0.07096307023895727,0.03678678678678678,1.0,31968,0.904891304347826,0.40535321831703186,0.9797083735466003,0.34261569999944186
bb/bb09f081.jpg,main_object,1.0,1.0,1.0,1.0,19216,0.2978670634920635,,0.9783504605293274,9.965900800001691
bb/bb09f081.jpg,hint,0.0,0.0,0.0,0.0,0,0.0,,,0.25934070000221254
bb/bb09f081.jpg,carpet,0.0,0.0,0.0,0.0,2886,0.044735863095238096,0.5862510204315186,0.9336036443710327,0.46636040000157664
bb/bb09f081.jpg,rug,0.0,0.0,0.0,0.0,2889,0.04478236607142857,0.5711470246315002,0.9350403547286987,0.25651680000009947
bb/bb09f081.jpg,area_rug,0.0,0.0,0.0,0.0,2906,0.045045882936507936,0.6155379414558411,0.9368948340415955,0.25194130000454606
bc/bc80fc9f.jpg,main_object,0.0,0.0,0.0,0.0,0,0.0,,0.9546725749969482,10.219212000003608
bc/bc80fc9f.jpg,hint,0.0,0.0,0.0,0.0,48638,0.742156982421875,0.7328446507453918,0.9782155752182007,0.46943710000050487
bc/bc80fc9f.jpg,carpet,0.0,0.0,0.0,0.0,48635,0.7421112060546875,0.6821354627609253,0.9797176122665405,0.25853970000025583
bc/bc80fc9f.jpg,rug,0.0,0.0,0.0,0.0,48638,0.742156982421875,0.7328446507453918,0.9782155752182007,0.2628532999951858
bc/bc80fc9f.jpg,area_rug,0.0,0.0,0.0,0.0,48796,0.74456787109375,0.7276996970176697,0.9821595549583435,0.2615670000013779
bc/bcb7af0e.jpg,main_object,0.0,0.0,0.0,0.0,0,0.0,,0.8956854343414307,9.777644499998132
bc/bcb7af0e.jpg,hint,0.0,0.0,0.0,0.0,40325,0.6177236519607843,0.6287238001823425,0.9460508823394775,0.45289929999853484
bc/bcb7af0e.jpg,carpet,0.0,0.0,0.0,0.0,2069,0.03169424019607843,0.3395693302154541,0.8394914269447327,0.25927729999966687
bc/bcb7af0e.jpg,rug,0.0,0.0,0.0,0.0,0,0.0,,,0.24667929999850458
bc/bcb7af0e.jpg,area_rug,0.0,0.0,0.0,0.0,39639,0.6072150735294117,0.3063746392726898,0.9468396902084351,0.2531156999975792
bc/bce574bc.jpg,main_object,1.0,1.0,1.0,1.0,15071,0.2308670343137255,,0.9305585026741028,10.176611199996842
bc/bce574bc.jpg,hint,0.9260353209033291,0.9615974440894569,0.9272906525355844,0.9985402428505076,16229,0.24860600490196078,0.7217954993247986,0.9415521621704102,0.4718413000009605
bc/bce574bc.jpg,carpet,0.0,0.0,0.0,0.0,12837,0.1966452205882353,0.6842958331108093,0.909331738948822,0.2634325999970315
bc/bce574bc.jpg,rug,0.0,0.0,0.0,0.0,12813,0.19627757352941178,0.6460123062133789,0.9075638651847839,0.2512847999969381
bc/bce574bc.jpg,area_rug,0.0,0.0,0.0,0.0,13158,0.2015625,0.6642272472381592,0.9006786942481995,0.2610805999938748
bd/bd22a06a.jpg,main_object,1.0,1.0,1.0,1.0,3523,0.0537567138671875,,0.9776955842971802,10.016074499995739
bd/bd22a06a.jpg,hint,0.323711150050724,0.48909635616247477,0.32409972299168976,0.996309963099631,10830,0.165252685546875,0.813523530960083,0.9507838487625122,0.46149850000074366
bd/bd22a06a.jpg,carpet,0.0,0.0,0.0,0.0,0,0.0,,,0.26455649999843445
bd/bd22a06a.jpg,rug,0.0,0.0,0.0,0.0,0,0.0,,,0.2602478000044357
bd/bd22a06a.jpg,area_rug,0.0,0.0,0.0,0.0,0,0.0,,,0.24826909999683267
bd/bd3c9e15.jpg,main_object,0.0,0.0,0.0,0.0,0,0.0,,0.9007773399353027,10.111246100001154
bd/bd3c9e15.jpg,hint,0.7984322696765295,0.8879203105270542,0.9822651739337376,0.810110595303113,48323,0.7373504638671875,0.808138370513916,0.9897977709770203,0.45250819999637315
bd/bd3c9e15.jpg,carpet,0.7984386567063733,0.8879242600007484,0.9825258799171843,0.8099399235390496,48300,0.73699951171875,0.7764285206794739,0.9898087382316589,0.25516330000391463
bd/bd3c9e15.jpg,rug,0.7984322696765295,0.8879203105270542,0.9822651739337376,0.810110595303113,48323,0.7373504638671875,0.808138370513916,0.9897977709770203,0.26187339999887627
bd/bd3c9e15.jpg,area_rug,0.7985497737175928,0.8879929656514256,0.9824681238615665,0.8100935281267068,48312,0.7371826171875,0.7576054930686951,0.9892175793647766,0.2546063999980106
bd/bdd29338.jpg,main_object,1.0,1.0,1.0,1.0,11550,0.176239013671875,,0.921103298664093,10.006465899998148
bd/bdd29338.jpg,hint,0.0,0.0,0.0,0.0,12450,0.189971923828125,0.5996901392936707,0.9800905585289001,0.5401238000049489
bd/bdd29338.jpg,carpet,0.0,0.0,0.0,0.0,8384,0.1279296875,0.3684313893318176,0.9796679019927979,0.2631882999994559
bd/bdd29338.jpg,rug,0.0,0.0,0.0,0.0,8333,0.1271514892578125,0.3234899342060089,0.9788855314254761,0.2562764000031166
bd/bdd29338.jpg,area_rug,0.0,0.0,0.0,0.0,8482,0.129425048828125,0.468068927526474,0.9789714813232422,0.25556479999795556
be/be8260a5.jpg,main_object,1.0,1.0,1.0,1.0,19354,0.295318603515625,,0.9831897616386414,10.023125400002755
be/be8260a5.jpg,hint,0.9600318550594794,0.9796084207318622,0.9631960049937578,0.9965898522269299,20025,0.3055572509765625,0.6984725594520569,0.9937580227851868,0.4449964999948861
be/be8260a5.jpg,carpet,0.0,0.0,0.0,0.0,1057,0.0161285400390625,0.5593578219413757,0.9709663391113281,0.2583935000002384
be/be8260a5.jpg,rug,0.0,0.0,0.0,0.0,1058,0.016143798828125,0.5716047883033752,0.9706114530563354,0.2515501999951084
be/be8260a5.jpg,area_rug,0.0,0.0,0.0,0.0,1058,0.016143798828125,0.5753260850906372,0.9688889980316162,0.2523587999967276
bf/bfd81f8b.jpg,main_object,1.0,1.0,1.0,1.0,25006,0.381561279296875,,0.996196448802948,9.924606399996264
bf/bfd81f8b.jpg,hint,0.6764968480290036,0.8070362301299121,0.6765334559917747,0.9999200191953931,36959,0.5639495849609375,0.8157950639724731,0.9742819666862488,0.4435605000035139
bf/bfd81f8b.jpg,carpet,0.0,0.0,0.0,0.0,0,0.0,,,0.2510748999993666
bf/bfd81f8b.jpg,rug,0.0,0.0,0.0,0.0,0,0.0,,,0.2607115999999223
bf/bfd81f8b.jpg,area_rug,0.0,0.0,0.0,0.0,0,0.0,,,0.24482630000420613
c0/c094b465.jpg,main_object,1.0,1.0,1.0,1.0,8843,0.1349334716796875,,0.9369593262672424,10.091480499999307
c0/c094b465.jpg,hint,0.23340099353667004,0.37846733505121155,0.23405110075526273,0.988239285310415,37338,0.569732666015625,0.46655258536338806,0.9542554020881653,0.4531919000000926
c0/c094b465.jpg,carpet,0.0,0.0,0.0,0.0,0,0.0,0.3584558069705963,0.9662032127380371,0.25065339999855496
c0/c094b465.jpg,rug,0.0,0.0,0.0,0.0,0,0.0,0.25401023030281067,0.9667866826057434,0.25894919999700505
c0/c094b465.jpg,area_rug,0.0,0.0,0.0,0.0,0,0.0,0.3063960373401642,0.9576694965362549,0.2614317000043229
c1/c12cd74a.jpg,main_object,0.0,0.0,0.0,0.0,0,0.0,,0.9080379009246826,9.79013209999539
c1/c12cd74a.jpg,hint,0.571674030436917,0.7274714977354365,0.5772775411793867,0.9833039072695171,44379,0.6771697998046875,0.727653980255127,0.9354126453399658,0.4380717000021832
c1/c12cd74a.jpg,carpet,0.004694835680751174,0.009345794392523364,0.05110602593440122,0.005143164197436094,2622,0.040008544921875,0.4769550859928131,0.9606723785400391,0.2610712000023341
c1/c12cd74a.jpg,rug,0.004695493727661364,0.009347098214285714,0.05118411000763942,0.005143164197436094,2618,0.039947509765625,0.4699289798736572,0.9642072319984436,0.27118999999947846
c1/c12cd74a.jpg,area_rug,0.004832778847837506,0.009619070853518279,0.05229253505115574,0.005296691486911798,2639,0.0402679443359375,0.4622437357902527,0.9596617817878723,0.2653518000006443
c2/c2764f4b.jpg,main_object,0.0,0.0,0.0,0.0,0,0.0,,0.9307897090911865,9.925211000001582
c2/c2764f4b.jpg,hint,0.0,0.0,0.0,0.0,30549,0.4661407470703125,0.32382333278656006,0.9945671558380127,0.45753740000509424
c2/c2764f4b.jpg,carpet,0.0,0.0,0.0,0.0,2421,0.0369415283203125,0.2818518280982971,1.0123332738876343,0.26355619999958435
c2/c2764f4b.jpg,rug,0.0,0.0,0.0,0.0,0,0.0,,,0.2504670999987866
c2/c2764f4b.jpg,area_rug,0.0,0.0,0.0,0.0,2422,0.036956787109375,0.2661999464035034,1.0129860639572144,0.255866600004083
c3/c339ab63.jpg,main_object,1.0,1.0,1.0,1.0,3921,0.0598297119140625,,0.9818179607391357,10.125689599997713
c3/c339ab63.jpg,hint,0.1648310072305364,0.28301273954310874,0.1648310072305364,1.0,23788,0.36297607421875,0.8704015612602234,0.9616461396217346,0.4576784000018961
c3/c339ab63.jpg,carpet,0.0,0.0,0.0,0.0,15185,0.2317047119140625,0.4734126031398773,0.9932459592819214,0.26600459999463055
c3/c339ab63.jpg,rug,0.0,0.0,0.0,0.0,15182,0.231658935546875,0.40073201060295105,0.9934275150299072,0.24704639999981737
c3/c339ab63.jpg,area_rug,0.0,0.0,0.0,0.0,15185,0.2317047119140625,0.5618457794189453,0.9931043386459351,0.3780738999994355
c7/c7a55c2e.jpg,main_object,0.0,0.0,0.0,0.0,0,0.0,,0.947069525718689,9.890895299999102
c7/c7a55c2e.jpg,hint,0.00020803389061199788,0.0004159812430275871,0.0005611386012345049,0.000330489123903377,19603,0.2991180419921875,0.7230331897735596,0.9370365142822266,0.4528725999989547
c7/c7a55c2e.jpg,carpet,0.0072316009104704095,0.014359360655351804,0.033162987930847015,0.009163562071866362,9197,0.1403350830078125,0.3095339238643646,0.9544430375099182,0.24881589999858988
c7/c7a55c2e.jpg,rug,0.007255655142979087,0.01440677966101695,0.0332753371030883,0.00919360653767576,9196,0.14031982421875,0.3518069386482239,0.9545615315437317,0.283405700000003
c7/c7a55c2e.jpg,area_rug,0.007253935141285796,0.01440338903271358,0.03323919183141429,0.00919360653767576,9206,0.140472412109375,0.47405511140823364,0.9554525017738342,0.27708220000204165
c8/c81d7d33.jpg,main_object,1.0,1.0,1.0,1.0,61415,0.9371185302734375,,0.956771731376648,9.751735600002576
c8/c81d7d33.jpg,hint,0.9966519308282408,0.9983231583231583,0.9981606576055995,0.998485711959619,61435,0.9374237060546875,0.8717231750488281,0.9350932240486145,0.4438150999994832
c8/c81d7d33.jpg,carpet,0.9935212180110139,0.9967500812479688,0.9947295872861429,0.9987787999674347,61665,0.9409332275390625,0.3860645294189453,0.9430127143859863,0.29333480000059353
c8/c81d7d33.jpg,rug,0.9967493417417027,0.99837202487546,0.9981932711558181,0.9985508426280225,61437,0.9374542236328125,0.37039491534233093,0.9385619163513184,0.27232090000325115
c8/c81d7d33.jpg,area_rug,0.9933107659415947,0.9966441589677335,0.9947124274175236,0.9985834079622242,61654,0.940765380859375,0.5520600080490112,0.9610400199890137,0.25383910000527976
c8/c8e096a3.jpg,main_object,0.0,0.0,0.0,0.0,0,0.0,,0.9520924091339111,9.903951399996004
c8/c8e096a3.jpg,hint,0.006901709401709402,0.013708804617702608,0.22062841530054644,0.007074180336844872,1464,0.02978515625,0.41475334763526917,0.949569821357727,0.5083882999970228
c8/c8e096a3.jpg,carpet,0.0,0.0,0.0,0.0,0,0.0,,,0.3213409000018146
c8/c8e096a3.jpg,rug,0.0,0.0,0.0,0.0,0,0.0,,,0.31777080000028946
c8/c8e096a3.jpg,area_rug,0.0,0.0,0.0,0.0,0,0.0,,,0.30486120000568917
cb/cbc47d7c.jpg,main_object,1.0,1.0,1.0,1.0,21540,0.32867431640625,,0.996425986289978,10.001882899996417
cb/cbc47d7c.jpg,hint,0.9962889084752052,0.9981410047869127,0.9992090816041687,0.997075208913649,21494,0.327972412109375,0.7409836053848267,0.9899376630783081,0.4607304000019212
cb/cbc47d7c.jpg,carpet,0.9962428684076255,0.9981178985524084,0.9991161557426618,0.9971216341689879,21497,0.3280181884765625,0.7351588606834412,0.990583062171936,0.25317720000020927
cb/cbc47d7c.jpg,rug,0.9962889084752052,0.9981410047869127,0.9992090816041687,0.997075208913649,21494,0.327972412109375,0.7409836053848267,0.9899376630783081,0.2612825000032899
cb/cbc47d7c.jpg,area_rug,0.9962426941274701,0.9981178110840014,0.9991625959525471,0.997075208913649,21495,0.3279876708984375,0.7429064512252808,0.9905502200126648,0.26322009999421425
cc/ccbf4a5b.jpg,main_object,1.0,1.0,1.0,1.0,40836,0.9328399122807017,,0.96965491771698,9.749858600000152
cc/ccbf4a5b.jpg,hint,0.4221030463316681,0.5936321526354761,1.0,0.4221030463316681,17237,0.39375456871345027,0.5068840980529785,1.004189372062683,0.5552362000016728
cc/ccbf4a5b.jpg,carpet,0.9703450242372398,0.9849493487698987,0.9703450242372398,1.0,42084,0.9613486842105263,0.3691210448741913,0.9828082323074341,0.3694695000012871
cc/ccbf4a5b.jpg,rug,0.42202958174160055,0.5935594971586017,1.0,0.42202958174160055,17234,0.3936860380116959,0.48630616068840027,1.0082855224609375,0.36766350000107195
cc/ccbf4a5b.jpg,area_rug,0.4221030463316681,0.5936321526354761,1.0,0.4221030463316681,17237,0.39375456871345027,0.4037565290927887,1.006362795829773,0.3662742000014987
d0/d09968ca.jpg,main_object,1.0,1.0,1.0,1.0,1130,0.023110274869109947,,0.9746031761169434,9.83037350000086
d0/d09968ca.jpg,hint,0.0,0.0,0.0,0.0,6211,0.1270247054973822,0.6059198975563049,1.0162461996078491,0.554210599999351
d0/d09968ca.jpg,carpet,0.0,0.0,0.0,0.0,0,0.0,,,0.3039256000047317
d0/d09968ca.jpg,rug,0.0,0.0,0.0,0.0,0,0.0,,,0.3214977999959956
d0/d09968ca.jpg,area_rug,0.0,0.0,0.0,0.0,3948,0.08074280104712042,0.34059759974479675,0.9503880739212036,0.32337289999850327
d1/d124f682.jpg,main_object,1.0,1.0,1.0,1.0,59452,0.90716552734375,,0.9587914943695068,10.007512799995311
d1/d124f682.jpg,hint,0.9986058152621236,0.9993024213543111,0.9986393643647847,0.9999663594159994,59531,0.9083709716796875,0.7982778549194336,0.9777144193649292,0.45214990000386024
d1/d124f682.jpg,carpet,0.8572461817937159,0.9231368358133258,1.0,0.8572461817937159,50965,0.7776641845703125,0.33164963126182556,0.949899435043335,0.27004650000162655
d1/d124f682.jpg,rug,0.9449808248671197,0.971712227478315,1.0,0.9449808248671197,56181,0.8572540283203125,0.36976689100265503,0.9361478090286255,0.26754880000225967
d1/d124f682.jpg,area_rug,0.8573302832537173,0.923185597073047,1.0,0.8573302832537173,50970,0.777740478515625,0.4323807656764984,0.958195686340332,0.26222089999646414
d2/d224d5b5.jpg,main_object,1.0,1.0,1.0,1.0,42115,0.6426239013671875,,0.9951370358467102,10.172198899999785
d2/d224d5b5.jpg,hint,0.8198971842504965,0.9010368182839534,0.8200568712994702,0.9997625549091772,51344,0.783447265625,0.7753140330314636,0.9820506572723389,0.4625199000001885
d2/d224d5b5.jpg,carpet,0.8199501538221894,0.9010688035605388,0.8200140203294778,0.9999050219636709,51354,0.783599853515625,0.7305260300636292,0.9815878868103027,0.2521835000006831
d2/d224d5b5.jpg,rug,0.8198971842504965,0.9010368182839534,0.8200568712994702,0.9997625549091772,51344,0.783447265625,0.7753140330314636,0.9820506572723389,0.27351479999924777
d2/d224d5b5.jpg,area_rug,0.8197621225983531,0.9009552538964304,0.8198099984426102,0.9999287664727532,51368,0.7838134765625,0.7612980008125305,0.975767970085144,0.26957830000174
d5/d50c75a0.jpg,main_object,1.0,1.0,1.0,1.0,38185,0.5826568603515625,,1.0087921619415283,10.13509769999655
d5/d50c75a0.jpg,hint,0.0,0.0,0.0,0.0,0,0.0,,,0.2484355999986292
d5/d50c75a0.jpg,carpet,0.0,0.0,0.0,0.0,9999,0.1525726318359375,0.33977586030960083,0.998117983341217,0.45860179999726824
d5/d50c75a0.jpg,rug,0.0,0.0,0.0,0.0,6885,0.1050567626953125,0.3880993127822876,0.998543381690979,0.26050219999888213
d5/d50c75a0.jpg,area_rug,0.0,0.0,0.0,0.0,9999,0.1525726318359375,0.34409964084625244,0.9956210255622864,0.26040780000039376
d5/d584c562.jpg,main_object,0.0,0.0,0.0,0.0,0,0.0,,0.9334898591041565,10.13108729999658
d5/d584c562.jpg,hint,0.06198565496413741,0.11673539030285796,0.09203691939763088,0.15955172637170434,26761,0.4083404541015625,0.7061305642127991,0.9815086126327515,0.4501811000009184
d5/d584c562.jpg,carpet,0.06421833731606087,0.12068639500803631,0.09500948978452607,0.16538187471659002,26871,0.4100189208984375,0.6505657434463501,0.9814791679382324,0.26047109999490203
d5/d584c562.jpg,rug,0.06198565496413741,0.11673539030285796,0.09203691939763088,0.15955172637170434,26761,0.4083404541015625,0.7061305642127991,0.9815086126327515,0.2592304999998305
d5/d584c562.jpg,area_rug,0.060548247816045786,0.1141829199015338,0.08996307485733468,0.1562479756429358,26811,0.4091033935546875,0.6649088263511658,0.9815671443939209,0.25589059999765595
d7/d7f87110.jpg,main_object,1.0,1.0,1.0,1.0,32860,0.50140380859375,,1.0004138946533203,9.98138530000142
d7/d7f87110.jpg,hint,0.8930224957786371,0.9434885193071301,0.8947282252783235,0.9978697504564821,36648,0.5592041015625,0.8516095876693726,0.9735559821128845,0.45462899999984074
d7/d7f87110.jpg,carpet,0.9110203628080118,0.9534386765710631,0.9126937741782861,0.9979914790018259,35931,0.5482635498046875,0.8505743741989136,0.9734208583831787,0.25710629999957746
d7/d7f87110.jpg,rug,0.8930224957786371,0.9434885193071301,0.8947282252783235,0.9978697504564821,36648,0.5592041015625,0.8516095876693726,0.9735559821128845,0.2555592999997316
d7/d7f87110.jpg,area_rug,0.8906029331884845,0.9421364132620812,0.8922507618633,0.997930614729154,36752,0.560791015625,0.8005532026290894,0.9736191034317017,0.25374899999587797
db/db84a9ff.jpg,main_object,1.0,1.0,1.0,1.0,46131,0.7066636029411765,,1.0091866254806519,10.029529999999795
db/db84a9ff.jpg,hint,0.736152557248863,0.8480275010110666,0.736152557248863,1.0,62665,0.9599417892156863,0.30938372015953064,0.9719295501708984,0.4524768000046606
db/db84a9ff.jpg,carpet,0.0,0.0,0.0,0.0,8819,0.13509497549019608,0.4469585418701172,0.9301010966300964,0.2507742000016151
db/db84a9ff.jpg,rug,0.0,0.0,0.0,0.0,5014,0.07680759803921569,0.3698190152645111,1.0051202774047852,0.26111949999904027
db/db84a9ff.jpg,area_rug,0.0,0.0,0.0,0.0,8862,0.13575367647058822,0.4434204697608948,0.9303221702575684,0.26441679999697953
dc/dc134e63.jpg,main_object,1.0,1.0,1.0,1.0,12509,0.2211008201357466,,0.9485205411911011,9.858861200002139
dc/dc134e63.jpg,hint,0.8328229027962717,0.9087870972429075,0.8328229027962717,1.0,15020,0.2654835972850679,0.6129713654518127,0.9883551001548767,0.4830290000027162
dc/dc134e63.jpg,carpet,0.0,0.0,0.0,0.0,11058,0.19545390271493213,0.4189176857471466,0.9900835752487183,0.2780136000001221
dc/dc134e63.jpg,rug,0.0,0.0,0.0,0.0,0,0.0,,,0.2792212999993353
dc/dc134e63.jpg,area_rug,0.0,0.0,0.0,0.0,11053,0.19536552601809956,0.4727229177951813,0.9901532530784607,0.290012100005697
dc/dceae0cd.jpg,main_object,1.0,1.0,1.0,1.0,1570,0.023956298828125,,0.9148446321487427,9.967096400003356
dc/dceae0cd.jpg,hint,0.031123622234557134,0.06036836236397893,0.031123622234557134,1.0,50444,0.76971435546875,0.8103585243225098,0.983394980430603,0.4536644999971031
dc/dceae0cd.jpg,carpet,0.03131982125758059,0.06073735927888893,0.03131982125758059,1.0,50128,0.764892578125,0.7560141682624817,0.9828413724899292,0.2670855999967898
dc/dceae0cd.jpg,rug,0.031123622234557134,0.06036836236397893,0.031123622234557134,1.0,50444,0.76971435546875,0.8103585243225098,0.983394980430603,0.2601972999982536
dc/dceae0cd.jpg,area_rug,0.030784313725490196,0.05972988396423816,0.030784313725490196,1.0,51000,0.7781982421875,0.7306238412857056,0.9830778241157532,0.25834089999989374
dd/dd06513d.jpg,main_object,1.0,1.0,1.0,1.0,13701,0.2090606689453125,,0.9907707571983337,10.053025799999887
dd/dd06513d.jpg,hint,0.969825754356141,0.9846817691477886,0.9704443971932809,0.9993431136413401,14109,0.2152862548828125,0.722470760345459,0.996536910533905,0.45318440000119153
dd/dd06513d.jpg,carpet,0.0,0.0,0.0,0.0,1106,0.016876220703125,0.5925840735435486,0.9771103262901306,0.25237980000383686
dd/dd06513d.jpg,rug,0.0,0.0,0.0,0.0,1107,0.0168914794921875,0.610093355178833,0.9772670865058899,0.2588206000000355
dd/dd06513d.jpg,area_rug,0.0,0.0,0.0,0.0,1112,0.0169677734375,0.6648039817810059,0.9766639471054077,0.25525809999817284
dd/dda4ed8d.jpg,main_object,1.0,1.0,1.0,1.0,14100,0.21514892578125,,0.9520983099937439,9.89382779999869
dd/dda4ed8d.jpg,hint,0.22203325774754346,0.3633833307561466,0.22203325774754346,1.0,63504,0.968994140625,0.7731022238731384,0.9534376859664917,0.4604221999979927
dd/dda4ed8d.jpg,carpet,0.0,0.0,0.0,0.0,4385,0.0669097900390625,0.3531457185745239,0.981999397277832,0.24609630000486504
dd/dda4ed8d.jpg,rug,0.0,0.0,0.0,0.0,4284,0.06536865234375,0.35115480422973633,0.9837356805801392,0.25962869999784743
dd/dda4ed8d.jpg,area_rug,0.0,0.0,0.0,0.0,4280,0.0653076171875,0.37372297048568726,0.9818326830863953,0.26880769999843324
e0/e0cfa227.jpg,main_object,0.0,0.0,0.0,0.0,0,0.0,,0.9043624401092529,10.121929799999634
e0/e0cfa227.jpg,hint,0.2969626369833463,0.4579355310867902,0.9248857833915614,0.3043016932667227,7442,0.113555908203125,0.7016197443008423,0.8462880253791809,0.44285399999353103
e0/e0cfa227.jpg,carpet,0.2947336666092053,0.45528076423792563,0.9212015086206896,0.30235642601352847,7424,0.11328125,0.7236289381980896,0.8556598424911499,0.2625698999981978
e0/e0cfa227.jpg,rug,0.2969626369833463,0.4579355310867902,0.9248857833915614,0.3043016932667227,7442,0.113555908203125,0.7016197443008423,0.8462880253791809,0.26844770000025164
e0/e0cfa227.jpg,area_rug,0.2987623442149295,0.4600723843676329,0.9239797279274473,0.30629117113930765,7498,0.114410400390625,0.7242948412895203,0.819034993648529,0.26000919999933103
e5/e5722224.jpg,main_object,0.0,0.0,0.0,0.0,0,0.0,,0.9295499324798584,9.838063399998646
e5/e5722224.jpg,hint,0.5214916492937621,0.685500508051852,0.5262747322884902,0.982870513443115,42303,0.6454925537109375,0.6067463159561157,0.9864019155502319,0.5088739999991958
e5/e5722224.jpg,carpet,0.0,0.0,0.0,0.0,2076,0.03167724609375,0.6335796117782593,0.9935491681098938,0.24572029999399092
e5/e5722224.jpg,rug,0.0,0.0,0.0,0.0,2076,0.03167724609375,0.5710813403129578,0.9939252734184265,0.28497559999959776
e5/e5722224.jpg,area_rug,0.0,0.0,0.0,0.0,2077,0.0316925048828125,0.6550453901290894,0.9954574704170227,0.2701649999944493
e6/e63956e3.jpg,main_object,1.0,1.0,1.0,1.0,22748,0.34710693359375,,1.0105006694793701,10.206067500002973
e6/e63956e3.jpg,hint,0.5427240143369175,0.7035918405278565,0.5431782853043167,0.9984614032002813,41815,0.6380462646484375,0.8330195546150208,0.9863709211349487,0.45160609999584267
e6/e63956e3.jpg,carpet,0.5357429339876374,0.6976987126309645,0.5362489963632928,0.9982416036574644,42346,0.646148681640625,0.81119704246521,0.9877097606658936,0.26272769999923185
e6/e63956e3.jpg,rug,0.5427240143369175,0.7035918405278565,0.5431782853043167,0.9984614032002813,41815,0.6380462646484375,0.8330195546150208,0.9863709211349487,0.2606618000063463
e6/e63956e3.jpg,area_rug,0.5326960474215693,0.6951098338352416,0.5328458599920317,0.9994724810972393,42669,0.6510772705078125,0.7884061336517334,0.986983597278595,0.252791699997033
e9/e9c4028d.jpg,main_object,0.0,0.0,0.0,0.0,0,0.0,,0.9163832664489746,9.90864220000367
e9/e9c4028d.jpg,hint,0.924702814633024,0.960878539380464,0.9529726055547652,0.9689167470266795,63261,0.9652862548828125,0.7168995141983032,0.9815554618835449,0.45338420000189217
e9/e9c4028d.jpg,carpet,0.6741373233795777,0.805354870195114,0.9952226663197975,0.6763259402121504,42283,0.6451873779296875,0.4631381332874298,1.0037117004394531,0.2635673999975552
e9/e9c4028d.jpg,rug,0.6740763280536827,0.8053113430465604,0.9947767719978257,0.6764705882352942,42311,0.6456146240234375,0.5475434064865112,1.0047743320465088,0.25778580000041984
e9/e9c4028d.jpg,area_rug,0.6741373233795777,0.805354870195114,0.9952226663197975,0.6763259402121504,42283,0.6451873779296875,0.43736734986305237,1.0035251379013062,0.2654610999961733
ea/ea1ff0a4.jpg,main_object,1.0,1.0,1.0,1.0,1271,0.0193939208984375,,0.9308472871780396,10.349350499993307
ea/ea1ff0a4.jpg,hint,0.02092973471437746,0.04100132262331043,0.02092973471437746,1.0,60727,0.9266204833984375,0.8361079692840576,0.9511810541152954,0.4569900999995298
ea/ea1ff0a4.jpg,carpet,0.021309414033028752,0.041729594851927246,0.021309414033028752,1.0,59645,0.9101104736328125,0.805371105670929,0.9516561031341553,0.2538568999952986
ea/ea1ff0a4.jpg,rug,0.02092973471437746,0.04100132262331043,0.02092973471437746,1.0,60727,0.9266204833984375,0.8361079692840576,0.9511810541152954,0.3281005000026198
ea/ea1ff0a4.jpg,area_rug,0.02086137281292059,0.04087013843111404,0.02086137281292059,1.0,60926,0.929656982421875,0.7611637115478516,0.9510127305984497,0.24864190000516828
eb/ebdd8b5e.jpg,main_object,1.0,1.0,1.0,1.0,2899,0.048811287715517244,,0.9454691410064697,10.012738700002956
eb/ebdd8b5e.jpg,hint,0.0,0.0,0.0,0.0,19703,0.3317450161637931,0.7889509797096252,0.8706848621368408,0.5152178999996977
eb/ebdd8b5e.jpg,carpet,0.0,0.0,0.0,0.0,3804,0.0640490301724138,0.6353926658630371,0.9880813956260681,0.2696838999981992
eb/ebdd8b5e.jpg,rug,0.0,0.0,0.0,0.0,3803,0.06403219288793104,0.5944961905479431,0.9879606366157532,0.2806988000011188
eb/ebdd8b5e.jpg,area_rug,0.0,0.0,0.0,0.0,3805,0.06406586745689655,0.6645710468292236,0.986812174320221,0.27861590000247816
ef/efe63626.jpg,main_object,1.0,1.0,1.0,1.0,28783,0.4391937255859375,,1.0034006834030151,10.019161400006851
ef/efe63626.jpg,hint,0.6801503617192303,0.809630348825756,0.6803755557657742,0.9995136017788278,42284,0.64520263671875,0.8044295310974121,0.9822403788566589,0.45352139999886276
ef/efe63626.jpg,carpet,0.6714902555724122,0.8034629616700412,0.6716940605155024,0.9995483445089115,42832,0.653564453125,0.8105579614639282,0.9778687953948975,0.2622172999981558
ef/efe63626.jpg,rug,0.6801503617192303,0.809630348825756,0.6803755557657742,0.9995136017788278,42284,0.64520263671875,0.8044295310974121,0.9822403788566589,0.2506629999988945
ef/efe63626.jpg,area_rug,0.7082337873451393,0.8292000692081435,0.7087225494787174,0.9990272035576555,40573,0.6190948486328125,0.7848293781280518,0.9651448130607605,0.2540978000033647
ef/effd7df5.jpg,main_object,0.0,0.0,0.0,0.0,0,0.0,,0.8916199207305908,10.085481199996138
ef/effd7df5.jpg,hint,0.680173864273696,0.8096469999165484,0.8121352721706687,0.8071739285459603,41812,0.63800048828125,0.8462300300598145,0.9830458164215088,0.44566880000638776
ef/effd7df5.jpg,carpet,0.6801874887326482,0.809656652360515,0.8121546961325967,0.8071739285459603,41811,0.6379852294921875,0.7676355838775635,0.9833763837814331,0.2651023999933386
ef/effd7df5.jpg,rug,0.680173864273696,0.8096469999165484,0.8121352721706687,0.8071739285459603,41812,0.63800048828125,0.8462300300598145,0.9830458164215088,0.25604529999691295
ef/effd7df5.jpg,area_rug,0.6798334300987007,0.8094057635925918,0.8116499749025982,0.8071739285459603,41837,0.6383819580078125,0.6944025754928589,0.9846670627593994,0.2570597999947495
f1/f10cbde6.jpg,main_object,1.0,1.0,1.0,1.0,18740,0.28594970703125,,0.9650272130966187,9.896839900000487
f1/f10cbde6.jpg,hint,0.33003997816170905,0.4962858013003006,0.33003997816170905,1.0,56781,0.8664093017578125,0.6820870637893677,0.9376856088638306,0.45380889999796636
f1/f10cbde6.jpg,carpet,0.0,0.0,0.0,0.0,0,0.0,,,0.24848810000548838
f1/f10cbde6.jpg,rug,0.0,0.0,0.0,0.0,0,0.0,,,0.2579235999946832
f1/f10cbde6.jpg,area_rug,0.0,0.0,0.0,0.0,0,0.0,,,0.2515348000015365
f1/f12d8c6f.jpg,main_object,1.0,1.0,1.0,1.0,10925,0.1667022705078125,,1.0127639770507812,10.06572060000326
f1/f12d8c6f.jpg,hint,0.0,0.0,0.0,0.0,0,0.0,,,0.25168269999994664
f1/f12d8c6f.jpg,carpet,0.0,0.0,0.0,0.0,0,0.0,,,0.2458224000001792
f1/f12d8c6f.jpg,rug,0.0,0.0,0.0,0.0,0,0.0,,,0.24728370000229916
f1/f12d8c6f.jpg,area_rug,0.0,0.0,0.0,0.0,0,0.0,,,0.25077990000136197
f2/f2a70afe.jpg,main_object,1.0,1.0,1.0,1.0,23682,0.361358642578125,,0.9777823090553284,9.881391499999154
f2/f2a70afe.jpg,hint,0.7180872045392481,0.8359147342952511,0.7184359916213837,0.9993243813867072,32941,0.5026397705078125,0.6429420709609985,0.9760162830352783,0.4647317999988445
f2/f2a70afe.jpg,carpet,0.7124665081133155,0.8320939472250057,0.7128098551248456,0.9993243813867072,33201,0.5066070556640625,0.5801727771759033,0.9760995507240295,0.2773266000003787
f2/f2a70afe.jpg,rug,0.7180872045392481,0.8359147342952511,0.7184359916213837,0.9993243813867072,32941,0.5026397705078125,0.6429420709609985,0.9760162830352783,0.26174080000055255
f2/f2a70afe.jpg,area_rug,0.7419041349258597,0.8518311886979214,0.7422764482639651,0.9993243813867072,31883,0.4864959716796875,0.646906852722168,0.9773610830307007,0.25694230000226526
f4/f4094c37.jpg,main_object,0.0,0.0,0.0,0.0,0,0.0,,0.9388236999511719,9.847701500002586
f4/f4094c37.jpg,hint,0.08819652486518874,0.16209668538707192,0.8133880644142721,0.09001799661034718,6334,0.096649169921875,0.3239460289478302,0.9711226224899292,0.4555097000047681
f4/f4094c37.jpg,carpet,0.0,0.0,0.0,0.0,0,0.0,,,0.2545486000017263
f4/f4094c37.jpg,rug,0.0,0.0,0.0,0.0,0,0.0,,,0.24669059999723686
f4/f4094c37.jpg,area_rug,0.017032947835505397,0.03349537076798873,0.9908536585365854,0.01703562629951252,984,0.0150146484375,0.3356875777244568,0.9732392430305481,0.27751030000217725
f4/f42db37d.jpg,main_object,1.0,1.0,1.0,1.0,2042,0.031158447265625,,0.9421082735061646,10.3755908000021
f4/f42db37d.jpg,hint,0.0422923182072365,0.0811525086934923,0.0422923182072365,1.0,48283,0.7367401123046875,0.7106212377548218,0.9682090282440186,0.45048359999782406
f4/f42db37d.jpg,carpet,0.04229582220012842,0.08115895948013752,0.04229582220012842,1.0,48279,0.7366790771484375,0.6939241886138916,0.9817160367965698,0.2566099000032409
f4/f42db37d.jpg,rug,0.042299326773692386,0.08116541129240615,0.042299326773692386,1.0,48275,0.7366180419921875,0.8174676895141602,0.9817500114440918,0.25823140000284184
f4/f42db37d.jpg,area_rug,0.042299326773692386,0.08116541129240615,0.042299326773692386,1.0,48275,0.7366180419921875,0.6995988488197327,0.9695602059364319,0.2570216999956756
f5/f54cda07.jpg,main_object,1.0,1.0,1.0,1.0,26123,0.3986053466796875,,0.9708413481712341,10.084931199999119
f5/f54cda07.jpg,hint,4.898479022263587e-05,9.796478166099288e-05,0.00013598041881968996,7.656088504383111e-05,14708,0.22442626953125,0.8055719137191772,0.9928480982780457,0.45282950000546407
f5/f54cda07.jpg,carpet,4.8983590497183446e-05,9.796238244514106e-05,0.00013597117411108845,7.656088504383111e-05,14709,0.2244415283203125,0.7519188523292542,0.992724597454071,0.258079600003839
f5/f54cda07.jpg,rug,4.898479022263587e-05,9.796478166099288e-05,0.00013598041881968996,7.656088504383111e-05,14708,0.22442626953125,0.8055719137191772,0.9928480982780457,0.25124769999820273
f5/f54cda07.jpg,area_rug,4.8983590497183446e-05,9.796238244514106e-05,0.00013597117411108845,7.656088504383111e-05,14709,0.2244415283203125,0.779715895652771,0.9935535788536072,0.26567290000093635
f5/f55fd10e.jpg,main_object,1.0,1.0,1.0,1.0,21381,0.3262481689453125,,1.0064598321914673,10.21782720000192
f5/f55fd10e.jpg,hint,0.9983167344648618,0.9991576582900463,0.9997190616659644,0.9985968850848884,21357,0.3258819580078125,0.759016215801239,0.9997313618659973,0.5299866999994265
f5/f55fd10e.jpg,carpet,0.9984103235459136,0.999204529502597,0.9996722999859557,0.9987371965763996,21361,0.3259429931640625,0.7289323210716248,0.9986059069633484,0.25039839999953983
f5/f55fd10e.jpg,rug,0.9983167344648618,0.9991576582900463,0.9997190616659644,0.9985968850848884,21357,0.3258819580078125,0.759016215801239,0.9997313618659973,0.2476745000021765
f5/f55fd10e.jpg,area_rug,0.9982700579764354,0.9991342801656566,0.9996722539563629,0.9985968850848884,21358,0.325897216796875,0.745928168296814,0.9984739422798157,0.25820560000283876
f5/f5e5e60c.jpg,main_object,1.0,1.0,1.0,1.0,20006,0.305267333984375,,0.9843622446060181,10.032175099993765
f5/f5e5e60c.jpg,hint,0.9968562874251496,0.9984256690906365,0.9983009344860326,0.9985504348695391,20011,0.3053436279296875,0.7379546761512756,1.0011448860168457,0.46696720000181813
f5/f5e5e60c.jpg,carpet,0.9968562874251496,0.9984256690906365,0.9983009344860326,0.9985504348695391,20011,0.3053436279296875,0.7018132209777832,1.001121997833252,0.2508644000045024
f5/f5e5e60c.jpg,rug,0.9968562874251496,0.9984256690906365,0.9983009344860326,0.9985504348695391,20011,0.3053436279296875,0.7379546761512756,1.0011448860168457,0.25629230000049574
f5/f5e5e60c.jpg,area_rug,0.9968562874251496,0.9984256690906365,0.9983009344860326,0.9985504348695391,20011,0.3053436279296875,0.7210475206375122,1.0014967918395996,0.26494580000144197
f6/f6ac4355.jpg,main_object,0.0,0.0,0.0,0.0,0,0.0,,0.9471831321716309,9.836969399999361
f6/f6ac4355.jpg,hint,0.0,0.0,0.0,0.0,3186,0.048614501953125,0.38201597332954407,0.9839494228363037,0.5128807000000961
f6/f6ac4355.jpg,carpet,0.0,0.0,0.0,0.0,1909,0.0291290283203125,0.2777581214904785,0.9559612274169922,0.25362870000390103
f6/f6ac4355.jpg,rug,0.0,0.0,0.0,0.0,2052,0.03131103515625,0.346180260181427,0.9981715083122253,0.2808197999984259
f6/f6ac4355.jpg,area_rug,0.0,0.0,0.0,0.0,1975,0.0301361083984375,0.30827656388282776,0.953845739364624,0.2629887000002782
f7/f7334160.jpg,main_object,1.0,1.0,1.0,1.0,2939,0.0448455810546875,,0.9101598262786865,10.007523799999035
f7/f7334160.jpg,hint,0.0,0.0,0.0,0.0,13258,0.202301025390625,0.7884758710861206,0.9081476926803589,0.45062099999631755
f7/f7334160.jpg,carpet,0.0,0.0,0.0,0.0,3896,0.0594482421875,0.5660357475280762,0.9714031219482422,0.262459100005799
f7/f7334160.jpg,rug,0.0,0.0,0.0,0.0,3899,0.0594940185546875,0.6019322872161865,0.9721535444259644,0.26409509999939473
f7/f7334160.jpg,area_rug,0.0,0.0,0.0,0.0,3901,0.0595245361328125,0.6444639563560486,0.9730967879295349,0.24895039999682922
f8/f851c788.jpg,main_object,1.0,1.0,1.0,1.0,46777,0.9370392628205129,,1.0051369667053223,9.744514700003492
f8/f851c788.jpg,hint,0.9948954633430461,0.997441200929697,0.9948954633430461,1.0,47017,0.9418469551282052,0.8207801580429077,1.0028748512268066,0.5991334999998799
f8/f851c788.jpg,carpet,0.9667357889561109,0.9830865888388878,1.0,0.9667357889561109,45221,0.905869391025641,0.4590361416339874,0.9968339204788208,0.3206255000040983
f8/f851c788.jpg,rug,0.896936528635868,0.9456684660723744,1.0,0.896936528635868,41956,0.8404647435897435,0.3706492483615875,0.9811707735061646,0.3087835000042105
f8/f851c788.jpg,area_rug,0.9703059195758599,0.9849292030597299,1.0,0.9703059195758599,45388,0.9092147435897436,0.3648891746997833,0.9964720606803894,0.31711770000401884
f8/f863c15b.jpg,main_object,1.0,1.0,1.0,1.0,40757,0.9310352704678363,,1.011156678199768,10.182904499997676
f8/f863c15b.jpg,hint,0.9985533897266152,0.9992761713143011,0.9993129508759876,0.9992393944598474,40754,0.9309667397660819,0.8640592694282532,1.0056133270263672,0.5490637999973842
f8/f863c15b.jpg,carpet,0.9991412518095051,0.9995704414634445,1.0,0.9991412518095051,40722,0.9302357456140351,0.665859580039978,1.002025842666626,0.3594301999983145
f8/f863c15b.jpg,rug,0.9987732168707216,0.9993862319552195,1.0,0.9987732168707216,40707,0.9298930921052632,0.6302978992462158,1.000167727470398,0.3601712999952724
f8/f863c15b.jpg,area_rug,0.9989940625153344,0.9994967781528076,0.9999754408369763,0.9990185734965773,40718,0.9301443713450293,0.5781888365745544,1.0092015266418457,0.35823030000028666
f8/f8b05ebd.jpg,main_object,1.0,1.0,1.0,1.0,36687,0.5597991943359375,,0.9975596070289612,10.202743399997416
f8/f8b05ebd.jpg,hint,0.8624970608981896,0.9261728021006919,0.8625984714873604,0.9998637119415597,42525,0.6488800048828125,0.8461965918540955,0.9869522452354431,0.4582001999951899
f8/f8b05ebd.jpg,carpet,0.8624767816416261,0.9261611099188265,0.862578187461788,0.9998637119415597,42526,0.648895263671875,0.8104174733161926,0.9870916604995728,0.2572255000050063
f8/f8b05ebd.jpg,rug,0.8624970608981896,0.9261728021006919,0.8625984714873604,0.9998637119415597,42525,0.6488800048828125,0.8461965918540955,0.9869522452354431,0.24649869999848306
f8/f8b05ebd.jpg,area_rug,0.8622132380594209,0.926009138414157,0.862314581913068,0.9998637119415597,42539,0.6490936279296875,0.8220796585083008,0.9868910312652588,0.2629933999996865
f9/f943d2bb.jpg,main_object,0.0,0.0,0.0,0.0,0,0.0,,0.8803828954696655,9.783198800003447
f9/f943d2bb.jpg,hint,0.15962342466989501,0.27530217357472636,0.15978683045795322,0.9936341509080696,33213,0.9333689298561151,0.5562509894371033,0.9971469640731812,0.5518461000028765
f9/f943d2bb.jpg,carpet,0.0,0.0,0.0,0.0,11733,0.32972684352517984,0.45805463194847107,0.979141116142273,0.34862520000024233
f9/f943d2bb.jpg,rug,0.0,0.0,0.0,0.0,11754,0.3303169964028777,0.5426313281059265,0.97918701171875,0.3478564999968512
f9/f943d2bb.jpg,area_rug,0.0,0.0,0.0,0.0,11674,0.3280687949640288,0.48940882086753845,0.9792535901069641,0.3358544000002439
fb/fbeafab7.jpg,main_object,0.0,0.0,0.0,0.0,0,0.0,,0.8938549757003784,9.897851300003822
fb/fbeafab7.jpg,hint,0.15936969465101264,0.27492472053788725,0.16010473468015085,0.9719994166545136,41629,0.6352081298828125,0.7566297054290771,0.9452414512634277,0.4619475999934366
fb/fbeafab7.jpg,carpet,0.0,0.0,0.0,0.0,0,0.0,,,0.25420909999957075
fb/fbeafab7.jpg,rug,0.0,0.0,0.0,0.0,0,0.0,,,0.24740939999901457
fb/fbeafab7.jpg,area_rug,0.0,0.0,0.0,0.0,0,0.0,,,0.2575024999969173
fd/fd8fa433.jpg,main_object,1.0,1.0,1.0,1.0,16834,0.256866455078125,,0.9820247292518616,10.022727299998223
fd/fd8fa433.jpg,hint,0.0,0.0,0.0,0.0,9365,0.1428985595703125,0.6556650400161743,0.9613106846809387,0.4631340999985696
fd/fd8fa433.jpg,carpet,0.0,0.0,0.0,0.0,13206,0.201507568359375,0.47232452034950256,0.992426872253418,0.25565240000287304
fd/fd8fa433.jpg,rug,0.0,0.0,0.0,0.0,13159,0.2007904052734375,0.38388684391975403,0.9903494715690613,0.25323690000368515
fd/fd8fa433.jpg,area_rug,0.0,0.0,0.0,0.0,13211,0.2015838623046875,0.4782849848270416,0.9932658076286316,0.2616022000001976
fd/fdcc6da8.jpg,main_object,1.0,1.0,1.0,1.0,37508,0.57232666015625,,0.9972291588783264,10.125698400006513
fd/fdcc6da8.jpg,hint,0.8843423504162637,0.9386217427219705,0.8845718329794763,0.9997067292310974,42390,0.646820068359375,0.6625199913978577,0.9765172600746155,0.465515999996569
fd/fdcc6da8.jpg,carpet,0.8843423504162637,0.9386217427219705,0.8845718329794763,0.9997067292310974,42390,0.646820068359375,0.614691436290741,0.9765043258666992,0.2564654999951017
fd/fdcc6da8.jpg,rug,0.8843423504162637,0.9386217427219705,0.8845718329794763,0.9997067292310974,42390,0.646820068359375,0.6625199913978577,0.9765172600746155,0.25372580000112066
fd/fdcc6da8.jpg,area_rug,0.8840323455218426,0.9384471000437965,0.8842408093003513,0.9997333902100886,42407,0.6470794677734375,0.6713801622390747,0.9763799905776978,0.2540590999997221
fd/fdd2c1f3.jpg,main_object,1.0,1.0,1.0,1.0,14894,0.30946642287234044,,0.9948392510414124,10.02455789999658
fd/fdd2c1f3.jpg,hint,0.3212129054520359,0.4862394306421599,0.3212129054520359,1.0,46368,0.9634308510638298,0.43363964557647705,0.989152193069458,0.5287134000027436
fd/fdd2c1f3.jpg,carpet,0.3212129054520359,0.4862394306421599,0.3212129054520359,1.0,46368,0.9634308510638298,0.4168476462364197,0.9889242053031921,0.3236042000062298
fd/fdd2c1f3.jpg,rug,0.3212129054520359,0.4862394306421599,0.3212129054520359,1.0,46368,0.9634308510638298,0.39466819167137146,0.988714337348938,0.32759210000222083
fd/fdd2c1f3.jpg,area_rug,0.3212129054520359,0.4862394306421599,0.3212129054520359,1.0,46368,0.9634308510638298,0.48852288722991943,0.9891810417175293,0.3805293999976129
